image_id,latitude,longitude,geocell_id
IMG_00001,50.38157399591512,26.06185137447767,383
IMG_00002,34.529443364291524,-114.69319415563255,591
IMG_00003,-25.080840431565264,136.64618072733504,128
IMG_00004,37.638610441311386,-10.262690826961062,457
IMG_00005,-33.96629332784958,17.305832309615596,651
IMG_00006,42.93134894990931,-94.857343621229,751
IMG_00007,-7.307925923499624,-48.93321544280116,352
IMG_00008,38.33831601709875,-103.62200002556182,345
IMG_00009,46.00026999572782,28.07856634340112,236
IMG_00010,11.917608126725725,-96.20943717781056,895
IMG_00011,3.167666320125392,-78.99678232598436,169
IMG_00012,59.06779250406333,32.93042491629848,962
IMG_00013,44.83179624832249,-124.86047692929182,639
IMG_00014,54.35822252170436,110.13632418030288,399
IMG_00015,60.48636123744734,-90.63498280356109,172
IMG_00016,-27.496989505865884,-72.77862466741387,174
IMG_00017,28.270102869511675,-113.0236970538785,391
IMG_00018,36.2334430888495,-116.60641510042672,307
IMG_00019,54.70857152603793,-124.05385454371591,470
IMG_00020,-20.88717145910573,-64.22069568212675,143
IMG_00021,58.14811046886092,18.635296398896173,915
IMG_00022,62.30332465118727,110.08194899975116,194
IMG_00023,29.619561017024267,79.17435205965899,458
IMG_00024,-18.490732832484355,32.53400396205086,900
IMG_00025,-16.638747766523863,21.497856492717887,402
IMG_00026,52.2974351837878,34.45042265799748,604
IMG_00027,14.261340267369135,9.043600241771545,156
IMG_00028,40.424649684576366,-101.16944243790522,885
IMG_00029,58.55751072385786,-117.04772387517426,937
IMG_00030,-15.04358663199126,-55.63979736884747,612
IMG_00031,49.06320683957162,-108.60407503158882,821
IMG_00032,55.81749262720558,10.714801210450103,644
IMG_00033,-40.27468210444428,-67.18529913721012,710
IMG_00034,56.07702407296986,-122.70652199101671,380
IMG_00035,51.95836908668485,35.30403221962288,185
IMG_00036,41.88236710593475,41.945644457251376,25
IMG_00037,-28.09387978703828,135.36132224659946,513
IMG_00038,49.99490458033671,-126.83328747076706,982
IMG_00039,-9.624900844585198,-42.01070916294111,603
IMG_00040,56.38993811597396,-111.1335021989696,417
IMG_00041,-20.112902989712765,135.0150009855546,161
IMG_00042,27.351640299931987,-97.27314022818676,384
IMG_00043,-6.950242986199385,-62.30158249314297,247
IMG_00044,51.81165689625297,91.04062212633494,246
IMG_00045,51.96427755148787,-99.4364501090892,239
IMG_00046,35.99083246348408,-117.904630661091,307
IMG_00047,49.93169855351289,75.54068559773168,926
IMG_00048,-8.81368226447276,-74.83554053680307,267
IMG_00049,-17.64649530141486,25.2491599178104,426
IMG_00050,-25.004173240379917,28.46987760807468,10
IMG_00051,63.06543738514847,31.42385482366879,288
IMG_00052,58.03133883616033,63.87908561385791,556
IMG_00053,48.27230838912985,82.12105563345136,656
IMG_00054,41.948478407093376,1.6971180024144132,607
IMG_00055,-16.092490395070797,145.99518530168802,606
IMG_00056,-24.54101318680881,-67.45588234015324,343
IMG_00057,61.605648970370055,27.8170977669152,992
IMG_00058,3.3465487894320347,-51.68179009614232,94
IMG_00059,59.4213283341611,12.212349225850572,779
IMG_00060,-40.47547119715783,-72.40704088516986,395
IMG_00061,-41.78925926977826,-70.49952233662371,109
IMG_00062,44.7736128110798,-2.559867835715835,164
IMG_00063,33.13756865406445,-100.0590583414956,450
IMG_00064,61.96692665506754,-4.791719083299938,884
IMG_00065,27.3764785072961,80.31812601581646,24
IMG_00066,70.68596896184567,66.8469136861342,965
IMG_00067,-30.86145784581973,-59.14874248661491,810
IMG_00068,-28.62669848714025,29.37897845535537,144
IMG_00069,-13.34321269820515,-42.9619089757621,702
IMG_00070,49.47616823369901,24.52244025694739,383
IMG_00071,64.29267631168193,31.03285213642505,288
IMG_00072,52.41199773251657,7.747242858209177,145
IMG_00073,-32.12384385366954,-66.62143513538672,67
IMG_00074,7.626935444937459,39.755654182325486,192
IMG_00075,1.376965536541178,-62.33429016234214,111
IMG_00076,-9.345545354284496,-55.77324686023512,975
IMG_00077,44.080034651744455,14.972771725952043,101
IMG_00078,-14.416940492802468,-74.13789742519535,289
IMG_00079,48.50384441462967,-104.64974044915552,302
IMG_00080,34.41351614571495,-101.21893316421937,450
IMG_00081,66.67067979021772,71.7614627614274,584
IMG_00082,64.80562986946939,31.488181922584005,75
IMG_00083,55.71447840940508,29.562643293455835,451
IMG_00084,42.499305425668126,44.46806914911093,180
IMG_00085,-25.29016089411388,-51.21450521246152,984
IMG_00086,3.55235276779041,-4.388665682256232,444
IMG_00087,51.29329392724193,-122.4917037902815,783
IMG_00088,50.81867924720052,-86.59949181791983,147
IMG_00089,-31.82234186472712,113.49930285600738,442
IMG_00090,57.45323969464562,10.5615141106029,659
IMG_00091,54.81636617172438,70.08471668196307,465
IMG_00092,56.35888381811543,-97.4317540480069,491
IMG_00093,55.23061048561442,-7.69358984592327,248
IMG_00094,29.61006605101656,90.34564688246309,87
IMG_00095,38.38121360484234,-114.80116737100911,796
IMG_00096,65.68358519527322,12.188870514061875,396
IMG_00097,-17.764240922435278,119.4168408827564,793
IMG_00098,-3.326459377724433,-63.16330115347026,455
IMG_00099,-20.827765975069937,24.87606289859579,219
IMG_00100,-44.17483634309804,-65.80083326621448,269
IMG_00101,38.49485957375288,-113.4791421067087,796
IMG_00102,46.43476894000207,12.534589205369372,674
IMG_00103,-35.10764905799059,147.98489160270674,546
IMG_00104,26.98064383914587,65.14721319070708,70
IMG_00105,45.2407103746578,74.810266894839,974
IMG_00106,-24.851043523429155,139.8074128015165,128
IMG_00107,49.1117768845387,102.52668594944942,85
IMG_00108,37.71252109296398,-3.595444151688099,366
IMG_00109,28.70553357444029,-108.11751756038647,407
IMG_00110,50.8711258123638,39.21282851528903,105
IMG_00111,52.90748196017958,112.21814358684573,254
IMG_00112,5.053517901090146,40.80824899984162,519
IMG_00113,56.99090033800263,33.293652333498926,962
IMG_00114,50.55970324512776,-120.907140784081,783
IMG_00115,42.9966423194235,78.25769179576582,909
IMG_00116,50.5755011459629,-109.60596444507088,641
IMG_00117,54.63198806703508,-99.03530040319713,239
IMG_00118,45.18060582857757,44.644752497001406,707
IMG_00119,48.65145492164277,18.8102282468937,605
IMG_00120,-16.87049525008534,-40.5228246265628,432
IMG_00121,-12.531474770633764,26.576871418956443,63
IMG_00122,-16.466753212719837,-41.7662122973517,66
IMG_00123,51.566033369436354,-106.42761271356876,847
IMG_00124,43.56611767045479,-98.35352116533006,175
IMG_00125,61.18149991521756,6.048740603940672,505
IMG_00126,46.11196936289832,21.451446951499943,120
IMG_00127,45.27585761282393,22.104523585930338,120
IMG_00128,41.22570172468167,33.06106758778685,308
IMG_00129,58.74140646214568,32.0085635967435,962
IMG_00130,59.41208063793735,38.349809717218136,734
IMG_00131,-22.026648194579224,25.80452751820107,886
IMG_00132,44.970064933676895,-2.113478016045292,164
IMG_00133,3.244126581513939,101.3164833035247,216
IMG_00134,39.815698552676906,-116.24379252658817,854
IMG_00135,45.8458176635404,44.52601580315661,707
IMG_00136,44.42969519936776,43.40597442538626,418
IMG_00137,-16.71083621274485,-71.37313217122002,924
IMG_00138,10.671414194988245,41.42861047720498,420
IMG_00139,45.16249174200314,-112.50651813177268,198
IMG_00140,-17.910441692467685,142.75007017941817,39
IMG_00141,39.67682318091468,-95.328238774701,635
IMG_00142,52.86975776433917,11.26538394056027,644
IMG_00143,-28.440722096890205,-53.64321557074766,602
IMG_00144,-7.107025058643785,-74.62125638684377,267
IMG_00145,38.70856936572545,39.65235606015821,717
IMG_00146,-15.609028320605432,24.7750448012751,647
IMG_00147,45.27093152963147,-99.06322404574786,666
IMG_00148,52.160308813865015,-105.79077497902284,847
IMG_00149,44.58746220731743,46.096688251240806,707
IMG_00150,-22.237429095194315,164.67633436934466,537
IMG_00151,48.80096655256944,-97.74859883953644,693
IMG_00152,60.74223075299653,13.302939854508054,121
IMG_00153,-21.912835347179996,28.88932936829121,712
IMG_00154,44.22579196546758,42.309465819353534,418
IMG_00155,-8.953244751634116,-71.29208703735806,459
IMG_00156,54.972193204424,68.73343299010236,465
IMG_00157,57.913312673619885,82.45129735796985,203
IMG_00158,58.17179224870074,7.974199977586522,379
IMG_00159,62.60800997359155,5.935411912512251,791
IMG_00160,51.88004487180632,7.922696268578818,145
IMG_00161,54.34295426608526,79.6335374105285,140
IMG_00162,-17.528749311851044,-69.29049949801993,358
IMG_00163,56.25357549530349,24.681569599154784,646
IMG_00164,41.71084598677732,-120.49672615597969,447
IMG_00165,-52.89106642397845,157.11559959043296,133
IMG_00166,47.0277878381697,102.16777519966156,931
IMG_00167,-2.285367826382497,-37.63615220433576,719
IMG_00168,-24.004386249163304,-72.76151496971144,801
IMG_00169,62.83288703481432,31.396223807339425,288
IMG_00170,-38.21266755182314,-54.86147672393517,987
IMG_00171,64.19123398921843,-115.37792324594982,561
IMG_00172,-2.154459528976645,-39.22431379869292,719
IMG_00173,36.12590068273849,12.954985431362928,920
IMG_00174,55.321963542352,26.49687666455532,451
IMG_00175,-37.03945188902517,-59.05536148557643,527
IMG_00176,-10.873708788747775,26.50350821292841,63
IMG_00177,33.72429208367694,70.41261454073782,305
IMG_00178,41.15471197892836,-92.67643480790974,188
IMG_00179,34.06155356446803,-88.57093439243044,139
IMG_00180,45.14432571158383,112.83143468693709,938
IMG_00181,47.47402660949052,6.745745721081192,381
IMG_00182,-9.8295837771918,160.2020852281231,795
IMG_00183,49.95021812025618,-103.0892752867535,663
IMG_00184,48.40987774293109,-99.67628384780328,281
IMG_00185,-6.2349349042613085,26.369251059968235,398
IMG_00186,52.32408377060233,14.432346570083268,278
IMG_00187,4.991546388385515,116.31318883715056,311
IMG_00188,30.92009549448875,-98.14518596330636,893
IMG_00189,-15.645391783825277,6.138447460367445,321
IMG_00190,-3.2083373797302386,-58.03646840222376,840
IMG_00191,47.74442922919789,70.10080018257347,336
IMG_00192,62.56441372472639,68.45682265914465,723
IMG_00193,-24.43717035664676,115.7437730257725,245
IMG_00194,68.77405058163632,70.29473588252785,141
IMG_00195,53.19150514200956,-119.57326855259424,40
IMG_00196,-2.713067131328245,-40.04592881799039,719
IMG_00197,49.05529545627161,90.73446197916246,740
IMG_00198,54.52751050575094,-132.5397846992812,582
IMG_00199,15.962810905861671,-12.952706326087792,331
IMG_00200,39.48463465878308,-96.77222550972486,635
IMG_00201,-18.487436349075693,157.258941149122,415
IMG_00202,52.78284872114685,-109.80612923566132,847
IMG_00203,67.25494723078432,-10.034598195659214,365
IMG_00204,32.47400109138995,-94.0919900243678,127
IMG_00205,-6.896723627183178,34.898413225196634,387
IMG_00206,-25.11335533696311,-62.730080492157455,620
IMG_00207,35.75549110183577,29.66034283768937,892
IMG_00208,-11.29459480144709,104.90525191637198,346
IMG_00209,-8.522313751575538,-62.36027196749218,247
IMG_00210,35.92913195271166,-99.0314450563424,450
IMG_00211,41.668874463025645,23.65974000429884,342
IMG_00212,39.49689337407838,45.41401231894753,703
IMG_00213,5.008856584833964,49.77391443921891,845
IMG_00214,32.867133224096506,-105.86191802837097,613
IMG_00215,35.77822021177535,-5.130127529168362,366
IMG_00216,-32.81778075707382,-68.57576553204139,577
IMG_00217,56.78816860814632,31.33348476251294,962
IMG_00218,47.95091479653243,110.32160650313892,711
IMG_00219,64.56298111617622,38.0817373467857,463
IMG_00220,58.59890484041105,-119.76110657727064,827
IMG_00221,-34.045563302343254,15.523555602887512,651
IMG_00222,26.559698629848384,97.51734401389274,181
IMG_00223,51.85916521568655,31.283669867613952,13
IMG_00224,53.18630261062509,92.02525696527653,246
IMG_00225,35.84658157002015,30.844641006012523,230
IMG_00226,68.56102914563857,26.17090248385469,680
IMG_00227,58.240296717170594,12.12837055276742,779
IMG_00228,33.0089864797653,76.78099175326258,112
IMG_00229,65.12409588671625,20.9446773803802,807
IMG_00230,46.06465683872909,78.71382110386185,299
IMG_00231,29.27174825870074,82.42535716002453,458
IMG_00232,-33.912659548819974,118.57219827795608,890
IMG_00233,-12.435576282173386,129.160116146586,788
IMG_00234,-2.377025355833979,-46.67499784840453,743
IMG_00235,51.68454748350047,6.385992165002392,145
IMG_00236,36.09370411123327,38.54794220020207,889
IMG_00237,61.17201504113888,44.41782270699662,677
IMG_00238,34.054166575963734,66.18523358996003,799
IMG_00239,-43.91322030700572,-58.99520817479166,481
IMG_00240,40.8675267074297,3.11678479299988,953
IMG_00241,62.10668987247851,76.30734993257806,589
IMG_00242,34.221813990214144,-114.54095024193823,591
IMG_00243,-20.085814952463352,138.222894871738,709
IMG_00244,38.24946941722851,-104.24694145393188,345
IMG_00245,9.870725483645272,28.23211876900996,594
IMG_00246,-4.181182651533518,-43.036454109720864,277
IMG_00247,-32.60397370623138,147.69357294133152,540
IMG_00248,51.29105088949632,95.81978625227448,593
IMG_00249,50.478403771309786,8.485454544739866,145
IMG_00250,3.1717692033160603,7.740092848585277,995
IMG_00251,60.630590670167976,107.0358726134798,977
IMG_00252,28.080182735346625,-84.9008934339397,234
IMG_00253,-27.79162380245981,143.2726218680371,643
IMG_00254,30.697823805613496,67.26228787289631,485
IMG_00255,58.0560583926179,-115.42048555507064,151
IMG_00256,-6.862576332404927,-78.0250170382535,525
IMG_00257,-16.65960507546322,-47.53113412746456,790
IMG_00258,70.03648637476971,20.516046605254303,297
IMG_00259,33.32209255728125,-97.42491740270356,327
IMG_00260,69.33316180183851,15.566486915339908,297
IMG_00261,-26.87774394474723,130.76417212869785,816
IMG_00262,-29.709897590250375,-61.40963289190909,683
IMG_00263,-21.047919285433807,-59.59673270658922,46
IMG_00264,-37.65972444830566,-58.29050949683135,527
IMG_00265,-17.390358587444553,-68.15948916161005,358
IMG_00266,-34.3114019664816,153.2200226332792,691
IMG_00267,-14.349989797296558,-67.23938287624762,841
IMG_00268,44.23026668810468,101.78939000836738,678
IMG_00269,-20.88234459568392,132.81510176223014,161
IMG_00270,33.79918808857244,-101.8880445893168,137
IMG_00271,6.800612771755851,69.27313245772854,704
IMG_00272,-25.50402751224223,-64.77210437067808,620
IMG_00273,9.435550929283622,46.18976383707982,433
IMG_00274,-9.429345675334275,14.691749893704497,780
IMG_00275,10.741303052753352,23.580890951103896,71
IMG_00276,3.057150123934264,-51.77238191519237,94
IMG_00277,-3.518026888761881,-81.75159252926616,684
IMG_00278,51.15266909199028,-116.12726936120076,650
IMG_00279,69.34720977649968,95.9830293254696,189
IMG_00280,61.005771358114686,10.738338706864424,121
IMG_00281,-36.12179305665714,120.26742015320384,949
IMG_00282,-26.19654056333028,-67.66469190379973,114
IMG_00283,39.67106503576685,-96.82968948165151,635
IMG_00284,62.689478601712665,21.66074274231994,364
IMG_00285,60.79245557564346,14.604601484941613,121
IMG_00286,52.34709481674531,65.3708798638176,564
IMG_00287,39.9971522883358,22.5906829651812,436
IMG_00288,-29.915018190941566,17.861824602512883,732
IMG_00289,64.85440343013408,23.954317586336003,503
IMG_00290,35.113040175263905,-118.31219565329096,307
IMG_00291,-29.95727007258137,153.51745639987308,523
IMG_00292,-27.21390433391332,-72.62440959132688,174
IMG_00293,-11.440242949061911,4.82254876307718,532
IMG_00294,-23.009344203011608,-43.51163008217614,284
IMG_00295,56.28489724654054,14.035277948225684,60
IMG_00296,67.59213862842972,-132.72042469795713,406
IMG_00297,27.646317527731,-100.11033376857011,980
IMG_00298,-20.364147510293463,19.51990320034108,538
IMG_00299,44.40827566856572,12.989906806376863,101
IMG_00300,57.56886378566165,26.56944858589182,368
IMG_00301,54.65033434224645,87.47765628817422,859
IMG_00302,-42.67817424685085,-70.33042825125487,109
IMG_00303,44.83168471675117,-88.0931424210751,501
IMG_00304,38.30297141072271,-86.67875198117636,932
IMG_00305,-20.131605626686493,25.76753136235962,219
IMG_00306,10.201101432575769,41.17141223235103,420
IMG_00307,-3.587508865523006,-63.6787217141831,455
IMG_00308,4.402537901780391,8.419719217653267,995
IMG_00309,-2.746242459447785,-58.69166627143963,840
IMG_00310,42.03895278071965,-116.4785495202972,854
IMG_00311,53.3072993032722,92.24838856848498,246
IMG_00312,37.37113280081618,45.655278459358925,329
IMG_00313,48.46412644775097,104.58593550764078,85
IMG_00314,12.46375172857509,24.76281670146139,948
IMG_00315,54.89927333002257,-129.62205113728524,224
IMG_00316,50.09313205790116,8.331950423916908,145
IMG_00317,-4.576118719463153,-36.39127486993024,344
IMG_00318,61.165474387950695,-7.317802654382348,884
IMG_00319,-23.588053844248336,146.63032165138014,507
IMG_00320,-9.263547954784372,-67.9289088020849,148
IMG_00321,51.756806700066335,86.746770050353,425
IMG_00322,-0.5326848032461271,-95.24769770834288,787
IMG_00323,-12.454500870776144,26.065685797432025,63
IMG_00324,-24.923342302279337,-53.10326404561605,233
IMG_00325,-34.35039898633061,-56.559881222533775,9
IMG_00326,-16.997254005235433,-56.76315986031487,476
IMG_00327,31.51049460529484,75.91995489531021,511
IMG_00328,49.63142335334794,17.248614352973703,623
IMG_00329,27.25366142869518,-116.03474596159448,353
IMG_00330,36.34717047734068,64.37510152475207,799
IMG_00331,54.28061854965952,11.134606315914937,644
IMG_00332,53.751483914043405,31.50226476063949,960
IMG_00333,27.891549147026097,-95.8686766204124,529
IMG_00334,41.12483310125296,-2.529994819533897,142
IMG_00335,52.58133003921705,110.10756744373036,254
IMG_00336,67.78118925604048,-122.6897728873699,735
IMG_00337,54.627136433006,-98.63563870755574,491
IMG_00338,-25.22598181809852,-43.466954635716206,721
IMG_00339,58.39285237753421,14.446861096262154,779
IMG_00340,60.19914547990368,68.16481894028473,290
IMG_00341,-3.4433260685831613,-74.2866433889503,676
IMG_00342,-23.808428740731657,-53.19821606513733,813
IMG_00343,-35.315074246566844,148.7362255936659,546
IMG_00344,-25.94884437873651,28.75588805455945,235
IMG_00345,41.40866270243493,-93.04456413306062,188
IMG_00346,41.11308462723338,13.69960134470668,955
IMG_00347,-17.46790186292317,26.221874580043878,426
IMG_00348,68.33259466691098,31.567999219653306,933
IMG_00349,-30.38254093265625,154.87480193357288,523
IMG_00350,36.17884020217933,-102.191568192321,632
IMG_00351,-38.57867837044308,113.92008342272698,668
IMG_00352,47.24996318780365,78.95208693587739,656
IMG_00353,57.86385156645986,32.09421244536017,962
IMG_00354,61.85446109749094,-130.9849828709138,231
IMG_00355,62.77565512519723,27.075409927078766,992
IMG_00356,-20.24629269124661,141.23752721508566,709
IMG_00357,52.06289636622671,-116.29404798902316,40
IMG_00358,2.324449186901049,136.86615352442357,55
IMG_00359,45.91982831365357,1.6093661980785043,76
IMG_00360,40.74091742397357,17.814647527201743,208
IMG_00361,46.25960914343719,40.40736153245732,700
IMG_00362,62.21206769664181,46.689242261743146,677
IMG_00363,-27.881348532460123,-43.82141532780514,294
IMG_00364,35.38964623815767,-94.51160106831992,12
IMG_00365,-31.99450073248808,141.57852919593597,690
IMG_00366,55.49638373805465,74.26476338245533,569
IMG_00367,42.26072386818839,-94.71819814727915,751
IMG_00368,29.279469866340847,-118.86924014594372,976
IMG_00369,-5.926663466921241,-42.81623312670041,22
IMG_00370,56.69461242491343,-89.57970856196752,361
IMG_00371,55.14270598231548,-7.545463265525143,248
IMG_00372,64.44862326914199,67.15574296777086,48
IMG_00373,35.481167812394986,-103.83694253851355,632
IMG_00374,-20.538508781028625,24.855176597812655,219
IMG_00375,-37.48043358602875,-71.88131659046786,682
IMG_00376,0.2323752204606251,-50.34092509315931,283
IMG_00377,-7.673281442479066,-62.174608634421816,247
IMG_00378,63.73835470728426,4.993805507021989,791
IMG_00379,50.41955698943542,35.73873354078728,185
IMG_00380,26.63447310582839,-114.5136197506086,353
IMG_00381,-0.3252311285901328,-77.61301843855416,741
IMG_00382,-4.479966628325911,-76.95805565875514,888
IMG_00383,43.834672901548174,0.3484408320806835,362
IMG_00384,-18.383904833955043,140.59704366381482,709
IMG_00385,68.06009371423329,15.053828394949448,622
IMG_00386,51.71436819490185,-103.83738813942908,82
IMG_00387,-22.247516943580337,-45.53628196954196,284
IMG_00388,-32.10204299173688,142.2835635181508,690
IMG_00389,54.407014352617466,12.21370194888965,644
IMG_00390,7.382277253495516,48.15403889888239,433
IMG_00391,58.53017909950705,13.67015683780994,779
IMG_00392,56.67775516856637,39.221497025677536,412
IMG_00393,27.9705226314004,73.81337332988,879
IMG_00394,64.44261787164737,78.76374467601295,839
IMG_00395,-41.07372538290849,141.75619684043596,535
IMG_00396,-9.650397097007186,113.58985039935362,521
IMG_00397,30.67571560463638,75.9120606674964,511
IMG_00398,-34.60337395064095,-59.524907419700725,667
IMG_00399,-29.966626823219656,146.7233314425298,244
IMG_00400,-9.982877629442385,-36.19616751259216,927
IMG_00401,-26.76904731646537,-60.29467183550493,222
IMG_00402,55.94848598407788,32.286317290680785,960
IMG_00403,47.55539530025288,-113.4781986305414,227
IMG_00404,-24.341593359508774,22.82716553005241,951
IMG_00405,64.40738748384203,19.33478925003277,21
IMG_00406,44.41850841084414,26.60505034129625,236
IMG_00407,62.51064265435079,113.7031656450054,194
IMG_00408,54.16920763272918,11.396105081606294,644
IMG_00409,48.39675768515855,-108.58120353521504,821
IMG_00410,-15.645768451231362,130.01302219684885,304
IMG_00411,47.65757549513725,-105.68214029279338,3
IMG_00412,6.663640337243123,130.8895820492295,55
IMG_00413,64.55442654121072,11.13354891507808,396
IMG_00414,57.887607394190354,30.483218332403368,962
IMG_00415,46.91316866867501,29.59370769498102,692
IMG_00416,-9.921576883255,-68.81269037668457,148
IMG_00417,-3.484733521793814,-37.44000323619173,719
IMG_00418,-22.7801321295224,-47.08680033920831,119
IMG_00419,-16.562826277773638,-53.756736280851726,221
IMG_00420,65.14192391066311,76.19788521943173,839
IMG_00421,-3.627244353903564,-73.95305936097992,676
IMG_00422,46.17456150394713,7.785484575486521,381
IMG_00423,49.15731945903895,-98.44492623167524,693
IMG_00424,47.12076686213442,-102.709550277116,526
IMG_00425,-24.048249445229036,25.81621737903941,371
IMG_00426,41.75625663153539,68.56355512918864,80
IMG_00427,-24.166622997456187,148.0017304726664,549
IMG_00428,38.80224673739082,-117.38241165062593,96
IMG_00429,-34.461405234875855,146.33049458820142,857
IMG_00430,-12.647183194554543,15.298813835852172,780
IMG_00431,41.74703533144952,-86.35588502862879,968
IMG_00432,-9.34829220076668,142.60900773108244,193
IMG_00433,7.826113318592888,2.58598893705576,555
IMG_00434,44.20860715250467,-90.79720620000842,501
IMG_00435,43.89677321897403,93.36079223037656,37
IMG_00436,49.0500014380749,-111.48908342270876,821
IMG_00437,-2.5865946357833,-45.1824855930318,277
IMG_00438,-20.65081844322637,-45.73820181366287,777
IMG_00439,65.54610837810526,-129.11168015152606,50
IMG_00440,-26.762064071039035,25.64495161733842,62
IMG_00441,6.359243604555189,33.503380223555325,484
IMG_00442,31.365425655287392,-89.51810802512367,637
IMG_00443,36.527480688740525,-91.69322480755956,911
IMG_00444,-29.328869497695194,122.71100097906896,385
IMG_00445,1.4256253503212974,-79.11255448214489,169
IMG_00446,43.5019040536107,38.60118888511687,925
IMG_00447,-26.585859500772884,28.90480371326421,235
IMG_00448,53.03224734319463,33.35902003284983,604
IMG_00449,-16.795935365793625,-73.18470552233292,924
IMG_00450,10.098938026881598,-1.3713063909932828,295
IMG_00451,-37.66461359636095,142.98034923353453,972
IMG_00452,-25.36248521276005,-62.909148694771886,620
IMG_00453,-1.7096721658799936,7.91332649176644,317
IMG_00454,34.810075023508674,78.49213916061495,730
IMG_00455,-11.205390831240464,-52.02658115574224,891
IMG_00456,52.27426174976836,17.421087356652237,278
IMG_00457,41.778969536399245,69.10283403654753,80
IMG_00458,10.36460481726138,38.93376116424548,880
IMG_00459,39.03715335808127,-122.4535387638428,970
IMG_00460,11.46853945933509,6.756268621794504,427
IMG_00461,40.20270760347765,-119.96363057068908,854
IMG_00462,32.83393192328677,-109.99195018715088,225
IMG_00463,-17.67451197684086,-68.71505379161431,358
IMG_00464,-37.96787883985503,-63.68974989848414,772
IMG_00465,56.21597178739651,22.226942918504733,646
IMG_00466,47.11126478566359,27.767254470767,692
IMG_00467,51.67139845541135,89.29539176330366,246
IMG_00468,-3.578854888195309,29.256113082861987,398
IMG_00469,-12.290889432354902,24.746064245896832,647
IMG_00470,38.25508135912597,12.549483197246955,5
IMG_00471,53.89930267561104,7.11567137579911,363
IMG_00472,-10.86616095115258,-38.54660449460317,177
IMG_00473,45.18396347580193,-88.78008808126745,501
IMG_00474,44.04998582852568,96.91378896880131,287
IMG_00475,67.60753539619881,21.442106965806573,736
IMG_00476,59.44581387298365,-8.173849010910601,642
IMG_00477,48.933914145760696,72.33634963648987,264
IMG_00478,32.72350607427033,76.898398845148,112
IMG_00479,-21.27449917518545,22.86039337784763,621
IMG_00480,28.91677079312996,-105.55343129680004,725
IMG_00481,54.30558673451321,-1.5209938167785424,861
IMG_00482,66.43259480516343,43.40992705346804,671
IMG_00483,45.16633362546031,-116.0469244918642,609
IMG_00484,61.56384191872888,16.777588495545785,571
IMG_00485,47.67532804168189,-120.09260972773276,242
IMG_00486,45.0652221061961,43.68312242320417,418
IMG_00487,67.1909151861158,27.98404646933733,680
IMG_00488,-29.88134945897768,-63.467719953564256,881
IMG_00489,57.6756011448241,26.93124610648431,368
IMG_00490,-4.227060099216942,-48.65362986892328,743
IMG_00491,43.57914177710089,80.15857909895078,299
IMG_00492,-18.6505129633197,43.66806013264221,326
IMG_00493,-21.577160154145915,152.06158688411472,415
IMG_00494,-25.11427144584408,-52.88905765851116,233
IMG_00495,42.24423233183086,79.864731294477,909
IMG_00496,65.86870719432937,-121.26644369498028,820
IMG_00497,-31.4990423893282,130.13298345925858,756
IMG_00498,39.74941073289179,38.72037620587992,717
IMG_00499,-37.59522949781403,-61.760212976409406,303
IMG_00500,56.30428688000123,-129.55214620017088,582
IMG_00501,43.123920539729625,40.41259812576308,25
IMG_00502,42.19593630273215,-88.36316437048026,852
IMG_00503,-3.643555751983456,-58.04487546691688,840
IMG_00504,26.876972197303445,95.9426375738609,181
IMG_00505,58.21768719242277,-97.18276815268054,491
IMG_00506,58.04134190498243,-2.508495988603954,403
IMG_00507,-4.326990764486737,-49.959194138173245,737
IMG_00508,30.042210944245483,-109.04268408252598,407
IMG_00509,-3.936662112862536,-72.94405273538887,676
IMG_00510,-29.65600153261957,31.948885513464063,467
IMG_00511,49.40595548537044,-8.851539995119737,437
IMG_00512,-33.39822827079463,-70.67082073122644,979
IMG_00513,-23.53700765315685,-49.40987928647007,984
IMG_00514,49.97795686535756,-110.41049170854404,641
IMG_00515,36.0272610791387,41.28919199482999,217
IMG_00516,44.55379865180237,4.371766634525557,757
IMG_00517,39.825950661292325,-1.0874542767530784,727
IMG_00518,51.12247412687836,7.292063705180112,145
IMG_00519,-17.208439806965046,-55.15951284088683,476
IMG_00520,61.31918176315662,112.53886715187888,194
IMG_00521,-27.59425523565247,147.8664486875357,572
IMG_00522,-10.50409709184703,-63.92960480816596,853
IMG_00523,52.313074118612604,103.81168982195707,930
IMG_00524,-21.699900640259784,29.231360072530748,712
IMG_00525,63.062067877338364,19.7849874589196,21
IMG_00526,62.21903857655329,12.987241693117454,597
IMG_00527,62.25777720103741,6.333032573202843,791
IMG_00528,15.73293236102623,0.8071256884787203,483
IMG_00529,30.915965785044197,-88.27832609876324,54
IMG_00530,0.4610464375866314,9.238349654485944,687
IMG_00531,63.953074365669806,-118.94560861926206,820
IMG_00532,-16.14522660998672,124.86484391736384,253
IMG_00533,26.537442586576503,83.77842705296092,798
IMG_00534,-14.280284768200572,-39.1932626060738,588
IMG_00535,-30.01670881974394,-60.197181054050986,810
IMG_00536,-20.2479103469788,146.32370722927396,159
IMG_00537,-27.383343503153213,27.22660475152088,587
IMG_00538,-29.6964944238448,-72.98201371161649,462
IMG_00539,-27.75723956278676,28.20834301505764,587
IMG_00540,-9.593878865102935,-68.49824697286407,148
IMG_00541,57.64637074984918,13.395367586915285,659
IMG_00542,54.87223611779558,-7.18209077033336,248
IMG_00543,-8.307713115078343,-75.27507321634329,267
IMG_00544,67.20806275723982,-120.2926574100893,471
IMG_00545,43.145035459194304,-121.77465708907516,447
IMG_00546,0.2909129119757949,126.16109579449426,611
IMG_00547,60.24311106812533,30.09231274862293,57
IMG_00548,1.6796312714335784,-74.827939977038,624
IMG_00549,12.558235291114372,43.98490063128932,862
IMG_00550,61.15772348654264,31.17768023780621,57
IMG_00551,22.20441950728784,81.5262611116583,394
IMG_00552,43.82495909151294,-102.74570885899412,430
IMG_00553,43.52617061262194,-117.8254583743722,447
IMG_00554,49.77876804846164,-5.975147264622393,498
IMG_00555,-22.5690590872899,-42.93163664694998,284
IMG_00556,-7.644013170973764,-76.8184866118728,267
IMG_00557,61.48102125228377,29.786139782021536,992
IMG_00558,-22.918257980836074,-42.185556163754825,298
IMG_00559,43.37531092462555,3.374506656611146,757
IMG_00560,55.61132794569141,93.69967224530802,187
IMG_00561,-38.73275604933998,-63.29812455701647,103
IMG_00562,-4.745038822648027,-8.850247964008048,595
IMG_00563,-30.30758882095756,32.936080002441855,467
IMG_00564,-3.1249619580935644,26.901085587206865,904
IMG_00565,-11.246996471326696,27.088531305579156,63
IMG_00566,51.7397257579666,-6.3128920008007015,498
IMG_00567,48.657667546100186,14.5346058248158,201
IMG_00568,60.51157421890167,32.42200168024135,57
IMG_00569,47.3512462494478,74.32402918420587,14
IMG_00570,-27.26954101770268,-62.465355661331984,683
IMG_00571,50.288014575889406,-2.669942385535819,215
IMG_00572,56.90470521889554,38.26646736218055,279
IMG_00573,-27.23556868870228,-73.43962080890543,174
IMG_00574,43.71390926636619,44.941514054479,180
IMG_00575,54.86114321349624,89.17705675049228,859
IMG_00576,40.429692889516616,-99.48465255534217,917
IMG_00577,-17.87251232076966,-159.19395024853262,776
IMG_00578,50.93296449736312,102.7424823699978,930
IMG_00579,39.4047982720308,-11.663851134315138,337
IMG_00580,26.508900619477373,-97.21723255195764,384
IMG_00581,12.019058192955114,45.50287300662927,862
IMG_00582,-34.844036745911794,155.86195885977418,691
IMG_00583,-36.42749293553232,122.26495046154844,949
IMG_00584,-24.20349162612392,134.7816522511705,271
IMG_00585,46.31982438512898,44.08505918183417,750
IMG_00586,52.038558763129856,30.72118668080577,13
IMG_00587,58.59970403765905,91.51960785913496,20
IMG_00588,-20.20132329541957,-52.77566949801401,575
IMG_00589,53.55292643667576,98.48283282978817,914
IMG_00590,-19.95741977554937,-59.48439719894094,46
IMG_00591,52.18920075954142,-9.73348697957016,912
IMG_00592,-34.95888972890883,-70.13127369379671,23
IMG_00593,52.08935091020607,-6.248644999718522,720
IMG_00594,-34.99043974610433,-53.26586469301756,392
IMG_00595,-38.17385432047947,-51.45104686904642,987
IMG_00596,44.51355140582638,41.41060249441355,418
IMG_00597,55.11908531664238,-103.2791244144116,583
IMG_00598,8.990672622605317,39.112750114923045,192
IMG_00599,-30.949209832594704,27.06949348966577,524
IMG_00600,-18.568728108723235,24.671985131167617,426
IMG_00601,-18.980810773197533,27.35620871952659,122
IMG_00602,-23.076788541524,28.295245767073,712
IMG_00603,-10.600542183612705,133.20599330596878,26
IMG_00604,-18.86113017900752,-64.17508574130318,143
IMG_00605,-19.812769560099767,-56.190716010552336,46
IMG_00606,51.3798972880825,-133.22111019181705,551
IMG_00607,5.392180602975799,104.92212238207544,216
IMG_00608,-23.281892484990703,-128.6342721754326,88
IMG_00609,53.02073124782294,112.64891079604833,254
IMG_00610,29.59489551799301,98.03798236136991,181
IMG_00611,-8.289362069618221,-41.0981887459588,603
IMG_00612,65.32874488860705,18.209250995121494,807
IMG_00613,-11.746293158911982,120.95667682723388,835
IMG_00614,46.20046041261165,45.963124728794384,707
IMG_00615,36.46639961832224,-85.65627134799621,898
IMG_00616,62.340521544418266,7.576049307059236,791
IMG_00617,-23.720786536237284,-68.80537035266194,801
IMG_00618,52.1744619129621,-90.52882183771348,645
IMG_00619,55.33256330156422,33.741780176670204,131
IMG_00620,7.596334812678663,-83.11791272313778,190
IMG_00621,49.52819965071399,111.29684209380542,158
IMG_00622,-30.855267549708287,-71.47190978588172,462
IMG_00623,-22.963828832365703,-64.44548119612236,910
IMG_00624,-27.78182435888925,-65.67395723799454,114
IMG_00625,61.08399376380885,10.48880303782036,121
IMG_00626,3.3852634261366887,0.365629164354516,15
IMG_00627,46.80963149455212,90.84375278666027,449
IMG_00628,9.758659366086704,-15.379768675250888,335
IMG_00629,-30.202750132810124,149.94048804922204,990
IMG_00630,45.99505965249159,22.074640962570527,120
IMG_00631,31.717996907120565,53.48570037186846,249
IMG_00632,-11.720446951626826,-50.863676535448576,891
IMG_00633,44.4886439000785,39.95694916342572,925
IMG_00634,56.1568831986728,39.94976083667103,412
IMG_00635,-2.45017643830694,-48.72779827505849,168
IMG_00636,41.93111931755254,34.90263430884718,152
IMG_00637,-8.889051575862624,-71.30107356189656,459
IMG_00638,54.42554394122692,19.58054712753099,445
IMG_00639,-20.95972991958473,-46.157847490153614,777
IMG_00640,61.46353108104728,4.543052860581156,505
IMG_00641,65.47978731381892,11.50900985784034,396
IMG_00642,39.25031034828555,-107.2242213834848,722
IMG_00643,47.49906069944674,2.8157060543330203,334
IMG_00644,56.90146558729958,101.72855942684816,716
IMG_00645,-35.44854936403953,-62.55424432726454,439
IMG_00646,1.3185566724421278,-73.5865703144108,624
IMG_00647,36.638096997476055,25.54365004943961,369
IMG_00648,55.64325606441679,37.539651539181904,279
IMG_00649,38.92418298268768,21.312607900390645,655
IMG_00650,8.825443004087845,49.83627039205908,845
IMG_00651,39.26140457006073,-105.1303332170055,115
IMG_00652,64.76018579997032,40.79550502814328,463
IMG_00653,57.25177430664078,83.63791283456777,203
IMG_00654,65.1529579358048,77.08373584540749,839
IMG_00655,46.161501303503286,94.06221677696784,37
IMG_00656,-28.140220324723074,25.72999706509094,62
IMG_00657,-25.365037940494545,-47.90941396397713,356
IMG_00658,36.671586269086816,38.10983337878943,889
IMG_00659,35.448722490604226,93.96318355374284,785
IMG_00660,-1.6563785795894432,-53.41228569726826,760
IMG_00661,52.57517090288354,22.873218574337272,875
IMG_00662,-10.606355839560592,154.33438367562496,86
IMG_00663,4.1825146332814285,30.920345259682904,560
IMG_00664,59.61820654673585,5.050260379258475,379
IMG_00665,70.53548517462423,-113.16825367265528,662
IMG_00666,68.06178635432309,26.765525447742533,680
IMG_00667,50.247053254237386,68.64299630643143,336
IMG_00668,-24.22223542995709,28.379254374005,10
IMG_00669,56.25657462958216,26.93801186149801,451
IMG_00670,-33.243516607331784,136.78389382941964,773
IMG_00671,60.39259309825212,77.19767963269447,589
IMG_00672,45.95353859113828,75.31160042972152,974
IMG_00673,57.57708986969325,114.18940238741747,399
IMG_00674,-25.062078409071702,32.191130326217774,941
IMG_00675,-17.539147240479622,-39.086485341351306,432
IMG_00676,-23.20519731317171,26.56726212600404,886
IMG_00677,29.589514832698413,-93.72445106564632,89
IMG_00678,56.6830562841719,88.79056099174727,373
IMG_00679,61.20390356907228,-126.0396754536642,600
IMG_00680,10.881439341343963,4.690633504453075,49
IMG_00681,-32.20284921797284,-68.9691989856847,577
IMG_00682,-21.16267686563701,-51.90341868782738,599
IMG_00683,37.397234075260826,3.154204308255913,213
IMG_00684,-24.639142745355,120.5959550483106,752
IMG_00685,57.88532314390079,-9.176150132483514,243
IMG_00686,-6.347001886777406,-77.19390393313586,888
IMG_00687,50.396079462591445,93.0160728428973,740
IMG_00688,43.82758311423126,87.8701607417774,286
IMG_00689,47.67263026922541,75.75542477404235,14
IMG_00690,-29.589720288593085,-53.7935544290594,602
IMG_00691,41.08379885072114,32.63791896385723,308
IMG_00692,67.17938590395292,64.93974340855138,141
IMG_00693,40.78770608026571,91.52147316421576,512
IMG_00694,51.897242972802815,-9.608925183205429,912
IMG_00695,45.38917085761119,25.181569831206215,950
IMG_00696,51.39798135776351,36.21512018797361,185
IMG_00697,43.53612422485816,106.60601058939945,132
IMG_00698,66.55163045653603,39.23988925768353,494
IMG_00699,53.43390780434942,83.42452651419194,998
IMG_00700,29.34873903897332,81.54328707767706,458
IMG_00701,10.915547273064362,9.83639133058628,156
IMG_00702,41.093455782958415,77.41673432248143,518
IMG_00703,-27.34330632534271,27.78080853491568,587
IMG_00704,-36.21303364032666,146.32658451020006,18
IMG_00705,59.22512087908035,42.86517602949036,921
IMG_00706,53.37444528494359,108.92131943662172,669
IMG_00707,-33.29581119950638,-56.88762713340341,9
IMG_00708,62.116274770679695,66.26876996011754,723
IMG_00709,28.395593752187665,-115.4035116557715,353
IMG_00710,-12.44541290219344,-68.35811640421362,841
IMG_00711,53.34047233395978,91.18629624682995,246
IMG_00712,-4.549627627334161,-81.6162155334576,684
IMG_00713,46.25107499273207,-106.69585093716243,3
IMG_00714,55.152375806155845,78.35055410857575,140
IMG_00715,-24.64865246327099,26.3300126159711,371
IMG_00716,58.22587898997392,79.54074575525107,967
IMG_00717,39.7329279589359,17.991967274239045,208
IMG_00718,-24.20443744642365,-53.60598171468662,233
IMG_00719,-5.482814947175655,111.51196376148856,844
IMG_00720,-28.16048852220443,-51.38882580362596,545
IMG_00721,-8.738388136575395,-80.54870266963145,528
IMG_00722,9.605453869166013,39.49234660466109,880
IMG_00723,61.93728533080952,72.2177819388898,104
IMG_00724,-38.79887109966095,-68.32382812575315,322
IMG_00725,-9.57766703545498,-38.1445925655903,177
IMG_00726,-1.9523407438515503,-73.65444695796408,676
IMG_00727,70.34864667095985,32.7343243529281,933
IMG_00728,59.022043580794616,25.485620943099438,368
IMG_00729,53.381344709858354,102.72833853605424,226
IMG_00730,67.52896679839353,-107.17534221406378,662
IMG_00731,-1.922534420231898,-78.24821723556252,64
IMG_00732,41.86706424064465,6.976941262558114,953
IMG_00733,-27.15316962315856,24.109985476980057,466
IMG_00734,45.44198729556541,41.32218381624858,418
IMG_00735,38.25176040081496,-121.9645674043287,499
IMG_00736,-26.2459693151298,123.0105135442779,385
IMG_00737,-19.621921005529742,-46.002172869864125,777
IMG_00738,-33.192868868658934,-71.67477098743892,979
IMG_00739,-24.04752967581068,-45.05327570716216,721
IMG_00740,41.684014730873,38.049186634785485,717
IMG_00741,35.38079105008052,12.305734147554404,920
IMG_00742,-2.236103220185754,12.316176950434569,652
IMG_00743,35.43466201156035,95.84962314669218,785
IMG_00744,51.38919200685751,-130.9335533670748,551
IMG_00745,51.29419865269088,85.73740287905633,92
IMG_00746,6.309167184691503,-70.70312425857938,42
IMG_00747,-13.389050973563087,-54.44865661444442,612
IMG_00748,53.25344321271095,-113.73293763062588,351
IMG_00749,0.0980810528700146,28.1537848880526,4
IMG_00750,53.653342563324486,-111.94164039113448,517
IMG_00751,68.57888015904234,-121.09461327188428,923
IMG_00752,59.21305737428193,96.11051820599994,20
IMG_00753,45.83169876607573,-113.50426770470231,609
IMG_00754,36.41373794890467,24.97125206721921,369
IMG_00755,45.46587346246565,23.940270881051447,950
IMG_00756,40.02414285486461,17.301352685026302,208
IMG_00757,61.26016657733436,7.0499691455297295,505
IMG_00758,11.138602781577418,41.51053743967873,251
IMG_00759,-8.107903044553112,-55.305443862539576,975
IMG_00760,49.17060050785793,47.33832901408499,118
IMG_00761,67.49898706108499,73.95147161399865,431
IMG_00762,-17.224294457690178,-61.29686882687817,715
IMG_00763,-25.959580807758517,-55.00062907125226,233
IMG_00764,62.59376256534108,34.49800668422051,473
IMG_00765,56.66801363582746,40.22363299531781,412
IMG_00766,44.17342635539231,77.32814112270717,299
IMG_00767,-30.79439803071365,153.31205363228236,523
IMG_00768,-0.7737780808751609,108.99184810800796,184
IMG_00769,35.51977315553947,11.7828095387857,490
IMG_00770,35.97904323318173,-90.3944273369354,911
IMG_00771,-32.01427195888951,149.8015398166337,990
IMG_00772,-28.49368661497444,-53.454657314114016,602
IMG_00773,54.912916335436535,81.55162680180348,998
IMG_00774,49.802738504476906,92.50646737103284,740
IMG_00775,55.10088700364611,-122.07574505458037,380
IMG_00776,50.02760783287533,81.25392203880875,496
IMG_00777,43.59873269317251,34.0648641979125,152
IMG_00778,58.33238432149892,22.258628726117426,856
IMG_00779,-3.470574860844493,-43.75237783937576,277
IMG_00780,-24.2591712638216,31.583654774988645,502
IMG_00781,-35.15361730936066,-57.95685312401571,667
IMG_00782,65.57789449995892,76.4009779186199,839
IMG_00783,58.45586511439666,17.058550655818465,915
IMG_00784,3.8265235867702216,-70.83206420008138,360
IMG_00785,-10.897242599621125,-75.47584784863773,679
IMG_00786,58.2841983965977,-129.9784549015828,800
IMG_00787,-22.65445575279968,114.900410220666,146
IMG_00788,51.59067416071298,-99.13549432139006,239
IMG_00789,45.55839521155082,17.5684127713441,374
IMG_00790,27.838673602335632,74.147359709026,879
IMG_00791,-28.21986494114404,124.90585851036492,385
IMG_00792,63.9265453765112,72.58414950535536,48
IMG_00793,62.527742565146326,111.56208077048916,194
IMG_00794,51.07973151338811,-3.883014392587313,215
IMG_00795,27.762526044221204,70.45077725397365,568
IMG_00796,48.77673615099587,98.68985495028085,493
IMG_00797,52.06473783230655,87.57321560535513,425
IMG_00798,32.01583111569707,-93.90606644207318,127
IMG_00799,50.18845070136797,8.265100868953368,145
IMG_00800,49.65682287008005,113.45556985845064,393
IMG_00801,48.36786189742696,-117.23415510904556,227
IMG_00802,60.65662064122969,-6.824872621589776,642
IMG_00803,53.15871026160622,-84.60122040096667,147
IMG_00804,55.622363586804,68.20138714219507,878
IMG_00805,-30.665878659178176,161.1084267590257,202
IMG_00806,-26.27713349921788,134.37117029823253,271
IMG_00807,48.59299633925912,84.48429275824833,92
IMG_00808,36.25443748825285,-90.49680526139473,911
IMG_00809,-30.529736178983256,-64.01293707884184,881
IMG_00810,2.7023652036646557,29.58566957647133,560
IMG_00811,48.71389642770049,9.053161944276953,628
IMG_00812,50.37085538432663,13.96019903620308,477
IMG_00813,63.14948078403751,12.189182811274549,597
IMG_00814,33.733960898338495,72.9910953458309,305
IMG_00815,-37.16669666813656,-71.95110157416173,682
IMG_00816,30.450837293126384,-90.82497954937072,637
IMG_00817,37.11733619952486,0.9799730173714636,213
IMG_00818,33.20477352469919,-111.89467696866292,819
IMG_00819,34.614853626065894,-121.27300296511896,761
IMG_00820,39.93278253504644,-112.75236038361774,300
IMG_00821,48.636840011035815,91.4483734861454,740
IMG_00822,52.168697887381086,-107.74723587751728,847
IMG_00823,31.7679446531308,81.05426260582396,112
IMG_00824,-33.02501211317879,148.1311287180373,540
IMG_00825,-34.30283329993821,-52.93182108792183,392
IMG_00826,53.24616622602946,85.55056010898699,425
IMG_00827,-29.097564867151803,146.84458952017258,244
IMG_00828,7.284803395002669,49.368402569884296,845
IMG_00829,58.151933447607576,40.10185112411858,734
IMG_00830,-20.25845079587907,-64.97447537143498,143
IMG_00831,44.55829456071595,10.36104447687211,218
IMG_00832,49.36465512131255,-127.90604188886878,982
IMG_00833,50.52861882155065,110.00274570203784,158
IMG_00834,60.284601441705945,32.48653114058948,57
IMG_00835,37.99357793465322,-113.667046262887,796
IMG_00836,40.73585356495505,19.054307497178087,436
IMG_00837,8.675089486181463,79.73924605188665,997
IMG_00838,-17.464660841783015,-41.30305409358402,106
IMG_00839,48.751973656833,-1.5933304811084952,534
IMG_00840,36.97619828749475,13.760947707836408,5
IMG_00841,-22.20872407216183,-41.87481924144291,298
IMG_00842,46.57405019777252,-95.1627978592114,108
IMG_00843,39.55562431934899,-1.0031852884914372,727
IMG_00844,42.43971067370893,17.877567305212153,374
IMG_00845,58.91460690922537,-7.151629584379919,642
IMG_00846,59.04321854320818,-117.13486485406574,937
IMG_00847,1.3644123416159744,29.268882555654272,560
IMG_00848,61.23953132063804,-102.31730186833256,870
IMG_00849,-27.53388742635721,135.17142948944064,513
IMG_00850,63.72090900590712,66.09354071446447,723
IMG_00851,27.629991967110413,-102.51862125752504,580
IMG_00852,8.339021434658264,38.68088570796385,192
IMG_00853,35.02079496332274,14.498487656276552,920
IMG_00854,3.291688757531176,-0.0074999551303278,15
IMG_00855,54.07651879771447,18.34787153865301,971
IMG_00856,39.44647931772792,35.473620486115834,653
IMG_00857,55.173307682613824,38.16863766351187,848
IMG_00858,2.284249145894165,118.89027246703928,701
IMG_00859,42.54208625425201,1.50838358527227,607
IMG_00860,10.759718792189917,7.416585566697023,427
IMG_00861,-11.132652524532888,-36.3329000870979,699
IMG_00862,-12.245017158083456,-66.18927924099913,401
IMG_00863,-23.469774014765065,-65.104244695839,343
IMG_00864,-15.09584485560636,-47.18303071043803,229
IMG_00865,26.927286885387844,-110.49486860840643,899
IMG_00866,-31.63550139400347,20.74297397844171,957
IMG_00867,65.45233809340903,15.810630054176812,396
IMG_00868,43.67466872369323,-126.18519426638314,150
IMG_00869,40.11610934769715,17.79660050476099,208
IMG_00870,-37.53156223706991,-68.08203949445529,617
IMG_00871,-17.840151278278384,24.60842439213297,426
IMG_00872,-32.092092924238294,-67.15397979544028,577
IMG_00873,61.11298704144582,-131.27409540931936,231
IMG_00874,57.711268665624175,-111.98357823623247,151
IMG_00875,-23.270041093049528,-41.27747762834315,298
IMG_00876,-22.0127686773958,-40.61480033147464,298
IMG_00877,-22.36345316547093,28.840294045453906,712
IMG_00878,-9.58507364215609,-41.60686411486751,603
IMG_00879,32.225856752244226,-114.93815891905582,178
IMG_00880,-23.949388198062792,25.429613289482205,371
IMG_00881,48.17868830149811,-84.2685748125669,147
IMG_00882,9.62789382309083,76.34904229345443,338
IMG_00883,68.25544196313379,20.71691397697873,736
IMG_00884,56.31015771788577,-107.64172129906878,417
IMG_00885,51.86916660499367,16.743925470452922,278
IMG_00886,-15.962314213964476,-69.49366815255038,98
IMG_00887,50.65845872496243,-97.3341768772644,448
IMG_00888,51.47032812455603,0.5238039063156066,919
IMG_00889,-11.525374696152596,141.75258009487249,193
IMG_00890,27.112117996606912,-103.31382758925832,580
IMG_00891,-30.13888535329033,124.9794404727092,266
IMG_00892,63.51466487247564,30.23383467551633,288
IMG_00893,35.60695185645508,27.224437739445023,892
IMG_00894,46.64823065592114,95.74330093534354,37
IMG_00895,-18.47897513154885,-64.96284073119608,143
IMG_00896,41.88823286149312,1.2542843981433691,607
IMG_00897,57.71674591156213,8.902924783125144,837
IMG_00898,-15.26097621854626,131.60272188603125,453
IMG_00899,10.43929267664737,44.06186171630248,420
IMG_00900,-9.090361144798692,123.87546494604273,116
IMG_00901,45.67634403622975,-87.40788298330298,397
IMG_00902,48.16288096795228,5.138985978419953,946
IMG_00903,52.62899958356883,-117.6092811365298,40
IMG_00904,65.21376567079963,2.39650787614093,791
IMG_00905,-5.232113621041151,-55.44380978204292,456
IMG_00906,-16.353663774708593,-40.08680669010687,432
IMG_00907,-20.14105684733376,-49.17685790873179,390
IMG_00908,29.687052610736032,-101.63914161827242,205
IMG_00909,-10.63667937511849,-44.08461400311012,163
IMG_00910,-22.111048481304508,-55.72199369909248,813
IMG_00911,69.35324668444497,18.800480169413103,297
IMG_00912,-27.462371903470235,-47.25163844689763,356
IMG_00913,31.0095287026834,-111.80571138095186,225
IMG_00914,60.74649322030666,-105.11168550530186,733
IMG_00915,44.51944104922467,10.186917808303347,218
IMG_00916,-45.9898458912612,-69.08752968199246,907
IMG_00917,-2.3925123803605857,-59.67645931697572,207
IMG_00918,41.54520454522228,37.78366250473567,717
IMG_00919,-10.22058954274054,-64.80799241008768,853
IMG_00920,33.81594333533579,-93.9773724610384,918
IMG_00921,50.69423951641099,41.8803016929958,794
IMG_00922,39.819781707776,29.857132778427683,590
IMG_00923,66.60879829004273,75.70968884074256,431
IMG_00924,5.372963929475702,103.21771448026612,216
IMG_00925,-35.84485695165729,114.50002972583276,668
IMG_00926,53.4617031440049,35.36838294412388,131
IMG_00927,43.07818778324793,74.69205213834599,157
IMG_00928,33.4408699299571,130.15615238409544,33
IMG_00929,-25.80824355754264,-70.90922116181588,633
IMG_00930,57.68444583158731,20.109424302098688,915
IMG_00931,51.39535184865761,-127.48059743436768,93
IMG_00932,8.742546206743214,71.44800371470606,704
IMG_00933,54.88984733794683,-99.43301580336708,491
IMG_00934,65.31050411381864,14.909747957472176,396
IMG_00935,-3.548220216561049,-71.85668515596937,698
IMG_00936,1.238202189196727,-49.32498875865235,724
IMG_00937,-25.85723357824631,-51.12574894569346,984
IMG_00938,57.504667223798265,-123.37615320994274,113
IMG_00939,-20.57561270491041,137.08064881991697,161
IMG_00940,50.65748815577717,-122.931421918031,783
IMG_00941,-7.388178541187955,117.39743437650418,270
IMG_00942,62.69417218849435,10.76044285621066,597
IMG_00943,-31.83896883156961,-57.4015222631449,810
IMG_00944,-0.9248053493787722,-51.28898429790243,283
IMG_00945,59.40045853424601,109.87563838616552,981
IMG_00946,39.09105676501093,-107.22677517351646,722
IMG_00947,39.02001294850777,-98.14026161490132,708
IMG_00948,69.04609028773777,-123.27683112493088,923
IMG_00949,41.60501348293707,-126.74008284378696,694
IMG_00950,35.80900190921497,-121.690939651148,761
IMG_00951,-24.489847136511276,19.36608055546469,673
IMG_00952,45.713387628210825,64.12634473038594,739
IMG_00953,35.44906892800674,-121.72203119174412,761
IMG_00954,56.283583210886974,67.18398196588186,878
IMG_00955,-45.88292223406782,-67.42450177930844,446
IMG_00956,-3.7644826873200823,28.422676542439376,398
IMG_00957,49.82479047354505,110.33116336888683,158
IMG_00958,1.3543773665323755,-62.65470613393589,111
IMG_00959,-5.597307875184853,28.78166590356426,398
IMG_00960,43.94799120841927,15.70014059228376,374
IMG_00961,-8.71997103427303,-1.1438794888976531,135
IMG_00962,-19.002332111488258,135.9464270381854,161
IMG_00963,55.87813446819303,98.49441035371638,755
IMG_00964,58.77612951560178,27.666491457321342,368
IMG_00965,27.40801770148113,92.71449760097823,419
IMG_00966,-19.249457685518564,24.80794680886754,219
IMG_00967,35.68351625072057,36.347359230949024,173
IMG_00968,41.690028947032886,31.47411302747884,308
IMG_00969,47.82731688642528,-115.09500683616068,227
IMG_00970,-27.026804514681544,-66.46644822084441,114
IMG_00971,-42.66943134187958,-69.84673950112925,109
IMG_00972,36.56560373863948,9.568276465251728,490
IMG_00973,46.16298453905202,-0.9811812731429654,164
IMG_00974,62.10395834318774,-10.386260024338329,884
IMG_00975,31.834376172649115,-119.0854420121598,474
IMG_00976,47.07684147463453,-106.20249917389216,3
IMG_00977,65.17425014618499,34.76561496375257,782
IMG_00978,40.63576217375987,9.44372213756992,489
IMG_00979,45.55390992323538,45.13674342010594,707
IMG_00980,48.77902321904773,-116.31741821761524,227
IMG_00981,62.70641529277472,8.473702300451492,791
IMG_00982,-31.49460727575685,-57.96805463148792,810
IMG_00983,51.12859971369375,19.00089634036385,623
IMG_00984,28.06427584967753,-113.58744921235925,391
IMG_00985,-27.15566180293893,28.73368135511652,235
IMG_00986,-2.750023631006968,-63.09866184135498,455
IMG_00987,53.122574865549694,0.1376014227706719,16
IMG_00988,-19.015968581620623,25.151050963635925,219
IMG_00989,34.822990127083926,67.92461760097183,799
IMG_00990,-10.699897368833362,-59.4768055896329,610
IMG_00991,11.73365952613034,5.062128670533866,49
IMG_00992,-45.77605958024698,149.5803990648941,906
IMG_00993,64.99079584770675,67.26738704946507,584
IMG_00994,43.26101133955228,-93.50142298497192,567
IMG_00995,56.576937165623576,31.8029910777866,962
IMG_00996,64.96873807690804,11.812216928083783,396
IMG_00997,-0.0865782227491109,-42.07950047419985,421
IMG_00998,-20.11350291153282,137.2687545713843,161
IMG_00999,46.5607708241584,98.19050668675744,493
IMG_01000,41.69446733474689,13.883413645053452,955
IMG_01001,64.33631612555232,14.186267894854725,396
IMG_01002,69.9314970285813,28.56533492200259,123
IMG_01003,49.60921717141258,-106.1390680796984,302
IMG_01004,35.879454319909755,11.047769328240264,490
IMG_01005,65.75057717564295,34.80534140649638,782
IMG_01006,58.84716441176087,17.000686845819928,354
IMG_01007,50.23394887977452,-5.045286561444726,498
IMG_01008,26.8237165516679,96.85514122109242,181
IMG_01009,66.37624014163589,13.988069139945452,396
IMG_01010,46.31419171537533,-99.8432908265842,281
IMG_01011,-28.75311769075184,122.41093589598302,385
IMG_01012,-3.872817398269973,-55.33267519886429,456
IMG_01013,-25.508367010406857,-54.70330146411547,233
IMG_01014,45.915296380136056,0.4812248586635519,802
IMG_01015,41.21516628091118,42.706707758392696,25
IMG_01016,38.36291925602313,33.73905061262937,99
IMG_01017,35.116815153313,40.20941961986509,889
IMG_01018,-21.08325094147081,-40.51689785823865,298
IMG_01019,30.614968878426083,-109.3419703114547,407
IMG_01020,61.90113263847928,-10.992217356905854,884
IMG_01021,48.81648696191064,0.9003543247233097,340
IMG_01022,49.12180824042935,16.647525837900986,623
IMG_01023,35.60710623359341,-99.18001543080098,450
IMG_01024,33.75170970449956,-114.87781098920011,819
IMG_01025,-36.285827108718806,137.74250214952673,400
IMG_01026,38.81737790549448,23.63801769620005,56
IMG_01027,-30.3063633254761,-110.39845310963248,598
IMG_01028,-14.797703940348626,-51.473541689939566,506
IMG_01029,41.960764169340905,31.68135697540822,308
IMG_01030,42.236371576189725,-123.98377170805362,150
IMG_01031,-18.704258535550963,144.31849950172568,871
IMG_01032,-23.102444956613823,146.89221764915146,507
IMG_01033,-16.7255969839255,-60.66638953416091,715
IMG_01034,32.16979822018409,-112.7172877005836,819
IMG_01035,-11.062410941937486,-43.38443830951678,702
IMG_01036,36.39788241113908,-121.60686519792267,761
IMG_01037,-41.96037869095744,-54.763346126475824,481
IMG_01038,-34.79382767158249,24.031661840485214,876
IMG_01039,-3.429487376460145,-37.859413098209984,719
IMG_01040,50.64631169623087,39.41628708329009,105
IMG_01041,0.4799627261056685,26.535717300555177,738
IMG_01042,45.351985368291736,-100.1402496670566,666
IMG_01043,-33.24305905374284,22.47520205122956,876
IMG_01044,39.59354261299248,38.03845353053498,717
IMG_01045,29.29339737558871,-95.12139483557226,529
IMG_01046,34.691471129805024,-87.411850602865,139
IMG_01047,-38.45186226805848,-68.19143455987113,322
IMG_01048,66.28506292802749,28.83890152064157,75
IMG_01049,-9.781145799841838,-48.34015127032416,515
IMG_01050,30.98870622685349,-100.85033173509352,205
IMG_01051,-28.07742866089427,133.6901386201979,816
IMG_01052,53.46292577824033,103.0264096009132,226
IMG_01053,49.27670529354995,44.28134095421086,118
IMG_01054,39.71359994939644,-116.53123030360685,854
IMG_01055,63.58047898265937,106.7563958611844,634
IMG_01056,7.245583295940307,134.97322324041056,55
IMG_01057,-7.102224702359848,-69.94658260887383,640
IMG_01058,69.51494793205879,34.93995751129572,933
IMG_01059,11.563079454869069,121.89664429549556,905
IMG_01060,-23.234878091177592,27.56797173885184,10
IMG_01061,63.4212123815189,22.535696736575176,364
IMG_01062,40.84492003482353,-101.91258819986766,885
IMG_01063,45.57500371028402,14.009596964451193,674
IMG_01064,61.1802149690937,73.4332942201265,435
IMG_01065,32.64926578015212,-113.3612204490599,819
IMG_01066,55.47843037321593,-133.7170425796426,582
IMG_01067,60.49743213647759,15.187087099048568,354
IMG_01068,50.40515447784361,-119.61462863134538,650
IMG_01069,-29.787376337546892,-59.66401933762627,810
IMG_01070,-22.561451467456067,27.453114452572123,712
IMG_01071,33.429436043219965,-104.5364050192004,137
IMG_01072,60.571871451045126,68.86674678219538,290
IMG_01073,55.10722059336831,70.35620478433725,465
IMG_01074,38.62227885488761,15.477625320277896,208
IMG_01075,15.852009368826144,-9.99184152711959,809
IMG_01076,-32.30171270211946,-70.13568417043389,979
IMG_01077,47.00624296182304,20.350794652236203,605
IMG_01078,53.0119191384228,77.50045529223797,140
IMG_01079,45.85567718737636,12.91701290260832,674
IMG_01080,61.112246038337815,69.2845903310841,290
IMG_01081,66.90919174701875,69.0949126469256,584
IMG_01082,8.638649412570828,-113.08303873131766,943
IMG_01083,-15.165486960814404,141.98007524843098,469
IMG_01084,-16.859924964741126,26.92960415627411,426
IMG_01085,-34.32927471160702,-65.44270606846983,664
IMG_01086,-36.3702086538981,139.01329436217566,126
IMG_01087,49.87315001351379,-122.44892651541976,783
IMG_01088,-1.3414012685881147,-40.45524697825715,421
IMG_01089,59.29378716058656,21.482238726404205,856
IMG_01090,-24.627435635661016,25.730753138670167,371
IMG_01091,-27.44970317817273,-54.56971170487353,602
IMG_01092,-4.381271559802855,-75.70261992196505,888
IMG_01093,-10.69409973506825,-61.66592658153712,853
IMG_01094,-21.04737381738076,116.65335891894836,454
IMG_01095,49.84475990984808,22.71571847082862,383
IMG_01096,43.59883475994704,20.43536631697691,695
IMG_01097,34.697340238072286,-87.02478607871961,139
IMG_01098,-32.83247201315866,-71.63660261126101,979
IMG_01099,40.03928129217405,44.698549431029846,703
IMG_01100,39.26510188663514,32.19326842344424,308
IMG_01101,54.93665271793208,67.7626580079347,465
IMG_01102,43.65206403385935,77.5845717665984,299
IMG_01103,-9.357396071620286,-62.86910877875134,853
IMG_01104,15.43437896242169,-5.2381857263293625,897
IMG_01105,-3.729856393410756,-59.04028840321803,840
IMG_01106,36.95912290409542,68.25857621997537,799
IMG_01107,47.29789236501222,27.465338750789527,692
IMG_01108,28.51444239988888,76.57239927266158,978
IMG_01109,-8.925937816376006,14.608766794575502,780
IMG_01110,-26.150480298246656,-59.765962560127065,222
IMG_01111,30.520786964724152,108.8577021806894,52
IMG_01112,45.66390779614221,11.51960831092319,218
IMG_01113,7.911720713499491,4.214103470588981,492
IMG_01114,64.94559562486398,18.025409482355684,807
IMG_01115,38.70015705374561,16.328605684255223,208
IMG_01116,9.387792761648967,-3.266443872760988,830
IMG_01117,47.859899913400085,-121.61392947992542,242
IMG_01118,55.95090243058252,9.09038775221967,837
IMG_01119,-19.928534514389256,26.33228773635011,219
IMG_01120,43.56218951751959,-122.38153590723324,150
IMG_01121,59.60657381507008,36.64146181650946,554
IMG_01122,41.496123136890816,-91.90641153420717,188
IMG_01123,26.8933070940235,75.27872768079337,268
IMG_01124,-18.415698105592,-54.574860529819006,575
IMG_01125,56.69626182591031,12.072198132187737,659
IMG_01126,50.81131891921029,-95.08142036144577,448
IMG_01127,56.78699171448437,72.17131787519725,569
IMG_01128,64.09375103598234,-129.76943053272254,872
IMG_01129,54.0618131774051,-87.99247352181857,361
IMG_01130,38.15743223774408,-101.87580371009048,345
IMG_01131,28.30065540291685,96.9401469759905,181
IMG_01132,26.373712954033397,72.45215902470895,879
IMG_01133,-25.24014592557654,25.46181077227655,371
IMG_01134,34.549871622783485,-103.40749420595634,632
IMG_01135,36.17164111281397,10.69236662932397,490
IMG_01136,44.71388970841701,-116.5309895912554,19
IMG_01137,-4.0947114367146185,-37.22351657862117,719
IMG_01138,53.19834424265946,73.47882576584936,858
IMG_01139,69.38720902997605,30.792648076095134,933
IMG_01140,47.91078733100648,-106.07402876237154,3
IMG_01141,28.78775678993391,70.02592271716179,568
IMG_01142,37.2470674822393,-10.612657764692756,457
IMG_01143,41.592876024487225,-9.51508767481721,337
IMG_01144,55.33611159248196,41.45842486266204,412
IMG_01145,-1.1767980868687573,-56.50249871185278,375
IMG_01146,-15.413165389399808,-50.75782399705827,869
IMG_01147,44.58230073537362,-123.46186785341376,639
IMG_01148,39.94110699893787,-8.16006323673085,337
IMG_01149,33.025618301855786,76.01851835898924,511
IMG_01150,-45.57460012808918,-73.03885932865661,45
IMG_01151,64.10954122216341,30.67948444846965,288
IMG_01152,54.889533446743656,81.22154016407285,998
IMG_01153,45.33586579800692,46.13118360385633,707
IMG_01154,50.88932865451574,22.62474782878257,875
IMG_01155,43.764975632698,-119.01839504945748,447
IMG_01156,-33.97658536371355,124.2187443628601,574
IMG_01157,44.55084192083788,-98.5007053251826,666
IMG_01158,35.408544055455934,-92.7325303107792,918
IMG_01159,-33.75640078354505,16.349705198051254,651
IMG_01160,48.8277379054735,11.97055065802192,628
IMG_01161,42.247048722387404,-5.233633947843487,565
IMG_01162,42.2336476115236,81.15704134661013,909
IMG_01163,-19.76397364341041,140.94004504993404,709
IMG_01164,58.37611675741354,64.9043600143001,556
IMG_01165,-23.590816542454817,-40.27414163567295,298
IMG_01166,3.1733457226453794,-78.27425141894568,169
IMG_01167,42.21620471673191,13.21371759387864,985
IMG_01168,-39.32915371968552,146.622448485233,285
IMG_01169,-31.854972378623927,-66.37219697239577,67
IMG_01170,67.05371705513741,-86.08422863987218,452
IMG_01171,4.275326248462932,6.912161779497069,995
IMG_01172,9.97258937454106,-84.3246475979173,190
IMG_01173,-10.749613521380354,-81.22738262925847,528
IMG_01174,48.2741587040104,-111.69289021481256,821
IMG_01175,40.60181156213093,98.1465973829753,138
IMG_01176,-10.96873842642188,-69.78990052540092,841
IMG_01177,52.17618657263813,-116.52093322930828,40
IMG_01178,-11.064854811372172,-40.60337525813148,836
IMG_01179,51.13098735003695,47.35049131591555,882
IMG_01180,50.99255542793856,-3.232847585683942,215
IMG_01181,36.427187367843416,-110.71881382012543,179
IMG_01182,59.429278182486655,-5.39298057196595,642
IMG_01183,49.28466065364586,-7.64518556379204,437
IMG_01184,-23.22939536172902,-45.17550337864711,721
IMG_01185,48.75033063291153,-8.134819754503638,437
IMG_01186,68.35347007864874,27.62097113008207,680
IMG_01187,47.41804620853378,-107.64483143138646,3
IMG_01188,-17.626132126137904,-53.51221165424627,221
IMG_01189,32.0296982798604,-110.3753516141153,225
IMG_01190,52.78799486398833,-11.309363150786735,912
IMG_01191,70.02835258657376,17.785423653937926,297
IMG_01192,-15.007138534472816,-43.81744496188864,66
IMG_01193,-18.52464061886197,-69.50900297648391,358
IMG_01194,55.26124006519839,1.7360633687252405,488
IMG_01195,-23.94646360776298,145.68336926650647,507
IMG_01196,-19.994657168804626,-69.47642566884346,51
IMG_01197,-28.476951075209264,112.1295924088074,660
IMG_01198,-0.2137302873479285,-80.62669436923599,553
IMG_01199,-40.272622845438704,-64.95680016296728,103
IMG_01200,41.02892867501498,-93.6589729651879,188
IMG_01201,-34.15102612814152,116.49409725740033,238
IMG_01202,-18.308042216444605,-17.280442715850825,250
IMG_01203,46.93513107899184,40.61166879086829,750
IMG_01204,-28.14686478835713,145.64839945046026,542
IMG_01205,-18.476390129933336,-50.56350382931049,969
IMG_01206,-14.624446611242831,-44.38926912060828,66
IMG_01207,55.07963979665527,75.1736782955652,569
IMG_01208,-27.50257582822188,27.87078565821855,587
IMG_01209,-9.344763174211067,-57.64224217409145,28
IMG_01210,1.0651519968909042,-45.7785706952244,902
IMG_01211,56.97232005977989,-3.125011681115268,988
IMG_01212,47.436517396917225,-103.5068032259071,526
IMG_01213,-35.268157949166536,21.18416250542469,110
IMG_01214,69.4143254391704,66.9271857155012,141
IMG_01215,-42.22423433322531,140.6152951127262,535
IMG_01216,49.69062292165364,79.20310664803361,496
IMG_01217,44.88115807388999,96.0147316562984,37
IMG_01218,48.36930159763375,5.9712869849285255,946
IMG_01219,50.6557503231183,-6.292164608814403,498
IMG_01220,-22.34919906328379,140.24678729807488,850
IMG_01221,-19.25430707001098,145.1649063758718,871
IMG_01222,53.37121664346324,21.053693701228667,445
IMG_01223,-34.15249510986689,18.52728509363132,618
IMG_01224,-14.585490483560832,-54.01012062822018,612
IMG_01225,45.67951798168525,-89.19426552698044,501
IMG_01226,-29.31381838086363,150.93836468591837,35
IMG_01227,12.4617851615793,38.68176707938321,77
IMG_01228,45.79832303965475,-124.15660839026894,639
IMG_01229,48.19029807122658,-123.989466056295,319
IMG_01230,61.91784129702825,80.18977449546708,589
IMG_01231,48.36589400400189,94.67056686778824,316
IMG_01232,-3.1082426514005306,-76.01073303933556,676
IMG_01233,49.67209177035232,90.69852709105125,740
IMG_01234,38.51699150378414,4.976182078027307,252
IMG_01235,6.529457025807133,11.120033688889862,84
IMG_01236,-16.543451093852397,-73.19662491366209,924
IMG_01237,55.31629102446732,-3.796788166112776,861
IMG_01238,29.839254689856844,-87.71373944192672,234
IMG_01239,66.77001415168101,79.58652129444215,746
IMG_01240,57.37964425901367,93.01768487325536,187
IMG_01241,30.523635628442747,-98.40902897267551,893
IMG_01242,0.8019800275983329,-76.527262131752,624
IMG_01243,27.731797020426683,-85.02699543255022,234
IMG_01244,41.80419296047171,0.5384487306524193,607
IMG_01245,53.43288697202712,38.20423612382885,848
IMG_01246,58.06791928685573,-101.15757092100112,870
IMG_01247,59.61982354597544,-132.10363599241197,800
IMG_01248,36.55090302113141,36.91767959182832,889
IMG_01249,-2.2550431510331066,9.560715388763557,652
IMG_01250,-10.113585018613035,25.627540575301964,510
IMG_01251,26.28485054395854,79.66063731478192,24
IMG_01252,-26.51118648183968,28.096016166160894,235
IMG_01253,53.04592987400986,39.34049572090035,59
IMG_01254,-9.09121396599582,-41.78901851195022,603
IMG_01255,-31.557111814362585,133.50045882437536,2
IMG_01256,37.31580257755277,6.104396761993513,252
IMG_01257,-21.160775031457742,27.340420253201813,413
IMG_01258,28.18405530418063,-113.3555901628743,391
IMG_01259,51.6524824079774,21.70695080184231,875
IMG_01260,41.97883462900313,68.61582219617583,80
IMG_01261,-22.547526045028235,15.404550568576894,43
IMG_01262,-37.96661290618073,-69.16800857911068,322
IMG_01263,-10.917854677885572,-65.7076151522332,401
IMG_01264,60.24644465629382,19.85752269737628,166
IMG_01265,-34.56564611400443,-69.22552649869748,935
IMG_01266,33.27527592601996,-118.47553651490276,474
IMG_01267,29.316032997066188,83.27690827042449,438
IMG_01268,60.610668766427125,3.7563072043069496,505
IMG_01269,-9.169069188821354,-75.72647641520683,679
IMG_01270,44.41507755219641,30.28772358316303,989
IMG_01271,48.15041077910038,-93.33745345076645,108
IMG_01272,26.750127701171152,70.00935160225157,568
IMG_01273,48.36131516165199,16.03628771951415,201
IMG_01274,51.45523459842386,-115.67324258488831,351
IMG_01275,39.15017436813864,-89.30025263410728,404
IMG_01276,69.66858447726656,-132.29618368624617,162
IMG_01277,59.01227387532916,45.69095800966994,586
IMG_01278,3.4803984066908527,129.366582342936,429
IMG_01279,50.77008794564358,24.69069439844435,383
IMG_01280,12.082067234273069,-18.39285216855356,649
IMG_01281,68.56470462727995,19.525515865217244,736
IMG_01282,1.7539487719144944,-7.703519568762914,309
IMG_01283,11.218201181001518,62.40740466826128,631
IMG_01284,52.52838208514444,-101.18579145050144,239
IMG_01285,53.91382617808307,-7.895646629394037,125
IMG_01286,-14.127747050218218,-46.349099455831606,229
IMG_01287,-18.83876945860661,21.64277058214327,621
IMG_01288,64.3847007164049,86.07864533369946,301
IMG_01289,-5.332615317350815,-58.18304130195273,840
IMG_01290,1.773007329927367,118.1302082423988,701
IMG_01291,41.159445763865165,-88.84590055543319,852
IMG_01292,-27.4290466890063,148.6852655741326,572
IMG_01293,54.45457312715786,66.02433252541584,73
IMG_01294,-3.238180942251603,-53.851302281629046,760
IMG_01295,63.68014335236103,15.416294639724953,597
IMG_01296,-30.70573955133041,144.89474636814143,244
IMG_01297,41.62621511968223,24.38753018881192,342
IMG_01298,56.83966258039905,80.35482054813741,203
IMG_01299,49.46449774990484,-118.75890193097317,650
IMG_01300,-0.1522141383458972,-46.87970953943406,902
IMG_01301,-12.267836928804511,-38.49456110705219,177
IMG_01302,57.00596924220241,45.21173293430536,921
IMG_01303,-33.91171898915511,-60.20741029548262,806
IMG_01304,38.35446992343307,-5.8645943571567045,29
IMG_01305,53.3437640489885,34.90270899336977,131
IMG_01306,-35.2649323996974,22.29047211359477,876
IMG_01307,58.24678676753601,95.1073520911894,20
IMG_01308,37.65682646263414,-108.11324815098052,722
IMG_01309,58.809727116988256,71.64087209710289,228
IMG_01310,37.43182456876178,-4.375175160660859,366
IMG_01311,46.24248733291262,33.039949126226986,414
IMG_01312,-27.603660523936952,32.782288683059306,530
IMG_01313,-30.78492452782215,-48.63687912648169,570
IMG_01314,52.45384901103162,90.23179507720926,246
IMG_01315,-7.920944078899794,-63.68545692660376,247
IMG_01316,-18.484820911584933,-64.85211843162737,143
IMG_01317,-28.15459707908005,25.15636070910108,62
IMG_01318,-12.394749313715153,-56.17819433159487,306
IMG_01319,-17.345467679960933,-69.97849435762743,358
IMG_01320,-30.336209906060724,145.57913254091852,244
IMG_01321,-33.418646910132765,-50.25121851849502,570
IMG_01322,-14.084746190825996,-70.41960622217556,98
IMG_01323,52.203270185463936,-108.50554310214024,847
IMG_01324,51.69943414136691,-131.64265241848253,551
IMG_01325,67.67542351867229,7.468681309263957,199
IMG_01326,45.26595067098791,42.871281846199736,418
IMG_01327,50.707569900017006,-105.85692026012693,302
IMG_01328,-30.67305583727135,25.50793532099453,576
IMG_01329,43.60397441138082,-114.91636629806716,973
IMG_01330,-27.482088665738928,131.87265244072103,816
IMG_01331,-20.917635057299123,165.27030975850369,537
IMG_01332,-6.316917098502756,29.270578412554958,544
IMG_01333,42.04626955259667,68.00731479918721,80
IMG_01334,-9.359534125477538,-42.45478713125843,603
IMG_01335,50.84275349400551,-112.93169697316878,351
IMG_01336,24.15967826999929,117.17125403658832,170
IMG_01337,52.22777003291691,-8.215541176743017,912
IMG_01338,27.63171237985864,76.9334580418286,978
IMG_01339,60.05623632955167,-90.39452459109177,172
IMG_01340,30.48643901430681,73.43134978262827,511
IMG_01341,42.05443007372142,-105.68799472776196,115
IMG_01342,67.95624197906264,22.00660926727349,736
IMG_01343,34.240434390639535,-87.57814532034192,139
IMG_01344,-1.3035196541464131,-67.66307262161517,619
IMG_01345,-9.74431206457399,-56.97056158889646,28
IMG_01346,49.82635809692718,23.906298943975457,383
IMG_01347,45.57049226839297,-124.39701632476668,639
IMG_01348,5.878458263136878,36.227746391208825,864
IMG_01349,54.88311775995129,88.78976733003373,859
IMG_01350,-1.2948892982129507,-77.96182111125412,64
IMG_01351,59.19813260403055,29.493842086773554,57
IMG_01352,48.50064897692644,-86.53327631270287,500
IMG_01353,50.12831129939531,37.03353053479509,185
IMG_01354,58.33611139215893,41.10925577171494,921
IMG_01355,40.53922259170673,-9.515326236012411,337
IMG_01356,47.7782199509972,95.04756819983196,316
IMG_01357,60.63636227854323,-123.14022891757948,600
IMG_01358,27.068283995539176,93.6893653289278,419
IMG_01359,65.3692323997426,14.4664560021848,396
IMG_01360,0.2965588495981706,-53.67595092235581,760
IMG_01361,50.542326542246485,40.95108133627468,105
IMG_01362,-33.64443203268776,131.0389494755139,2
IMG_01363,39.15680463726872,2.885374598422601,213
IMG_01364,-10.549064354863589,-37.65816406219133,177
IMG_01365,34.23709462359706,-108.12143701461116,613
IMG_01366,-33.43013329996005,28.68085279802401,764
IMG_01367,-29.785915336867745,124.40207563399196,266
IMG_01368,-27.447889577683757,-58.69867782279795,533
IMG_01369,34.77944735728636,-88.57056170444005,139
IMG_01370,48.94592503529128,-111.86379255303412,821
IMG_01371,43.740280843641614,18.256912181318228,374
IMG_01372,40.37005369151183,-2.844289356515361,142
IMG_01373,64.57185810275348,35.76842469871264,782
IMG_01374,-16.421858495173865,143.81207038568823,606
IMG_01375,11.831221692813443,99.13553288446406,341
IMG_01376,-17.991649490097927,26.90655958860421,426
IMG_01377,-19.09261425131706,-43.26918780637436,601
IMG_01378,58.786496195375605,43.0502919714076,921
IMG_01379,55.90886364418356,13.36661495358038,60
IMG_01380,51.92935715422488,-116.3544339976774,40
IMG_01381,-40.6497746753903,-73.87576795735036,573
IMG_01382,41.268954290157865,4.428838672412326,953
IMG_01383,69.4574025651421,-130.69487769110472,162
IMG_01384,47.11690182848292,-2.773113365140773,534
IMG_01385,-29.960933865929533,-58.18553159137491,810
IMG_01386,27.74759231247333,-98.69495414369538,384
IMG_01387,-30.861229908848458,122.79717604321507,31
IMG_01388,-5.991129636524889,-61.96763959411906,745
IMG_01389,-22.135368976741603,-74.07397313306585,416
IMG_01390,42.318951104419455,32.45815062219296,152
IMG_01391,45.47086617852364,-116.00310569560438,609
IMG_01392,47.98406399437539,94.79270643903862,316
IMG_01393,7.920657596907702,-2.9644686856071303,200
IMG_01394,32.90567767093559,-92.90387405188235,918
IMG_01395,43.46941628316253,16.50952283006285,374
IMG_01396,-23.407681563360452,132.1413010662634,271
IMG_01397,57.879566287417646,32.419432802386325,962
IMG_01398,5.6789092422853855,82.87294903563213,422
IMG_01399,66.31920369177811,27.747068011479087,503
IMG_01400,-26.358085533550152,145.23432437579913,542
IMG_01401,52.88484811057316,69.95218701383811,465
IMG_01402,41.0433729432811,47.07539944697601,180
IMG_01403,-7.78969133300177,-41.04575160647696,603
IMG_01404,49.09983593287544,18.997194745393383,53
IMG_01405,40.64195108037376,-115.07942802617951,300
IMG_01406,41.39987431919076,32.11215539898063,308
IMG_01407,50.681869032557984,111.2241242290138,158
IMG_01408,-24.275985298580224,27.05661789006484,10
IMG_01409,-0.5513288179131166,-54.905388482248725,760
IMG_01410,58.3330666960812,82.68473960786935,203
IMG_01411,-14.39702940243481,138.6721022889187,954
IMG_01412,45.16148707915653,22.471553039664173,120
IMG_01413,-8.529760315148707,-67.63950554235424,148
IMG_01414,40.32971717129911,39.90274676252776,717
IMG_01415,48.73179744628018,86.13047085965661,92
IMG_01416,43.45668590956632,67.55592847796015,210
IMG_01417,46.12971529950431,1.874942515871851,76
IMG_01418,-23.150665548438184,-52.48298467360658,599
IMG_01419,30.282577950950326,107.59754070876367,52
IMG_01420,38.144438420524295,-111.79074743610292,179
IMG_01421,-22.35747798286438,-53.86539669298577,813
IMG_01422,-34.552236219805394,127.38067404192304,756
IMG_01423,54.17173687816987,23.00723562483537,176
IMG_01424,-26.38815331447836,20.73906054296154,314
IMG_01425,-13.574182900702452,130.31887652039097,304
IMG_01426,38.66288005431488,-98.46419250647943,708
IMG_01427,-0.3724299734677458,-48.7810405389462,168
IMG_01428,60.13166596677229,41.89088215964279,195
IMG_01429,54.62349934583571,40.275233055675216,478
IMG_01430,51.365198646867725,90.83108941607622,246
IMG_01431,-36.22656995864692,-64.62697145352806,196
IMG_01432,52.5770748131153,111.76555015289232,254
IMG_01433,-28.08688947306348,11.731155566413804,100
IMG_01434,48.66054556929521,95.16789019074332,316
IMG_01435,-41.50540264244025,-71.07763639213185,109
IMG_01436,58.24992984348603,47.34326695587572,586
IMG_01437,58.39480996164741,6.524699488046764,379
IMG_01438,29.12281118245822,-101.26466755414694,980
IMG_01439,42.94169115303168,-0.3767804110075019,362
IMG_01440,-29.254227883188463,-57.96459030063488,533
IMG_01441,-28.159545712322497,-65.99592987860309,114
IMG_01442,-27.7271459245048,-52.18823812820946,545
IMG_01443,61.72433504019404,70.36727021443056,104
IMG_01444,62.7371246106008,67.37585179162323,723
IMG_01445,48.947819527362185,11.901354429963618,628
IMG_01446,-33.2271519199679,148.08984928250254,540
IMG_01447,56.25820454320461,103.5061273243382,61
IMG_01448,-39.862992308851645,-62.05920308790023,103
IMG_01449,26.217110180178807,81.31935758929308,24
IMG_01450,-28.04559499775779,-69.49238631907875,713
IMG_01451,-4.350355271150335,34.507221153528604,237
IMG_01452,30.494573132517917,-102.97782757967272,205
IMG_01453,50.72678119666435,7.313897272096284,145
IMG_01454,1.7183611940311607,-73.70676985635446,624
IMG_01455,63.49655349171053,108.48884778058256,634
IMG_01456,9.291589966392806,3.782463580527889,929
IMG_01457,-36.81942711145301,-66.10906645418294,772
IMG_01458,35.240755689551065,-107.70942331821333,47
IMG_01459,-15.79185460523884,32.43698036008945,464
IMG_01460,52.23316825791457,-102.56877044997748,82
IMG_01461,40.393524320107474,64.50285968364943,80
IMG_01462,-22.168987423946007,24.683728160710075,886
IMG_01463,50.560363924103854,46.00208329188973,882
IMG_01464,39.26954687467818,9.048139146506486,489
IMG_01465,49.59104217150053,4.46630207472424,946
IMG_01466,37.959937379831445,-97.64499374537272,708
IMG_01467,53.95637531162333,-119.0059607168437,40
IMG_01468,-18.65529759149132,-49.96371733538484,969
IMG_01469,33.28664831101804,72.4429221984781,305
IMG_01470,59.048830566217646,-128.92280681759038,800
IMG_01471,30.817438505735225,75.67608793125328,511
IMG_01472,33.774071199078065,-117.45532847026725,474
IMG_01473,-41.7958282376549,-70.89113160347067,109
IMG_01474,49.310483145363946,32.18358839734032,828
IMG_01475,-39.04967002536591,-69.2257898151767,322
IMG_01476,16.370442674970917,-14.191463790655604,331
IMG_01477,46.83143778234438,-3.275038235859625,164
IMG_01478,57.606476565059154,-6.215097227800186,901
IMG_01479,51.26773467761427,-112.97972535692313,351
IMG_01480,-20.82617501922634,-50.23423503488951,390
IMG_01481,-26.47866443287788,18.2574972534384,314
IMG_01482,-6.728870404075067,-52.20360238209619,804
IMG_01483,-10.342190993999935,-3.65333647218813,135
IMG_01484,-16.17968452976251,-61.85120040836867,715
IMG_01485,7.364278292158701,39.601481424239694,519
IMG_01486,46.275095105628935,-111.01967465247036,198
IMG_01487,4.956860135308517,80.58953488090253,422
IMG_01488,64.44882382160705,40.20190548244054,463
IMG_01489,37.10326352125185,44.445853453656895,329
IMG_01490,-20.97718456169875,-151.2011208665667,665
IMG_01491,36.23725835323697,-104.0950300752333,632
IMG_01492,0.0990158192215915,6.47059620357291,317
IMG_01493,36.51813042256799,78.63958354865434,730
IMG_01494,61.08321805277504,33.072735889935984,554
IMG_01495,-18.02125604929517,-50.14069315534829,969
IMG_01496,50.37245795647897,100.43791525273912,963
IMG_01497,-23.46762749397664,-47.94094594840297,119
IMG_01498,-19.47719523797079,-71.9078585174978,416
IMG_01499,36.443678064601286,9.82505204391424,490
IMG_01500,54.98324187670187,24.91203237155179,176
IMG_01501,63.49024497174639,13.318810395397977,597
IMG_01502,53.78329843237006,-117.77540026373566,40
IMG_01503,51.822196250635386,43.804643087054814,794
IMG_01504,-25.65792020028428,27.46997163855852,629
IMG_01505,62.49227998943121,-130.1639603984178,872
IMG_01506,33.65047343982462,-92.98597100219524,918
IMG_01507,39.29516638371118,20.186624989406734,436
IMG_01508,29.727545815162017,-116.23019372452174,178
IMG_01509,58.10035376294471,-9.78576657206554,243
IMG_01510,-8.561439995390487,-72.1621354998379,459
IMG_01511,35.465052808175486,-116.6049386346485,307
IMG_01512,-9.974935390397434,28.06980341440004,544
IMG_01513,39.23747712574857,30.714113238986783,308
IMG_01514,12.098303366345649,42.90171099537571,862
IMG_01515,60.89039535173035,-7.1676276925804245,642
IMG_01516,49.82739952814194,-89.19650295816697,645
IMG_01517,70.05386195400004,-115.7875887343419,923
IMG_01518,-0.800081445282089,-78.36402863889275,741
IMG_01519,33.01316252546991,-106.22417721950184,613
IMG_01520,49.60899063364832,70.13303886488109,264
IMG_01521,1.0958343517462197,-68.42088375047658,619
IMG_01522,58.53907696080444,22.654182895271703,856
IMG_01523,-25.84939694458353,148.5142399210347,572
IMG_01524,69.76403379122843,18.46234058778674,297
IMG_01525,-0.7495372038031718,-45.69999049824469,902
IMG_01526,44.38349630049052,99.79236729055508,287
IMG_01527,41.589858321168094,-3.04310690131436,142
IMG_01528,58.23933183336092,111.64662981300302,981
IMG_01529,-1.948107346675556,113.147972657426,11
IMG_01530,65.62997038667464,11.497508712772316,396
IMG_01531,-20.15782447296175,29.061856708869385,122
IMG_01532,-26.597123164919356,113.91398293542257,245
IMG_01533,67.31380532559348,-97.30096200997278,964
IMG_01534,-8.88904422245605,-36.81890677504293,927
IMG_01535,-4.516028326131476,-62.61792012558664,745
IMG_01536,38.85163477534158,-93.44389433493868,293
IMG_01537,-6.030289168404181,27.824748232648943,398
IMG_01538,-2.6261871245465045,-58.86142500935583,840
IMG_01539,56.052174197808654,1.4392176289784686,488
IMG_01540,-28.19900523343147,-62.83048021025344,683
IMG_01541,66.4457714280449,11.232209112274203,199
IMG_01542,34.20769392495097,75.72205443395268,305
IMG_01543,56.70458263985711,35.74511783147872,279
IMG_01544,-25.026867438972417,-60.26069196173883,222
IMG_01545,57.50220380551278,-109.0305914629241,417
IMG_01546,-23.829530358622435,25.34785968743182,371
IMG_01547,49.06715019294006,-115.05669801243678,227
IMG_01548,-36.88314534092871,-67.68737897554585,617
IMG_01549,-36.44860564076895,149.11036150341027,546
IMG_01550,43.25622904415337,-112.2112185147936,973
IMG_01551,37.65577006864717,9.893347856635929,489
IMG_01552,40.13888655827813,21.556007503007635,436
IMG_01553,38.876686346060296,69.67125425725789,80
IMG_01554,51.72956075420456,51.48945206489617,475
IMG_01555,54.29103474579665,89.6969110228564,859
IMG_01556,62.994559165301496,16.047335113377784,571
IMG_01557,50.71478425954302,38.75907987126703,105
IMG_01558,-19.37982160997564,-55.92466597269572,46
IMG_01559,59.19432800085028,-1.076991782426887,766
IMG_01560,10.247852246585296,-1.3607333172502365,295
IMG_01561,36.78669508812652,99.58159142057816,443
IMG_01562,43.32793017744655,77.82866003556381,299
IMG_01563,-27.46365430280549,25.716323276628174,62
IMG_01564,57.19185708243475,94.66316117791018,187
IMG_01565,49.85200452587219,-117.86558306364554,650
IMG_01566,-9.062966429655743,-70.59344058389134,459
IMG_01567,11.374984716881926,41.20116639332031,251
IMG_01568,-20.250756636433863,-71.23644289314666,51
IMG_01569,47.22054549931852,-123.23193411734376,319
IMG_01570,-26.327783247450903,137.45663020221355,128
IMG_01571,40.23727286142605,-93.19432576988416,188
IMG_01572,15.913374274859734,10.561407998452978,156
IMG_01573,36.47384432546372,29.39149375443563,892
IMG_01574,-36.54838663621876,-69.33048127391841,999
IMG_01575,34.13412547413023,-101.57569647284204,450
IMG_01576,53.9959750373834,-123.29873710658852,536
IMG_01577,61.85376754238911,8.556010909549599,505
IMG_01578,59.03277187742248,27.11242349508325,368
IMG_01579,36.076110942890026,10.50677917816668,490
IMG_01580,-11.890304249159044,-35.13841647135996,699
IMG_01581,32.36219053972252,-90.8215579844778,637
IMG_01582,-13.418686992596063,-59.85921406701773,581
IMG_01583,49.37080960657599,95.37547546785038,316
IMG_01584,-3.79381269436368,-43.12849393263952,277
IMG_01585,44.54212355984055,1.0694282349830928,362
IMG_01586,26.97281249531493,84.33069896620407,798
IMG_01587,-1.8737991260871496,-44.493525153451344,902
IMG_01588,-54.68848199618068,137.30631432603883,133
IMG_01589,-19.873995115770494,-46.71281146516097,777
IMG_01590,-33.09761776874821,145.033400080572,90
IMG_01591,-34.46361964116111,-58.37330490642236,667
IMG_01592,69.04526937815245,28.78481389129917,123
IMG_01593,55.75569568087246,99.02277633679648,755
IMG_01594,-29.89611492310054,-50.66473829857273,81
IMG_01595,61.91814382399673,21.999797683736688,166
IMG_01596,-2.0635099309030807,-78.8920002785137,64
IMG_01597,-43.58293699721988,-69.37175175973115,907
IMG_01598,35.58749387994493,-112.2727234677744,591
IMG_01599,-4.548635450099908,-54.886877803043205,456
IMG_01600,57.12411604017132,11.221024873650776,659
IMG_01601,63.02756080118144,32.90425498719409,288
IMG_01602,-16.76486399319252,-66.10657827385643,468
IMG_01603,37.38562635380342,46.07652252944047,329
IMG_01604,-21.274006225343697,-52.89247935989596,599
IMG_01605,1.2905565024273358,-82.94089229201296,768
IMG_01606,29.489685321366693,-119.01599258580008,976
IMG_01607,57.05711967226037,41.9827505384132,921
IMG_01608,26.638623573885084,82.39533245207133,798
IMG_01609,40.67000487116204,75.33614980462951,518
IMG_01610,-26.408885369030784,148.6370250567586,572
IMG_01611,40.20270816719128,2.967385685130012,213
IMG_01612,35.82133218573381,-109.78394238393082,47
IMG_01613,31.780815114530128,-113.56334158775148,819
IMG_01614,11.401717237273488,115.8578233797308,940
IMG_01615,39.5523816005682,23.59525676763801,56
IMG_01616,-16.72285184134192,-40.0970330964241,432
IMG_01617,-1.2946204980438836,32.725672081420754,240
IMG_01618,56.30474286226632,-124.69637710746412,470
IMG_01619,-23.20492258500116,27.42890638592212,10
IMG_01620,-0.553828017841397,-50.46910055120446,283
IMG_01621,64.90948005687409,42.47782997594226,258
IMG_01622,-43.72361258683108,-65.2904443306606,269
IMG_01623,44.59043592114432,7.386463979442652,686
IMG_01624,65.77626679333315,9.58160054092889,199
IMG_01625,60.869891170118336,3.2299912756826927,505
IMG_01626,60.71204973706199,0.06182946446674,766
IMG_01627,38.874711604681295,35.90141432472984,99
IMG_01628,29.176799552510047,-113.838451699346,391
IMG_01629,-0.0564779909431649,-66.03021480854497,619
IMG_01630,-31.64448690421233,132.6381304697086,2
IMG_01631,60.61847831482095,-126.62176859859836,600
IMG_01632,64.69555811008667,43.653826190322064,258
IMG_01633,-24.348950233094627,159.95253127198254,537
IMG_01634,-24.11730474351032,134.3670843993823,271
IMG_01635,39.01839247607384,14.84184316537332,208
IMG_01636,58.64266657535819,11.350104502861768,779
IMG_01637,-16.458442173301933,-49.57682600884587,869
IMG_01638,50.76308469797061,-110.04996056008112,641
IMG_01639,48.07618233668387,14.066248252166218,201
IMG_01640,58.217948154026885,-123.91555976315122,113
IMG_01641,50.85323689293335,109.83426115068572,158
IMG_01642,-12.625067700719896,133.02508569843235,26
IMG_01643,-18.40318906526268,-49.0280082316381,7
IMG_01644,58.36455254287412,96.23267241857155,20
IMG_01645,11.802789701731284,41.039261474613966,251
IMG_01646,-28.08170064527608,24.587645119965487,62
IMG_01647,45.162740804804656,7.350975486389359,686
IMG_01648,-43.13644637085451,-67.51301281015135,269
IMG_01649,61.044466490332525,-120.11120602413487,276
IMG_01650,-3.8921882482591457,29.31621588168184,398
IMG_01651,-1.0408954687638357,-55.36327161908099,760
IMG_01652,55.28084456349001,26.63875748253656,451
IMG_01653,55.595407565368674,-113.06982421331398,517
IMG_01654,60.41591698766422,36.23133945809042,554
IMG_01655,29.681573794546807,74.38085372378339,511
IMG_01656,57.53682553697726,85.47701308430135,373
IMG_01657,-11.13102503207908,-64.81821918469365,401
IMG_01658,-30.82588604148852,-67.75605065642094,310
IMG_01659,8.917222938001416,10.604800087189917,742
IMG_01660,40.827860943305495,41.13011273647112,25
IMG_01661,66.42076166764781,45.581650563470106,671
IMG_01662,-35.63849418986778,112.22730738611163,833
IMG_01663,4.980994349997502,-65.12786525172584,731
IMG_01664,57.66470736889437,93.20562018741396,187
IMG_01665,7.988447710617393,7.887256378058367,566
IMG_01666,-21.3126528637044,17.59616492610874,538
IMG_01667,-25.578562046116005,139.85238790283813,128
IMG_01668,57.17170407224745,29.266178417573485,451
IMG_01669,12.923471490149836,43.982422162950286,862
IMG_01670,38.46298363667199,22.6628539198876,655
IMG_01671,-21.954521536108786,-50.72921358208799,599
IMG_01672,-26.330664453677507,-64.97772320536399,620
IMG_01673,51.76426144988761,-93.8459648902307,448
IMG_01674,45.8995719987694,18.521562057519816,605
IMG_01675,-10.655099415021624,-47.412096066982144,515
IMG_01676,54.27734354996153,64.57934869787204,73
IMG_01677,37.141974198749296,-8.929777153993683,457
IMG_01678,58.4515927320968,-123.24208292182227,113
IMG_01679,60.59001338474482,25.711551137541903,811
IMG_01680,-27.31149729482675,26.824868802431865,587
IMG_01681,64.31965975347651,33.52543807196918,782
IMG_01682,51.37167031672996,-119.71290815426444,650
IMG_01683,40.16168980345594,-111.8338545396206,408
IMG_01684,49.3402855479047,28.05500812276333,688
IMG_01685,-5.14464573880575,-80.26341767576551,684
IMG_01686,26.419082229508064,111.91838468901784,543
IMG_01687,-32.15466010729492,-78.70109633999543,405
IMG_01688,-37.977239647339786,142.80330911398005,972
IMG_01689,45.9595010378234,-8.486221387780176,903
IMG_01690,60.6704602297452,33.0206840726498,554
IMG_01691,49.013006564157024,16.38202136231041,201
IMG_01692,-24.99321360351776,146.61800448291012,507
IMG_01693,-25.33873209107176,26.35673619106004,371
IMG_01694,27.66924908843517,-102.75922926532726,580
IMG_01695,1.1016005403318871,-79.3587234819033,169
IMG_01696,9.911903896406317,41.32650308472941,420
IMG_01697,63.76020587258836,5.531795435328917,791
IMG_01698,49.72455265215808,93.83956664268442,316
IMG_01699,-23.05977663440269,27.03676855245112,886
IMG_01700,-16.97533367534099,-65.92113764429885,468
IMG_01701,-36.1593053945945,-63.354815263306094,196
IMG_01702,12.244439530657004,-14.64777923419237,771
IMG_01703,39.79141817330111,-85.89660252540673,440
IMG_01704,-15.736175560079914,-75.8319570810977,728
IMG_01705,39.93504942523583,-9.83918186561266,337
IMG_01706,44.58465857352235,-108.38605692217462,592
IMG_01707,-29.499488646398703,-52.714399875014834,81
IMG_01708,35.07297468331174,13.77561465908687,920
IMG_01709,-16.62926083367678,-72.14458244458018,924
IMG_01710,5.976428194091341,99.14003048155593,867
IMG_01711,3.826541043071956,-76.11062515925177,282
IMG_01712,48.62282632479304,23.897892311455397,860
IMG_01713,-17.626514211306215,-55.75689878699529,476
IMG_01714,45.65347810962902,10.200004723313498,218
IMG_01715,38.61669461390329,47.985399661901,703
IMG_01716,59.45784081275673,20.01518347756553,166
IMG_01717,47.50985864639202,-2.345485107651484,534
IMG_01718,50.09494421680421,-122.01013265508736,783
IMG_01719,-17.18985793595553,-66.21739791343896,468
IMG_01720,54.3193842322633,78.2755379664415,140
IMG_01721,39.51014066886353,3.918737066569662,213
IMG_01722,26.675872707876792,78.265307730774,24
IMG_01723,27.358085541770265,88.44604849509585,697
IMG_01724,35.13261285796638,24.558741335805397,369
IMG_01725,12.072093411705596,-17.26958082251147,771
IMG_01726,62.13611029914992,-120.94021141981592,276
IMG_01727,-13.098383211600122,-43.50485318125749,702
IMG_01728,1.0611770120132178,108.3273074318871,184
IMG_01729,52.997301846942094,4.772032063388963,363
IMG_01730,50.08741794746942,-98.18112770117182,693
IMG_01731,46.507086639295295,26.62904120786496,692
IMG_01732,48.42498931321137,79.27096381701926,656
IMG_01733,-29.958771957810114,-71.20357766474899,462
IMG_01734,47.79535086384016,96.24867003555003,316
IMG_01735,-15.645757595969712,-42.52121626975503,66
IMG_01736,54.09544982012358,-116.26812275224805,40
IMG_01737,58.535920231173264,93.46616923175112,20
IMG_01738,-18.12309047775389,-41.11545713933316,106
IMG_01739,68.47941074627619,19.61116204757502,736
IMG_01740,-11.900360138370402,-58.47712745743212,610
IMG_01741,-2.7459885726531468,103.10004080050813,504
IMG_01742,29.349247306857706,86.8378778484232,438
IMG_01743,50.04421050322927,46.18018540570699,882
IMG_01744,71.32716813897301,69.90646212370743,965
IMG_01745,33.7537771283894,112.57662809666977,616
IMG_01746,-15.090793579666297,-49.62870402081418,869
IMG_01747,-29.00902445892873,-51.32665427742103,545
IMG_01748,55.55533725230785,5.519189051607356,837
IMG_01749,52.57015095653583,46.55958697647671,260
IMG_01750,43.93724506120233,1.3566913881670644,362
IMG_01751,62.04997528160601,-116.68454211239782,276
IMG_01752,51.03943210830778,90.75221249512464,246
IMG_01753,-32.56288807434079,-74.3617367951233,979
IMG_01754,-28.86815963435077,-57.14467012164681,533
IMG_01755,51.16035775923527,81.9808170798459,496
IMG_01756,54.39470639292358,-114.51726961459676,517
IMG_01757,38.32814841930454,-90.44503148342004,404
IMG_01758,35.89002678574445,-124.09248463787895,257
IMG_01759,44.306248993237176,113.64634894451234,6
IMG_01760,41.94651367679791,-109.87590535673068,408
IMG_01761,52.3331398391872,23.360461289220385,875
IMG_01762,-13.985653791731464,-76.53847962680001,945
IMG_01763,40.92665603041448,-87.59407537033476,852
IMG_01764,30.84994240356656,76.44824296386906,511
IMG_01765,-9.455690231163205,129.2689248419935,788
IMG_01766,49.25737539271097,104.71637933146246,85
IMG_01767,56.24135686679063,-1.4736430209796367,861
IMG_01768,42.169790081518784,34.65834250404882,152
IMG_01769,28.282879196950372,-84.40869642670918,234
IMG_01770,26.98576990972741,-103.4775554071016,580
IMG_01771,53.07029590146314,-0.7082224714464189,16
IMG_01772,48.58701858485978,2.424343371506722,334
IMG_01773,-22.63526775850229,114.3084138998858,146
IMG_01774,-3.693455765731812,27.450053946899857,398
IMG_01775,63.77971274051868,34.58582644934381,782
IMG_01776,-30.54354556142394,-63.33132923365089,881
IMG_01777,45.40874094735028,-86.13238243735802,397
IMG_01778,-22.922837291960636,25.53033563919311,886
IMG_01779,55.082955933021424,4.756873556843232,363
IMG_01780,7.323308005903669,38.267623813329806,192
IMG_01781,51.82005410990641,46.32331647469152,882
IMG_01782,-20.27839800470693,-47.416121419954266,777
IMG_01783,-19.6614431325317,140.53405213295505,709
IMG_01784,-24.44076266660727,149.441948301982,549
IMG_01785,65.19310099369068,-122.15702664830133,820
IMG_01786,66.6583828993522,33.10365853816873,75
IMG_01787,45.61791500935465,92.41085762191346,37
IMG_01788,56.33504179292669,-5.823676987768636,988
IMG_01789,-16.675118446059827,-67.61193875281734,468
IMG_01790,46.50570926486188,-114.88396600012535,609
IMG_01791,59.285539454607004,-112.0682854255397,733
IMG_01792,58.98628487658215,80.95494624978556,203
IMG_01793,-6.564755189776946,-80.60689820117538,525
IMG_01794,-42.94186164316237,145.2526273918853,487
IMG_01795,-20.252197779492548,-67.45085755468361,842
IMG_01796,-27.2544937224478,-62.302798759237874,683
IMG_01797,60.81297389783708,79.97333211943032,589
IMG_01798,28.5990260682171,-104.93612713093484,725
IMG_01799,63.18677398528118,110.9534549719594,194
IMG_01800,-16.9787834041759,129.77329753947777,304
IMG_01801,31.21958804302041,73.30214261982408,511
IMG_01802,-35.07318437848569,-72.79995385246002,23
IMG_01803,68.41222362035916,15.004014245629662,622
IMG_01804,39.74277124705131,32.41337383249237,308
IMG_01805,-36.17002615460102,-70.81477239431949,999
IMG_01806,57.8267547884187,13.302160323631623,659
IMG_01807,-12.03748467969291,49.891348326742616,996
IMG_01808,49.94476365896776,46.74311587295253,882
IMG_01809,35.40917182118628,-2.6099616750330483,366
IMG_01810,68.97806208401784,-132.4303907948307,162
IMG_01811,43.66896603239872,17.690380536323232,374
IMG_01812,37.30484800504303,-119.01690545538727,96
IMG_01813,6.288773525037172,15.467578039204028,325
IMG_01814,-13.618897557593968,-74.79135466821643,289
IMG_01815,-21.04204150031451,141.36760396538415,709
IMG_01816,-28.02888889000336,-53.05938130226002,545
IMG_01817,27.966363378845173,-112.76270040646892,391
IMG_01818,59.52699501552769,95.76400293910008,20
IMG_01819,51.23512491616299,30.12712851223569,13
IMG_01820,51.686904964648704,77.10733751708909,926
IMG_01821,37.56955501234572,104.82231988669258,443
IMG_01822,31.08197674002577,-98.46870473403392,893
IMG_01823,63.88128621873071,29.64557481421707,288
IMG_01824,57.500952275186,-96.67413429358548,491
IMG_01825,-31.406855027579,-55.94107105468048,155
IMG_01826,44.811478616435465,86.21630549035035,286
IMG_01827,47.361684550639154,47.55513748333272,118
IMG_01828,-15.225174786259402,118.71684870321212,522
IMG_01829,-26.51246644099143,27.71144430861861,629
IMG_01830,-29.72970822264424,147.69883753351075,244
IMG_01831,43.50775025877937,17.603532963755868,374
IMG_01832,61.86245907487896,44.97263567638356,677
IMG_01833,35.987006399983244,6.3217264605751495,349
IMG_01834,53.49150577509465,68.24177973700665,465
IMG_01835,58.13526306063537,-2.084116822605665,403
IMG_01836,-23.670757682744693,143.35993250297236,348
IMG_01837,57.6507477612173,32.633222850977745,962
IMG_01838,38.27936956689837,5.732193568070585,252
IMG_01839,55.383591399505065,46.62204833530822,206
IMG_01840,47.77291165562235,-115.83534530334266,227
IMG_01841,41.98514563318804,-10.725685191769172,209
IMG_01842,3.7158022370459207,-75.64078140326328,282
IMG_01843,32.10087247381728,-99.05109961350011,822
IMG_01844,-30.87503967314997,136.12283304054063,513
IMG_01845,27.379833249270348,101.34055587685594,181
IMG_01846,41.55495702538124,1.134487213109054,607
IMG_01847,42.59554732617741,24.539759873053896,342
IMG_01848,31.20246873725577,-90.90265691617844,637
IMG_01849,-39.85963722190154,-73.99915678474785,395
IMG_01850,45.65508775989866,78.80053776394601,299
IMG_01851,-26.724191229486124,-64.42058112041727,620
IMG_01852,-15.70531754805586,128.82737869124185,304
IMG_01853,-32.10704621153654,21.34035126406414,957
IMG_01854,13.97752981384744,-1.3839422263881715,483
IMG_01855,61.23398864207641,43.55808528756768,195
IMG_01856,41.53496507609577,-127.01727048952564,694
IMG_01857,46.45788725425732,36.51736019424422,700
IMG_01858,46.61048537149401,27.000677981476485,692
IMG_01859,67.91296410312441,79.29974866995963,431
IMG_01860,36.916875369549416,-107.72921368341504,47
IMG_01861,2.795790092311705,-62.54705407682266,111
IMG_01862,40.83003437811507,14.08273906416403,955
IMG_01863,-19.137608506833036,-64.71799487604807,143
IMG_01864,-12.334602131183315,92.4033141907302,65
IMG_01865,50.87228625675834,-127.08502064566584,93
IMG_01866,7.379170114891934,38.49696171705287,192
IMG_01867,-6.837382208921682,-72.73062391758255,130
IMG_01868,46.420590774551215,42.442308000370645,750
IMG_01869,-20.145359356139096,145.41853843975986,871
IMG_01870,35.74779178250772,-120.11683804214434,761
IMG_01871,-17.176322798554054,-60.59138113313534,715
IMG_01872,57.17062705332973,84.91923227784844,373
IMG_01873,-18.71621325133451,12.79030515519372,552
IMG_01874,50.45681785163538,-4.646362754097851,498
IMG_01875,45.28888068457138,-117.2816678826204,19
IMG_01876,53.95567336347165,4.3234190713720295,363
IMG_01877,46.61618992017208,37.3915768689686,700
IMG_01878,42.254833276212366,71.22691740782909,165
IMG_01879,-22.98756005871479,-54.930877426286514,813
IMG_01880,42.42592191679779,46.4094468612609,180
IMG_01881,-0.4822599204108826,-75.01993174260087,624
IMG_01882,57.98261748613976,104.58439524700964,61
IMG_01883,42.93815882202159,-90.30968197723914,32
IMG_01884,-23.140502724845238,-42.07312532909458,298
IMG_01885,59.077954237488825,74.76165719004081,967
IMG_01886,-43.12447135937781,-65.75379742196878,269
IMG_01887,57.37410483211588,14.384354626378752,659
IMG_01888,52.85449416876168,17.69016468482519,278
IMG_01889,-10.286234906290275,150.80861976146838,86
IMG_01890,-26.3463077860049,-55.86063438885675,233
IMG_01891,56.45534021231487,34.68604279887063,279
IMG_01892,-6.5166681414805225,-56.93358113224622,28
IMG_01893,62.21357985399291,37.07915936438727,473
IMG_01894,53.17557790518328,78.49115149916742,140
IMG_01895,53.638015055010186,31.91662667372566,960
IMG_01896,-19.80996764798448,29.16664399563476,122
IMG_01897,-18.7288313765348,-68.05152804947832,358
IMG_01898,-4.619614901680194,-45.19399318120509,277
IMG_01899,32.20519702308073,-101.1750951089969,205
IMG_01900,-24.01770380238869,26.424472893181587,371
IMG_01901,-6.222833773277543,12.6915318823184,652
IMG_01902,45.90042996895773,-120.93088320577324,19
IMG_01903,57.55816649971183,67.44795348998468,878
IMG_01904,2.5958512938899787,-64.24385461107059,111
IMG_01905,57.13741089435487,14.15318818297584,659
IMG_01906,37.08254504305958,-99.29641496613796,708
IMG_01907,29.50930927968308,65.4265003959371,70
IMG_01908,-22.070356634132,135.10464697538384,161
IMG_01909,43.68899593034973,104.34596522255458,678
IMG_01910,32.79373564904769,-102.16647657638424,137
IMG_01911,51.772649941857054,11.996444534960318,477
IMG_01912,43.1922135545986,34.70296061655608,152
IMG_01913,-25.5151242943322,130.28779853215997,831
IMG_01914,-14.275791939839706,-56.21489389533761,612
IMG_01915,2.6955382508237165,33.65312959080228,825
IMG_01916,-28.510508173356985,26.432113593720945,587
IMG_01917,49.26167814389487,-1.7139730991298163,534
IMG_01918,51.364720186805016,-124.8731171615658,783
IMG_01919,-24.79930419433245,28.66290844452641,10
IMG_01920,28.81981640269976,110.61639686744468,543
IMG_01921,61.66983024008388,30.733502535495887,992
IMG_01922,-28.908503799158723,-71.70405523876457,462
IMG_01923,38.789508939330375,-117.2429274500014,96
IMG_01924,46.945657437107,-86.27572421759658,397
IMG_01925,46.43032829595654,2.9958327152933464,76
IMG_01926,-40.52126941639802,-72.41222702662289,395
IMG_01927,60.09628670028019,-93.29617540152306,172
IMG_01928,42.54500020519825,77.20423678028618,518
IMG_01929,50.88568412606796,23.303991798840087,383
IMG_01930,2.5263820630996463,28.20546348285748,560
IMG_01931,62.17213825021673,41.28264005596537,195
IMG_01932,42.18814576593445,99.73423503656772,883
IMG_01933,43.86758556676054,41.645115134581886,418
IMG_01934,-26.008148293301986,145.3392949985307,542
IMG_01935,-42.8661288194408,-66.05377208981916,269
IMG_01936,-13.461070183172254,-47.59709034074422,229
IMG_01937,41.1282151618436,-7.857570092440341,337
IMG_01938,-18.0393852587212,-58.48545498137464,476
IMG_01939,-7.529963889027584,-70.3141519877092,459
IMG_01940,59.61922300424507,67.71532251449341,290
IMG_01941,-4.149385818303159,-63.712431939094586,455
IMG_01942,51.6552675794637,6.4492694111181095,145
IMG_01943,7.682199998447558,-7.983414185038129,838
IMG_01944,38.371217277682376,-115.70810150778053,796
IMG_01945,-8.047288275564242,-76.53017609367356,267
IMG_01946,-6.865303015554872,-76.48399142351204,888
IMG_01947,7.564729306425136,32.09368776163393,484
IMG_01948,51.33982737515706,101.4740825130674,930
IMG_01949,-18.439099312843663,129.60063251586996,585
IMG_01950,51.63214812369742,-115.08882147285313,351
IMG_01951,43.728171258190144,83.95017864511794,286
IMG_01952,-11.30978119577368,-64.0164700345939,853
IMG_01953,37.494408546592666,-3.018941080911389,366
IMG_01954,28.734135844502877,94.07936952104212,419
IMG_01955,51.48869331276995,9.349257729310352,145
IMG_01956,-27.076909365157768,29.79032727491031,235
IMG_01957,9.687812902557935,38.902795724560406,880
IMG_01958,49.82952649603064,6.904157038557685,946
IMG_01959,45.95275468620776,13.71671018497574,674
IMG_01960,43.38168218330839,22.28216996890734,695
IMG_01961,49.09881866124204,-114.4674122123792,227
IMG_01962,36.212548801892325,-117.69341640570453,307
IMG_01963,-3.328561581296753,-36.26875257105945,719
IMG_01964,49.161618498949,101.73558017533172,85
IMG_01965,49.49747219287224,-115.23531303137838,227
IMG_01966,-19.954421104968105,-43.63045714496826,601
IMG_01967,55.201410194016006,72.87509065387505,569
IMG_01968,53.83583661944641,73.61202123718061,858
IMG_01969,-25.92818428640936,-65.58488824882383,620
IMG_01970,-20.86210000678291,144.09854944764595,871
IMG_01971,-28.94107679992452,-65.97891298801613,114
IMG_01972,37.18994158085181,27.8069721930942,892
IMG_01973,60.58987276912987,-133.19925302313212,231
IMG_01974,44.5015922426048,108.148882284311,132
IMG_01975,-12.129533669170712,-73.57839899488798,558
IMG_01976,-24.33011412693753,168.0659376668517,537
IMG_01977,41.4131198072198,-88.13328787959692,852
IMG_01978,9.684424973997608,13.44024095155521,325
IMG_01979,10.99351392130984,-14.552034660851348,771
IMG_01980,8.594955885886492,43.18270582161,420
IMG_01981,39.13405919217047,-111.4578367439212,408
IMG_01982,61.862026995521376,26.287460100686587,811
IMG_01983,51.16415837903057,-8.346470109078808,912
IMG_01984,-9.158311955563278,-64.52551970534287,853
IMG_01985,-15.714457334858963,-55.649979221997626,612
IMG_01986,43.1622162335625,-120.11628375487396,447
IMG_01987,-13.793245566030166,18.405770201080173,378
IMG_01988,-19.50868749741961,119.24218643851292,793
IMG_01989,54.58992036374679,-4.906746925806544,212
IMG_01990,54.18119700935358,18.93136758125928,971
IMG_01991,45.6366611412596,83.79633989880858,656
IMG_01992,-43.66789280419057,141.70243417117763,535
IMG_01993,52.61729286670635,7.670735903304063,145
IMG_01994,-17.266482960319138,142.40150208436484,469
IMG_01995,-35.34298629120005,26.903132622762683,388
IMG_01996,-8.216450512621833,-40.16186453068974,603
IMG_01997,43.91189720457604,13.332508599710197,101
IMG_01998,8.559549705447168,26.799249122117345,359
IMG_01999,-18.57015951462374,141.3006231347872,39
IMG_02000,40.69880689952368,-107.29771171798774,115
IMG_02001,-21.70670424100805,-69.76037333990028,51
IMG_02002,38.68989770797822,-2.357417975959692,727
IMG_02003,44.99615414162619,11.021989434141377,218
IMG_02004,57.3477014229357,42.33278204478066,921
IMG_02005,5.646474050140611,37.73377053422504,864
IMG_02006,-2.3367061031982104,28.793384646895618,904
IMG_02007,58.3487526668421,-117.35574522224448,937
IMG_02008,-16.54656339916616,132.76484686468524,453
IMG_02009,60.23602515417059,-1.4840084163842278,766
IMG_02010,70.9953009819694,13.150840846934614,626
IMG_02011,-41.17191791771834,149.8972257042745,906
IMG_02012,-9.58478761933263,-36.29127462224977,927
IMG_02013,-28.53882757650437,-42.49784112191915,294
IMG_02014,57.32126893185631,-132.2829902890568,582
IMG_02015,-39.05463986667493,-65.28312184020189,772
IMG_02016,52.16733418203876,-117.04466324737112,40
IMG_02017,-6.901043276730988,-45.5309833978157,657
IMG_02018,52.03091803441265,-97.3744696170619,448
IMG_02019,40.42610448985317,-125.47773156813857,694
IMG_02020,-35.53438475173105,-68.68039400821205,935
IMG_02021,53.129474773544416,33.1237671996775,604
IMG_02022,54.49713797868108,9.419938657929578,644
IMG_02023,48.97921216675616,87.38895881546125,92
IMG_02024,-1.7286994321890177,-60.9106305840984,207
IMG_02025,52.35604455538413,-2.428912184573363,16
IMG_02026,-4.470590489942168,-41.16104698620467,22
IMG_02027,-4.345252312105714,-38.5680436507694,719
IMG_02028,54.14370965767307,103.75180557183734,226
IMG_02029,-27.377985581106916,148.08150229778232,572
IMG_02030,56.30177282514194,34.843549098076664,279
IMG_02031,57.94706741568149,44.95881714081057,921
IMG_02032,61.90118052071159,-6.343352840140312,884
IMG_02033,-25.87557556823521,-44.614682089300686,721
IMG_02034,-8.441109030446512,-36.725226046262605,927
IMG_02035,56.21023098709856,-115.84637311490349,937
IMG_02036,42.69171374775243,40.65107478157179,25
IMG_02037,-13.622170478026206,17.475836517919163,378
IMG_02038,36.71957748573303,-92.44741375273084,293
IMG_02039,55.86305692217272,46.427630193975176,206
IMG_02040,2.667770950288798,9.31612079251937,687
IMG_02041,35.45338813822494,-113.438831035097,591
IMG_02042,40.25140846954048,109.8624811017712,255
IMG_02043,-9.271531570950115,-49.987826265802255,72
IMG_02044,35.026747153315426,-120.7075399065363,761
IMG_02045,59.955724402517774,30.40160093101156,57
IMG_02046,50.848949709747046,2.346101588970555,340
IMG_02047,9.866974222402137,37.57914934565281,880
IMG_02048,67.51078843085048,-129.06220527750924,406
IMG_02049,61.720596211985935,45.46134513977762,677
IMG_02050,-6.128187972160575,-43.87195687482418,657
IMG_02051,-34.173102994329206,-53.008460788181424,392
IMG_02052,-17.681943633185966,-42.10427146293574,106
IMG_02053,-27.789890560838103,32.10895126654509,530
IMG_02054,37.56770765716672,-108.2723846215246,722
IMG_02055,-28.43220352202951,134.2139774056235,513
IMG_02056,50.607428116514086,-123.90571890640334,783
IMG_02057,64.60636958556637,40.27120759074003,463
IMG_02058,55.92180245931448,23.94321523461923,646
IMG_02059,48.668715150622205,35.132817287663784,262
IMG_02060,9.011826187667126,3.3895326307786604,929
IMG_02061,9.340140049355838,0.9122257477214646,295
IMG_02062,-2.858434358233424,-45.08005867965386,277
IMG_02063,41.60924089249451,-9.450683009494751,337
IMG_02064,-33.841333877560515,142.1117167286563,908
IMG_02065,31.27808530425203,-118.2094154412896,178
IMG_02066,44.51817435617392,105.82795319489418,132
IMG_02067,53.65328214497754,83.90302391220445,998
IMG_02068,54.73438041813023,-5.17803564169904,212
IMG_02069,46.23520172134954,-95.906974516195,376
IMG_02070,54.34825318508871,26.540366039263063,176
IMG_02071,56.35128747781815,68.39911412945844,878
IMG_02072,47.165043323302086,65.92751733136743,739
IMG_02073,43.56096956048589,0.9815491846730992,362
IMG_02074,-23.312430935437604,29.07138967695016,712
IMG_02075,-30.72354204791558,-68.49854984912947,310
IMG_02076,-28.00121560172289,115.471533906751,817
IMG_02077,34.47747737273333,-99.42628420811434,450
IMG_02078,51.13931003214304,20.149628650916554,53
IMG_02079,-32.13606991696627,131.00834384880022,2
IMG_02080,-4.966443813381687,-52.33811949460028,737
IMG_02081,9.662314589998346,-13.011042824493217,942
IMG_02082,38.70219248315698,-104.2702346190526,345
IMG_02083,63.82967343989094,21.415792899588894,21
IMG_02084,-39.58300985095485,-55.89495338133092,928
IMG_02085,40.19438779747307,27.752383463054517,590
IMG_02086,-12.411752234449494,-61.91127223138696,581
IMG_02087,37.89580673150789,-93.59772698479772,293
IMG_02088,62.041057266670464,-126.13940508260104,600
IMG_02089,10.112483655839526,120.75719280911716,171
IMG_02090,-14.832244541272672,-47.08060084321011,229
IMG_02091,40.59667849558696,-118.22223076996136,854
IMG_02092,49.67636767337908,-115.7902692106576,227
IMG_02093,61.92401614254032,-127.53074770087616,600
IMG_02094,54.13503184767444,-117.2444378865458,40
IMG_02095,-5.722329671281301,73.9538907378319,95
IMG_02096,54.59987387501434,-5.820479185997215,248
IMG_02097,56.62680406372749,10.476357651176954,659
IMG_02098,57.35736135023507,74.12035832990125,569
IMG_02099,65.4790489644081,28.679799150597376,75
IMG_02100,-19.37507868906995,47.61528117919357,934
IMG_02101,57.64337208789959,-115.72835791087886,937
IMG_02102,-37.38292897417182,-74.19913967157055,223
IMG_02103,28.051976183667847,-86.1179393090217,234
IMG_02104,53.22320144698409,83.59520537720834,998
IMG_02105,-25.50380550178977,-70.04992162258124,633
IMG_02106,67.47620274161818,41.23469327894682,671
IMG_02107,33.09779188610305,-110.9709749032058,225
IMG_02108,49.77785924842152,94.87101145710056,316
IMG_02109,-24.999766474835496,-64.537865407093,620
IMG_02110,52.085661093645456,103.5847377177878,930
IMG_02111,-27.184336094198517,147.30697637731447,572
IMG_02112,-36.22558388719095,146.67500729293857,18
IMG_02113,-14.206843595664807,126.405535674904,788
IMG_02114,28.793301745303424,-101.75883184807866,580
IMG_02115,-36.50856349021145,-64.10767884445004,196
IMG_02116,-4.362157338822769,-60.46711213490431,840
IMG_02117,33.695390001045595,-117.67473237952726,474
IMG_02118,62.3882393584725,26.824060465924248,992
IMG_02119,48.898290506175215,99.0475597160264,493
IMG_02120,57.63857158332803,6.64067997192322,379
IMG_02121,50.85943577140131,29.81937192667658,13
IMG_02122,9.678815867270243,-1.4164927161864682,295
IMG_02123,43.01071261174593,-93.79861990110342,567
IMG_02124,-27.37647983743564,-51.50243801881095,545
IMG_02125,41.34157177219152,-102.65637064538248,885
IMG_02126,50.08101662365485,-107.02516098083424,302
IMG_02127,40.772021000978725,-91.69324092156236,188
IMG_02128,-20.634233798571444,-67.8015335514354,842
IMG_02129,42.479861562981,-0.4138193689935008,607
IMG_02130,-31.84470698495289,-58.406984597204485,810
IMG_02131,54.22536341854732,90.797650359928,859
IMG_02132,-16.65169853321585,-46.602933579848695,790
IMG_02133,-23.42078540155552,109.6754715313607,660
IMG_02134,62.2003747231135,37.52428254859228,473
IMG_02135,-10.133037143021395,114.42544848753886,521
IMG_02136,-15.423167437989136,-54.514605567979686,612
IMG_02137,-29.490662884390662,150.23227149443096,35
IMG_02138,-9.705171935707511,-37.78670012279002,177
IMG_02139,14.40202215385284,-19.63662169263569,41
IMG_02140,-33.98054169722386,-70.7834295932295,23
IMG_02141,-18.376312137224403,122.04766527702328,253
IMG_02142,42.52434770373012,-94.0233737441878,751
IMG_02143,-8.214854633479902,-45.14881871440002,163
IMG_02144,-29.55706895195764,32.13946341122684,467
IMG_02145,52.886346362859456,47.31285519761926,260
IMG_02146,41.032183638558,-112.60465932020438,300
IMG_02147,-9.154046876776562,-71.00642844370243,459
IMG_02148,-41.641964645818064,-74.50829922086395,573
IMG_02149,40.10735971324869,-101.99329783894729,885
IMG_02150,48.16497153665017,30.438600210393812,688
IMG_02151,59.234996379552825,40.59195129599982,195
IMG_02152,73.07256215365553,87.11587323062514,896
IMG_02153,51.66396582688853,4.7330985949654405,824
IMG_02154,39.76666039739746,43.7371656368735,703
IMG_02155,44.771308109847865,-95.77275374406872,376
IMG_02156,63.20278987488459,68.21143503124216,723
IMG_02157,41.38754558209905,85.53549940854987,286
IMG_02158,55.682073129797885,37.32571592862567,279
IMG_02159,44.13690537319201,66.95742608080457,210
IMG_02160,40.20246092396451,-110.23971859499868,408
IMG_02161,37.99348626688463,31.00000530491579,230
IMG_02162,13.572864366003728,-16.913734796457845,649
IMG_02163,38.4385219499064,-123.5163841113088,970
IMG_02164,50.21026766351727,40.11097275619815,105
IMG_02165,52.33532917953278,82.85700753860397,998
IMG_02166,46.34722622610013,24.105329443851986,950
IMG_02167,44.12617654639598,11.7827176119456,101
IMG_02168,55.92425785619472,-104.45169136855922,583
IMG_02169,-14.39285852476698,-75.96067163265324,945
IMG_02170,56.92405956988921,93.81707876501672,187
IMG_02171,35.754438042792586,27.00338352202698,369
IMG_02172,39.520571469075264,-98.0418076986996,917
IMG_02173,-1.6242682085214,-44.69257099147444,902
IMG_02174,59.65464828552109,-6.185134258155927,642
IMG_02175,33.666246262705954,79.36437260158999,112
IMG_02176,28.280080136321672,-108.14374910310698,725
IMG_02177,47.49359107019461,-96.38025846701828,693
IMG_02178,57.97424038911163,-3.556410921466437,901
IMG_02179,39.84123365851994,16.12961204452958,208
IMG_02180,-10.619188237252246,110.40722242230794,153
IMG_02181,8.99843921806989,37.53446275099944,192
IMG_02182,29.778775070284112,95.3985955512568,419
IMG_02183,40.077453085305024,4.994492595267843,953
IMG_02184,54.47281999225584,-3.204110046967884,212
IMG_02185,-16.859293634535106,141.99119431004078,469
IMG_02186,49.04300240003517,80.44107690170642,656
IMG_02187,26.08136214411215,-93.54427225456628,966
IMG_02188,-16.724576616155133,126.73330821223487,585
IMG_02189,46.61130769143091,105.26400915297586,931
IMG_02190,-19.762885937384556,-69.87794076395849,51
IMG_02191,-1.216314408397437,-50.9948559594036,283
IMG_02192,47.87881022713242,67.01581576860812,336
IMG_02193,-25.204755682810852,29.172029739248643,386
IMG_02194,-30.525503617524343,147.87402095225667,244
IMG_02195,31.65698002434874,-97.7952361223266,893
IMG_02196,47.215929790993584,-88.6589707227967,500
IMG_02197,9.615888966175843,47.42916663886047,433
IMG_02198,43.09150353336514,18.203787956880547,374
IMG_02199,35.95729256115001,11.290465073985388,490
IMG_02200,61.61646759799913,-130.67790697896086,231
IMG_02201,48.38591577182106,-103.58785864034289,526
IMG_02202,64.39740682088097,70.06820533228074,48
IMG_02203,-27.23965983802536,-66.50809299955777,114
IMG_02204,67.31798298663341,-89.23771355676703,964
IMG_02205,12.293497301661915,41.39708193095785,251
IMG_02206,52.90764653918029,110.333208981246,254
IMG_02207,27.608937131706654,-110.2797131729268,899
IMG_02208,-24.151391109145862,140.90826056019353,348
IMG_02209,-14.858074154322765,-41.07756290946193,66
IMG_02210,36.21932490376781,-97.83155074681645,12
IMG_02211,46.448191165511446,38.239144555230695,700
IMG_02212,44.324630333474005,25.75417770455465,950
IMG_02213,-8.807153579408634,-50.27319766785397,72
IMG_02214,-41.28025319080353,-68.55473576756482,710
IMG_02215,60.54021628867275,73.72946422355699,435
IMG_02216,46.09061360103317,73.9736678770258,974
IMG_02217,36.8755966754761,-116.23044781650518,307
IMG_02218,37.58956722051441,-97.3607766170826,708
IMG_02219,-21.49944358620779,-42.07631328758566,298
IMG_02220,-24.033353270712496,-70.07785940883981,801
IMG_02221,5.4135268330418285,34.18667671873308,484
IMG_02222,40.25161762578893,8.518139044965267,489
IMG_02223,57.70846275312769,80.89866257379595,203
IMG_02224,-6.765410280598374,-44.44620323501357,657
IMG_02225,31.54055990836804,76.060058589535,511
IMG_02226,61.12565706892912,7.84260314735792,505
IMG_02227,48.03042477141486,-90.41918908155404,500
IMG_02228,10.162463642552892,38.220122514794696,880
IMG_02229,-20.344642083127667,28.044123788809173,413
IMG_02230,45.831091721064496,76.87257660474177,974
IMG_02231,-28.08202722744184,-59.79442613064393,533
IMG_02232,52.35884274510647,69.91716531420352,465
IMG_02233,37.62576769163832,29.025953206741576,892
IMG_02234,42.262428304333184,-90.29569910333964,852
IMG_02235,-41.81785930323225,-69.18458758824094,109
IMG_02236,48.71165123012699,99.19637157882022,493
IMG_02237,54.73729261414991,13.531261846028457,60
IMG_02238,33.762047863044884,-96.54871463651388,327
IMG_02239,-7.332737578472106,-56.72359745755716,28
IMG_02240,32.61214126070638,-93.5051036138976,918
IMG_02241,37.66408004252486,-110.8737695717968,179
IMG_02242,52.92489822591432,80.3541503527565,998
IMG_02243,63.51389115580122,-132.5959455472573,872
IMG_02244,8.523338492524204,39.816824363174334,192
IMG_02245,61.2959232305613,-130.26590649248757,231
IMG_02246,42.68849444603328,4.205551715431312,757
IMG_02247,35.39374228096298,11.924600156087962,490
IMG_02248,12.648779619375505,37.86905319387236,77
IMG_02249,54.794966810701226,46.626040622638754,206
IMG_02250,-32.76556409233628,-56.15469214825266,9
IMG_02251,-27.249789254140676,-64.45697592201657,114
IMG_02252,68.2107804955404,35.61311412515667,494
IMG_02253,-35.34547026388934,140.87291201923148,908
IMG_02254,62.76142931321857,7.885341530761821,791
IMG_02255,41.71823527149837,-84.37494062108001,968
IMG_02256,65.120720899476,11.45140549916428,396
IMG_02257,54.73391550740243,46.6569535809453,206
IMG_02258,31.649469682787185,-90.82727526498044,637
IMG_02259,50.97086929913007,-127.390085728745,93
IMG_02260,40.58579011411115,33.86691653255025,653
IMG_02261,-27.079914566459777,-48.58984400784007,339
IMG_02262,-16.55028829602415,129.07332349094747,304
IMG_02263,6.106230215043823,-1.0194075670110865,874
IMG_02264,-7.229073294547931,-75.41042171895248,267
IMG_02265,40.60164495289712,8.308631050671607,489
IMG_02266,6.424254288530989,-0.8904796129670842,874
IMG_02267,26.29008654836872,65.80861254259733,70
IMG_02268,-1.1114716777828022,6.360841766774399,317
IMG_02269,51.99499939115722,-113.5695272360162,351
IMG_02270,53.64206499695945,86.92796687412203,425
IMG_02271,40.66751074429982,45.99016916312917,703
IMG_02272,61.13888624997054,10.596746698944855,121
IMG_02273,48.62830149982034,79.76371968759656,656
IMG_02274,67.24824429574514,88.29362218496419,189
IMG_02275,-21.862946260159436,-58.41894960980561,46
IMG_02276,3.520778285078606,3.005636586823925,868
IMG_02277,11.31677230117667,-8.180494601903234,124
IMG_02278,-26.565507345814595,28.550119596174227,235
IMG_02279,6.054682922085618,6.429151644607174,183
IMG_02280,56.43530319738935,12.338862891842837,659
IMG_02281,-32.838640140113625,125.37125043407632,266
IMG_02282,64.5721410501153,13.147121073226316,396
IMG_02283,7.624791531484746,48.16277351786499,433
IMG_02284,35.28789294204137,-90.57196414523108,911
IMG_02285,53.35624439755378,91.57899590273018,246
IMG_02286,56.90468081205631,67.95820074097577,878
IMG_02287,-18.698493243403107,-63.31347464671957,143
IMG_02288,53.70216323562795,-116.99059766360864,40
IMG_02289,62.39806966166134,77.42581464169245,589
IMG_02290,-11.875588355443613,-41.03499855359436,836
IMG_02291,66.448556830884,27.17367918898546,503
IMG_02292,40.57382079560856,8.568359244861028,489
IMG_02293,-0.4827999297373537,-51.323376439810914,283
IMG_02294,48.75238337321014,88.2153158823711,449
IMG_02295,44.00226811860577,93.7452024832396,37
IMG_02296,50.79390140696455,73.39185928966941,264
IMG_02297,43.408366304922765,-100.62132233714532,430
IMG_02298,7.155803948922042,43.72758071546423,754
IMG_02299,49.80962293442792,65.04034232260557,564
IMG_02300,-22.92631080227096,-42.82578572574121,284
IMG_02301,56.2618745343845,-3.4535986429865773,988
IMG_02302,-23.29652923482638,-56.624091397071965,813
IMG_02303,57.50737212018407,-129.82807498951246,582
IMG_02304,53.51265845153074,102.77989369546322,226
IMG_02305,-12.254066717069437,106.86023664271865,346
IMG_02306,63.73541436118552,27.315504531866623,992
IMG_02307,-30.50862338492027,147.12190266915223,244
IMG_02308,-13.775873087433029,25.48210080483679,647
IMG_02309,54.11148350419535,98.13713230658276,914
IMG_02310,-18.58252082434784,143.66135532019223,39
IMG_02311,16.236804629283526,-15.98453557323046,331
IMG_02312,56.522238481539375,12.73760182735387,659
IMG_02313,38.32624628905876,-98.11762360287386,708
IMG_02314,40.71382731074058,23.963011354160614,342
IMG_02315,10.897926412058524,30.91243108171227,803
IMG_02316,27.50890058750484,-100.77523446277532,980
IMG_02317,-20.999843945207346,125.95461546843136,846
IMG_02318,2.9341609003492977,26.694625259173197,818
IMG_02319,-21.525767886965863,-41.16813928532764,298
IMG_02320,-7.953091659042627,-31.530513460944743,927
IMG_02321,49.44183825348165,-128.61559325769164,982
IMG_02322,15.015223743749884,-15.258047539574164,331
IMG_02323,-17.958038542903665,-38.57112195685454,432
IMG_02324,-41.45113192383484,-66.46185176277442,710
IMG_02325,38.64949942315189,-129.5675986029198,694
IMG_02326,48.14763030238868,108.06506350714808,711
IMG_02327,-35.59898013220636,117.46512340949562,890
IMG_02328,40.08117374202416,-114.85325494926894,300
IMG_02329,36.46818309332464,-117.21771166898756,307
IMG_02330,57.26612267983691,-4.392313861666622,901
IMG_02331,-28.153681246690677,-46.88961275564896,294
IMG_02332,37.21909059921328,-85.7962474674499,932
IMG_02333,7.803056408119829,38.72281835268862,192
IMG_02334,-22.696561113009125,28.06445666998013,712
IMG_02335,40.87985151027323,-117.50335761322124,854
IMG_02336,49.06446328050205,-113.9620865870314,227
IMG_02337,38.807015248119285,18.622537858901808,849
IMG_02338,-1.1675674286270237,-68.9484010647088,698
IMG_02339,51.88591474785807,27.360963785842387,13
IMG_02340,9.518401478869748,43.80499600949071,420
IMG_02341,50.1180413903096,8.284881170196087,145
IMG_02342,56.206584855055326,-106.07769603817285,417
IMG_02343,48.25759090662672,34.35223174042682,414
IMG_02344,61.7050130026914,27.17558171382757,811
IMG_02345,33.84622654285353,-88.81932320862646,423
IMG_02346,37.512183792203146,45.28336531062649,329
IMG_02347,-34.22527949477689,-65.52665037189152,664
IMG_02348,-27.12550709023533,-55.499310184395966,602
IMG_02349,39.25288800338655,66.79292733238651,80
IMG_02350,38.935575941319314,42.27446566410276,703
IMG_02351,40.90930592515534,34.738870993116535,653
IMG_02352,-43.14983355642705,-65.54677254775915,269
IMG_02353,40.245413719235614,9.063207981120684,489
IMG_02354,-9.391063135286942,-75.92160840917576,679
IMG_02355,42.3647883941,-123.6082378609207,150
IMG_02356,-21.161126544106622,27.71921357263929,413
IMG_02357,-26.27730542246277,118.84547394480715,752
IMG_02358,45.28547373896919,-120.36116905895253,19
IMG_02359,-10.68287709161632,54.01508040441132,996
IMG_02360,-20.169038810715392,148.09115855918373,159
IMG_02361,54.41835411289239,-115.70604261362377,40
IMG_02362,-23.091523893687334,167.50346085367164,537
IMG_02363,-1.5684544692509803,30.95719322324257,4
IMG_02364,-9.134232611990882,-74.9210842263763,679
IMG_02365,-17.253275313949217,144.46822317813843,606
IMG_02366,0.1566755563507058,-65.54215731342694,619
IMG_02367,43.83784313908018,10.374890274922391,17
IMG_02368,11.635294300194744,-1.0321839404140576,295
IMG_02369,52.5587325662834,-109.64075591054691,847
IMG_02370,-24.83356276240165,137.2278064415351,128
IMG_02371,47.9137537206941,91.92279783355708,449
IMG_02372,45.38101549850381,-123.0196689198757,639
IMG_02373,57.14337865371749,44.13434190766094,921
IMG_02374,29.22168065650068,-114.87645084740208,391
IMG_02375,55.25278029635709,-125.04856604832938,470
IMG_02376,33.65456457299408,72.42998158218336,305
IMG_02377,-10.655085082502753,-78.61400875833476,0
IMG_02378,48.97004252058096,103.64301589282776,85
IMG_02379,64.05217814399356,35.6861057776118,782
IMG_02380,-24.52080061344094,24.58489759793062,371
IMG_02381,46.045104111277766,54.84819424656092,826
IMG_02382,-0.937632894217515,147.22994820520148,389
IMG_02383,6.439753224465392,1.9205317816884813,555
IMG_02384,39.76147399673002,-117.2670611505003,854
IMG_02385,-22.21051006324106,-66.0362989666427,343
IMG_02386,42.68833305759375,50.80161187878798,180
IMG_02387,28.80639079012957,-112.32117118110612,391
IMG_02388,43.647351405777385,-121.12124752581154,447
IMG_02389,43.972790795586434,-109.96633757313953,592
IMG_02390,42.952246588364176,-87.32233143610524,32
IMG_02391,-5.533859856373852,-62.42420208022192,745
IMG_02392,-25.8022928474484,118.18384526217,752
IMG_02393,63.52105171361603,69.46881279721123,48
IMG_02394,-27.392094087354195,-57.80860175066198,533
IMG_02395,-3.7606653047962766,-39.28079099207858,719
IMG_02396,64.17465443469314,40.232811848925,463
IMG_02397,37.2568062769691,-93.75562121918232,293
IMG_02398,36.95725461255918,21.400690139138614,655
IMG_02399,-3.7788684338279097,-45.30640433090719,277
IMG_02400,-25.44019073136684,-48.21984792259809,356
IMG_02401,-18.018088336400467,24.972686272138134,426
IMG_02402,-42.952058994699776,146.24556786598237,906
IMG_02403,37.83812418885475,29.634143850372,892
IMG_02404,-25.750356193247285,-54.71818434427867,233
IMG_02405,46.71215572796208,8.552078652379635,381
IMG_02406,35.70150154450101,-84.09008809044253,898
IMG_02407,54.72157552982668,34.06459998760073,131
IMG_02408,41.356336126784925,-3.739943411344399,142
IMG_02409,47.560866572579215,5.965704593961931,381
IMG_02410,49.92662532782515,-131.72348157638567,551
IMG_02411,58.348650220649176,69.6042832210868,228
IMG_02412,50.21243389500859,73.65586308221711,264
IMG_02413,-4.400338037036306,-35.23933791632811,344
IMG_02414,44.7778754841525,7.086887572197099,686
IMG_02415,-32.20025772148047,115.99518276665566,615
IMG_02416,39.98995617396256,-120.77580303513382,970
IMG_02417,58.85866479156658,-126.1408527070765,113
IMG_02418,10.546504358925404,-82.17265931675007,190
IMG_02419,42.3136756553572,-104.58413443957416,430
IMG_02420,74.04698841721279,-120.22588150671014,923
IMG_02421,55.14471549320479,101.748627558914,226
IMG_02422,-25.579129040531583,119.3797632252477,752
IMG_02423,44.457330559733066,-106.43691485433816,993
IMG_02424,9.73984786812784,12.65138544201875,742
IMG_02425,50.15468315796409,109.6259639771688,158
IMG_02426,-2.4574781356025,-75.55788579272694,676
IMG_02427,52.2394933315606,-101.8102171591182,82
IMG_02428,-9.438596108280407,162.96873522856487,795
IMG_02429,46.011439235486336,11.49831880745262,218
IMG_02430,34.00790467549629,-102.86630641844224,137
IMG_02431,30.40748207189823,-105.13632131018372,725
IMG_02432,54.24090950560884,-8.118125232434522,125
IMG_02433,13.676969271168389,6.921367017604808,747
IMG_02434,59.77202573162725,-8.334383888160602,642
IMG_02435,55.9602311247815,-98.04898351477172,491
IMG_02436,31.852509793495813,-87.97258299891314,54
IMG_02437,-33.6155365569462,-56.60727322650641,9
IMG_02438,40.99681936530445,-4.270845838642828,142
IMG_02439,-19.532947721434383,-57.033096994599646,46
IMG_02440,10.481808776542325,38.06458262654425,880
IMG_02441,54.00240200861356,86.81407514926946,425
IMG_02442,40.81446000253021,-116.87535311092957,854
IMG_02443,54.07027643174186,-107.076196488194,847
IMG_02444,-13.967645872906076,10.44341458265987,552
IMG_02445,39.89947530305011,113.89428546685588,627
IMG_02446,53.20637208601454,-6.364415004676545,720
IMG_02447,-30.25054620073867,26.73568144567753,524
IMG_02448,41.12393659272527,34.08488697810952,653
IMG_02449,51.51612659122316,75.73379409214334,926
IMG_02450,-16.146262921332053,-70.03197562599344,98
IMG_02451,-29.84387715620192,-64.1271471847959,881
IMG_02452,26.703609774387942,75.50720770304764,268
IMG_02453,-4.590117869305885,-76.05607187155529,888
IMG_02454,-20.66284592271687,120.94967751656702,69
IMG_02455,42.70501124624914,-85.16099466449734,608
IMG_02456,46.80132282510678,96.73576700311251,493
IMG_02457,39.64973808762542,33.347752166949704,308
IMG_02458,33.69599012448111,-112.27127411149168,819
IMG_02459,54.8432034379608,68.63563295672651,465
IMG_02460,36.76130015892987,33.784343604371514,230
IMG_02461,57.430980156753066,-128.17427021521002,582
IMG_02462,40.18469019476396,15.05372079006321,955
IMG_02463,-14.957558359472316,-54.97578850447475,612
IMG_02464,67.62427460043341,36.7370669774233,494
IMG_02465,63.998906149335824,11.971411806285571,597
IMG_02466,18.197869925686845,25.174473876916096,461
IMG_02467,-24.80654063174923,-62.73845368176416,620
IMG_02468,48.51260210493552,-125.81846176876402,982
IMG_02469,-25.97235576453488,28.759019294277834,235
IMG_02470,-2.094815617320592,109.53500970273784,184
IMG_02471,36.35446244722105,22.63486670681016,655
IMG_02472,-31.36736585844932,143.89962186587792,90
IMG_02473,46.08693460838859,-86.31498236071607,397
IMG_02474,65.40755873375568,32.917820293298945,75
IMG_02475,-3.0464224525472616,-43.19967824659466,277
IMG_02476,29.02502532979831,88.79687773662937,87
IMG_02477,-38.498093812468014,151.3709090864155,263
IMG_02478,-21.19160499368398,63.61338612205992,541
IMG_02479,41.44128555183869,105.24243342555695,770
IMG_02480,-18.71903130427853,120.9689760991564,793
IMG_02481,54.56978632588391,-118.97990317863304,380
IMG_02482,52.99580898533373,35.24212175083525,604
IMG_02483,54.99774272427129,65.13419185858945,73
IMG_02484,56.41944601334163,9.388040837305653,837
IMG_02485,51.06493512150348,73.53551554035249,264
IMG_02486,28.9194402881117,-104.0860030537982,580
IMG_02487,52.81936390775974,84.7265841361077,425
IMG_02488,-27.65693638058512,26.66281585719057,587
IMG_02489,49.24616100020961,89.53639310875701,740
IMG_02490,11.769057451044148,40.70932929463777,251
IMG_02491,61.63671154197371,76.96846467535988,589
IMG_02492,-11.273645782688874,-71.2220054618263,459
IMG_02493,43.862568362775306,104.37943532254138,678
IMG_02494,40.23048493518928,44.52541775883148,703
IMG_02495,-13.678252331539554,-74.76187031564561,289
IMG_02496,28.493444056134337,78.74453749251694,978
IMG_02497,53.06864764549013,37.24393957591454,848
IMG_02498,12.944904953745649,6.181240320508323,747
IMG_02499,47.953943196013455,-113.84306084322064,227
IMG_02500,3.938543420950708,-49.48214467077062,724
IMG_02501,64.46453701629292,21.74553977487909,21
IMG_02502,45.01480287101498,20.817021362120784,120
IMG_02503,61.43008766659804,32.28277117683152,57
IMG_02504,38.444117679517234,2.4742864105603246,213
IMG_02505,43.68746839777475,-108.8657337226984,592
IMG_02506,-26.37789198235582,27.89134672022209,629
IMG_02507,32.33839314055831,78.1756051442319,112
IMG_02508,58.19961247751934,23.584335271778173,856
IMG_02509,-6.78648215907603,-77.20751423106702,888
IMG_02510,38.02030120926804,29.356635443429155,892
IMG_02511,43.83971885251904,43.72906580281446,418
IMG_02512,42.82176612655556,47.66873042581906,180
IMG_02513,-27.3205823197822,-53.66093151296173,602
IMG_02514,27.58780431814341,-115.00786179675488,353
IMG_02515,41.81149531323143,30.951546989628294,308
IMG_02516,-29.0625808842794,-57.17911344008792,533
IMG_02517,-26.93993264232509,29.17929970257819,235
IMG_02518,53.91908219042244,77.33901873390943,140
IMG_02519,-38.80792850540327,-84.51781908390168,405
IMG_02520,63.640457430420525,71.73795475688371,48
IMG_02521,-26.9079889071936,-63.47597987193791,620
IMG_02522,54.990859471368736,69.46754954948753,465
IMG_02523,31.124566639347226,-99.1964099265725,822
IMG_02524,51.730072292708826,-128.86239373657938,93
IMG_02525,-23.94673812598876,-69.80803697643928,801
IMG_02526,65.79718371315946,-10.419605127275304,365
IMG_02527,32.24794337113576,-96.5657787040524,127
IMG_02528,49.68266673999585,41.10095569528477,372
IMG_02529,43.79717356397083,98.49824207292896,287
IMG_02530,-19.52914393260436,143.86461005357137,39
IMG_02531,-14.919136376398512,-70.5899730769198,98
IMG_02532,32.01060051447308,-87.30804967578615,54
IMG_02533,-12.513849086322267,26.51606431285751,63
IMG_02534,35.6596555047777,140.3185419371017,786
IMG_02535,37.82414066024485,41.51340420427252,217
IMG_02536,44.03665819594073,103.13857129202928,678
IMG_02537,2.20347729683553,-63.86589319065058,111
IMG_02538,43.69278212462348,69.14592984461004,210
IMG_02539,66.27011256900653,26.00169073534525,503
IMG_02540,-30.08987088192057,14.32755055008198,100
IMG_02541,68.164600642995,1.7223328474894115,961
IMG_02542,-26.62405700016071,-63.62278308661234,620
IMG_02543,10.729189148259834,-4.424769033066525,830
IMG_02544,-27.55864986441468,-50.59887941456486,339
IMG_02545,42.40060456853428,15.58344939825301,955
IMG_02546,28.543300068719702,-100.77236973921563,980
IMG_02547,52.53601894594692,75.612178876075,858
IMG_02548,-20.94019439377159,143.4878285879982,871
IMG_02549,47.043490356636426,82.58485995004821,656
IMG_02550,-28.25011279457273,133.88214975701862,513
IMG_02551,-39.403629345445566,-70.13582277616571,322
IMG_02552,-33.07684473696717,25.95625509233787,388
IMG_02553,29.80506697780933,77.89140179574349,978
IMG_02554,6.05877312867527,39.54539308355086,519
IMG_02555,-22.72576681511839,25.39981950413943,886
IMG_02556,53.98866874010503,26.834291451505838,176
IMG_02557,10.602756160302777,37.13397417839997,880
IMG_02558,50.172994631066274,27.77426855497623,688
IMG_02559,47.85353849909623,87.42598822368842,449
IMG_02560,-15.369447098824509,-74.53878759372571,289
IMG_02561,51.56569330705048,105.19206988035056,930
IMG_02562,53.60463429479876,68.42809484177963,465
IMG_02563,-26.57499731832982,29.31677059641416,235
IMG_02564,-15.322210159302657,26.963082278000115,947
IMG_02565,62.68300459024528,-128.38453601600492,872
IMG_02566,66.96207363443608,-129.27532356750874,406
IMG_02567,-30.214228946066868,-68.45418968912689,310
IMG_02568,-18.550626875619,-45.9213945791,777
IMG_02569,41.85740973333185,-92.221515889905,188
IMG_02570,-12.156721459065366,-26.566061629314248,424
IMG_02571,55.09734127123966,-3.224251736999008,861
IMG_02572,62.67542786603997,70.87583047588231,104
IMG_02573,-16.315935637695404,-69.69740999222054,358
IMG_02574,-2.1272592406362207,-63.70796296962999,455
IMG_02575,59.27624241838299,29.650583016184385,57
IMG_02576,-27.265160933737164,26.92683881378028,587
IMG_02577,-9.528601034350672,-46.634712560163166,515
IMG_02578,-24.23712908293132,-53.24527891495862,233
IMG_02579,42.33855103108621,28.745913462836484,590
IMG_02580,68.69972494160987,22.80138956180096,736
IMG_02581,60.77263162298675,47.90770580630874,677
IMG_02582,-9.09379945494861,-43.86099308824862,163
IMG_02583,-34.48587675616777,153.85574561778526,691
IMG_02584,57.15829004124171,-122.94171647943008,113
IMG_02585,50.54329547734551,-90.03102836772234,645
IMG_02586,44.92685862349293,104.83265006452814,132
IMG_02587,34.47657170493689,-91.98918865980647,423
IMG_02588,52.75793317259343,82.9247775440133,998
IMG_02589,-20.018583365125963,-53.81813907292055,575
IMG_02590,-14.849972624330604,146.29147143325616,606
IMG_02591,45.82182073906566,-118.8408955449271,19
IMG_02592,64.67365898437023,-123.11478965999984,820
IMG_02593,48.28275563868874,95.17516488490452,316
IMG_02594,-15.942225151240947,-60.81309279072693,715
IMG_02595,-2.7821109250802323,-42.25685857379307,277
IMG_02596,43.29003523030832,-85.92248550547967,608
IMG_02597,67.93345409236412,47.23791730096477,671
IMG_02598,-6.127933971903758,-63.12018327763852,745
IMG_02599,3.667411007471813,-75.91871875449132,282
IMG_02600,55.939016601850085,78.34951229019845,140
IMG_02601,2.180683869490508,32.92763910377806,240
IMG_02602,38.22123068925868,65.21380272584693,799
IMG_02603,42.05036187568544,4.794928558163434,953
IMG_02604,-42.71059685347685,153.45641910617348,548
IMG_02605,62.68752898203684,77.78420384284686,589
IMG_02606,69.90805941581331,27.43169442428072,123
IMG_02607,57.36046863783457,67.81672957054448,878
IMG_02608,62.31238220565072,45.58851267303078,677
IMG_02609,46.009852204539925,-103.95598595767368,526
IMG_02610,26.77125481324306,93.36487530666608,419
IMG_02611,-13.168251180010316,-41.247398952989386,836
IMG_02612,13.116977897289502,4.377738359965974,49
IMG_02613,48.31868724922913,13.389659665441371,201
IMG_02614,-32.79238260190667,117.3376131308528,480
IMG_02615,-4.962308253840874,-73.37458440518347,130
IMG_02616,53.61992363387191,27.86147637662438,176
IMG_02617,-39.15053758340907,-43.1572958622904,274
IMG_02618,60.86891683387486,97.96713396321604,20
IMG_02619,-2.1558108340560125,-80.50285139388224,553
IMG_02620,54.629172961518805,86.52641939560772,859
IMG_02621,5.137951419034422,38.779484196422544,519
IMG_02622,79.67125994157351,12.391287050037675,959
IMG_02623,63.09894979039598,31.723949986363124,288
IMG_02624,-30.43685130181612,-50.14036778646181,81
IMG_02625,65.866637388632,-116.3702617946962,471
IMG_02626,-11.216295154483731,-60.71382906148429,581
IMG_02627,66.20754226513492,44.24972283219475,671
IMG_02628,42.53194053088493,-117.95203965137468,447
IMG_02629,43.693623260223774,111.0669384057611,6
IMG_02630,33.67162594997531,112.09061792347096,616
IMG_02631,63.84304025975371,-6.963152955867713,365
IMG_02632,11.85168504890845,40.924594520822325,251
IMG_02633,67.24471887054884,85.00876199073252,189
IMG_02634,-25.30828052936438,25.13436705202639,371
IMG_02635,-39.12907546212083,-66.10711158728449,772
IMG_02636,37.63985492133649,15.39780640691214,5
IMG_02637,60.22208262054198,4.6653697904518765,505
IMG_02638,61.27717182173549,30.706977879892374,57
IMG_02639,-18.039065040135227,117.2110953312822,793
IMG_02640,-21.41906527423204,28.429635548854375,413
IMG_02641,64.04866934805102,16.92395220800691,21
IMG_02642,5.968994105928957,78.34873866001226,997
IMG_02643,69.67666912448237,28.82602915081725,123
IMG_02644,-22.59499362386299,118.07008546331002,454
IMG_02645,-4.885537875915162,-36.754274067912405,344
IMG_02646,56.908372526550295,93.72066640076248,187
IMG_02647,42.49879066425825,40.63133082169986,25
IMG_02648,-10.50712915211264,95.62829033076508,65
IMG_02649,39.48900584031597,-122.61784150949605,970
IMG_02650,50.33024914417331,33.51451245478029,828
IMG_02651,55.10460459719931,100.52279703404793,226
IMG_02652,50.73230354721852,-5.067827775556083,498
IMG_02653,29.32327643663456,70.78113821362558,729
IMG_02654,-12.62614465672955,99.1951934985948,482
IMG_02655,-34.334296534925286,-61.63892866777893,439
IMG_02656,-32.26992990800221,-55.99762270844255,155
IMG_02657,-8.020061599663478,-37.40968737860325,557
IMG_02658,6.894966170495195,14.55594189776457,325
IMG_02659,63.55997885525795,-114.5484676291822,561
IMG_02660,39.88712534783954,44.07570257129265,703
IMG_02661,37.80623755279842,6.485513373644295,252
IMG_02662,58.43481949443793,6.568163097575734,379
IMG_02663,-28.86578670986384,24.199970457172384,576
IMG_02664,39.27591578759052,19.331650498258625,436
IMG_02665,-28.223372075886424,27.26302907951211,587
IMG_02666,44.8545999429339,47.15552959069416,707
IMG_02667,42.61578122517773,43.91236883244761,25
IMG_02668,43.33672224732513,38.9334702850804,925
IMG_02669,63.66143059078041,76.91507513782801,839
IMG_02670,67.49022455877127,7.687211729684975,199
IMG_02671,29.013103006262384,-103.62389303965472,580
IMG_02672,54.20366221318642,67.92922879852853,465
IMG_02673,60.76875182352953,13.552774041656733,121
IMG_02674,-29.32564708578252,26.35334539381077,524
IMG_02675,52.95075025686788,-115.68147182826532,40
IMG_02676,63.82315874963797,2.573794796247995,791
IMG_02677,-20.45985694963636,27.28129670634678,413
IMG_02678,-13.0673854420599,-59.75936555382715,581
IMG_02679,41.94329190739802,36.80727002107778,653
IMG_02680,46.10002578006717,12.292229320374332,674
IMG_02681,-15.854244423667495,-39.824998233277086,432
IMG_02682,53.48551315326426,103.58324666381144,226
IMG_02683,38.49820809692884,-87.60991222739607,404
IMG_02684,-13.335197508948935,-47.15661425121604,229
IMG_02685,43.32786637257615,-125.77876488811408,150
IMG_02686,-34.70737086292844,135.9802389539086,400
IMG_02687,-28.11925911607124,29.295857437899684,587
IMG_02688,32.79262416179232,-116.77677664505104,474
IMG_02689,33.89998966002216,-100.705810533363,450
IMG_02690,41.75729258714088,-88.26954396919793,852
IMG_02691,-25.95982384442013,-45.917457733730544,356
IMG_02692,-0.521301020841662,-74.66473308678444,624
IMG_02693,40.95635586173228,-5.413020970556346,565
IMG_02694,61.55384486822811,67.50221435582904,290
IMG_02695,71.04983737062025,68.83639204485524,965
IMG_02696,-45.1539490178472,-65.15834433625592,446
IMG_02697,67.64330195686432,80.76245398876279,746
IMG_02698,60.245490348348085,-7.324894164864133,642
IMG_02699,64.59781857375734,-7.307587888084811,365
IMG_02700,52.48504320281131,-122.18431109209524,536
IMG_02701,68.9708332432846,-106.9534526267479,662
IMG_02702,12.01162342522565,9.56007355048004,156
IMG_02703,-16.022228312662392,-41.80899293824248,66
IMG_02704,52.15116457791953,-113.70764162720064,351
IMG_02705,-10.958831378707655,96.0467768856899,65
IMG_02706,38.632228293857,1.0474910686271528,213
IMG_02707,56.17425678929624,44.52923774884485,206
IMG_02708,8.268313688208508,81.72414982895435,422
IMG_02709,69.60294874625959,36.2445879734141,933
IMG_02710,-7.616050927581256,36.25634126452263,387
IMG_02711,-28.29340229054155,-61.92774419166176,683
IMG_02712,59.40298721252037,29.366595517187648,57
IMG_02713,-7.001802906441824,-49.71024165642524,804
IMG_02714,37.17881197345143,11.461744388274496,5
IMG_02715,-26.526525508021805,26.75435283652888,629
IMG_02716,59.49682965199989,28.35049629913217,368
IMG_02717,7.618835117424936,-15.891208620616991,335
IMG_02718,52.3351436030392,11.47234081281252,644
IMG_02719,51.0696154768242,-6.978505516194929,498
IMG_02720,49.76606494820357,45.0385778318354,882
IMG_02721,54.768629193957565,111.38124171750805,399
IMG_02722,61.59210337816,26.045059688592403,811
IMG_02723,-29.72002296800585,148.79321643066817,990
IMG_02724,-19.874458092175487,-52.49186297356607,575
IMG_02725,-9.341516498598269,-61.10074254479767,247
IMG_02726,46.16199051968846,5.656632623066457,381
IMG_02727,-39.92498228040456,-64.25002988385654,103
IMG_02728,66.75373819937238,29.058205786501105,75
IMG_02729,-36.173824412952015,138.6036684098304,126
IMG_02730,-11.793910364348491,11.577675668846696,220
IMG_02731,44.18677801347573,17.14492263083261,374
IMG_02732,70.07660598656443,19.20764247363428,297
IMG_02733,56.61674227631025,112.32283121651676,399
IMG_02734,55.71203780035677,-4.076868081468206,988
IMG_02735,69.93749442989775,33.87128029221401,933
IMG_02736,-12.78079171752286,-52.01912320956963,506
IMG_02737,-9.25181676834822,-80.36709163645976,528
IMG_02738,63.7163626787073,27.236383499794897,992
IMG_02739,47.96544450053085,6.960731379256657,381
IMG_02740,52.29821129169255,13.583981917984032,278
IMG_02741,-44.59493758405151,-71.44373351039866,460
IMG_02742,-9.637318089036356,-49.775963321660186,72
IMG_02743,62.75454694101907,72.8908552921227,104
IMG_02744,46.27177201066402,-108.43099264349917,3
IMG_02745,1.785707819056242,26.210028709926632,818
IMG_02746,-8.263389802542605,-74.82037973856004,267
IMG_02747,60.32499150528906,-122.82042537336014,827
IMG_02748,56.5371083819407,-117.89310252327802,937
IMG_02749,45.967193414868376,-121.60640322433588,639
IMG_02750,52.13014167567252,15.090392439832897,278
IMG_02751,9.668783138664908,27.01883731223444,594
IMG_02752,-18.38802488928019,19.73459421938321,402
IMG_02753,-27.436573136773475,-69.8438444858026,713
IMG_02754,56.0623855227407,-122.93478006190668,380
IMG_02755,-24.600565131735777,-59.39153690489746,815
IMG_02756,39.03530739630122,15.279503216682684,208
IMG_02757,-13.83222416134609,28.710402524996624,947
IMG_02758,37.49735387049205,-89.58374639384962,911
IMG_02759,-7.332398062579415,-33.50404468329586,927
IMG_02760,-21.621736927730097,24.99872625065416,886
IMG_02761,46.05114257111518,21.177131281582348,120
IMG_02762,-44.8847310299955,-58.27172846524152,481
IMG_02763,62.0496820690862,-113.60451797509296,561
IMG_02764,-20.303189650352905,-45.45187834598926,777
IMG_02765,44.58106529417645,9.902205530179517,218
IMG_02766,-1.705269518195507,97.45454548256754,867
IMG_02767,-36.68676573019083,-66.50996639598394,617
IMG_02768,-11.062205021004118,-1.3632082069113096,135
IMG_02769,-28.64601719839716,115.38849527754708,817
IMG_02770,-30.282268650822445,152.526357739616,523
IMG_02771,-29.761580823473977,138.76061931842844,312
IMG_02772,-22.9956555785611,141.18993353791285,348
IMG_02773,53.92504795340551,9.326664334880007,644
IMG_02774,54.14610821908806,-120.61071082517128,536
IMG_02775,47.562872843310544,7.239396779499259,381
IMG_02776,49.16005931386127,35.11127219066091,262
IMG_02777,30.898735941100995,104.063905233742,705
IMG_02778,1.2300886204713777,-51.87455536802764,94
IMG_02779,56.121841541935225,35.12822000994569,279
IMG_02780,48.661902712290924,13.461499482903804,477
IMG_02781,63.25522030202475,22.98700480055672,364
IMG_02782,68.43527559653893,78.37316712456794,431
IMG_02783,66.80194494589111,12.306603765831312,199
IMG_02784,-15.307489993394896,-43.99682736226845,66
IMG_02785,63.54960820795469,11.609569889488682,597
IMG_02786,46.530685258236986,-122.88512838090313,639
IMG_02787,46.96261647452789,0.2367939672968475,802
IMG_02788,3.42827391929427,-66.79608459465103,731
IMG_02789,-19.10438386300476,57.20134063411456,58
IMG_02790,61.925533240174445,112.09273173457598,194
IMG_02791,7.56706685275401,-81.20081682920289,190
IMG_02792,-12.71941095080308,29.08803194053411,464
IMG_02793,70.43596340619513,-106.40928782869862,320
IMG_02794,59.2525418602205,86.81330554040414,753
IMG_02795,-15.181300343564205,143.94553861641572,606
IMG_02796,38.11695908470893,0.906346032865372,213
IMG_02797,60.69618167653422,80.08739972121981,589
IMG_02798,46.30565320008196,-87.69296080429406,397
IMG_02799,56.76624402320084,112.37285270053157,399
IMG_02800,-2.2671243051095047,-73.21423470654555,676
IMG_02801,54.90539144647789,-108.441696364223,417
IMG_02802,50.01759709831703,39.330863366577375,105
IMG_02803,59.77855869200104,19.099453486256067,354
IMG_02804,-3.4632775005288465,-62.52547464985384,455
IMG_02805,33.86533748414983,-99.480290330693,450
IMG_02806,34.42206484723877,-99.62245345835706,450
IMG_02807,51.09553934947266,-126.68225730292023,93
IMG_02808,62.67257683680833,-129.86800583717417,872
IMG_02809,-34.36957940217279,118.26739369877214,890
IMG_02810,62.966359851176094,26.131727625788216,364
IMG_02811,49.01587286273394,25.90135533136106,383
IMG_02812,-44.20463763936923,163.39789575186603,913
IMG_02813,-25.89904876983283,-48.46073006484204,356
IMG_02814,61.23327801010379,45.10176822182953,677
IMG_02815,-5.679708633749272,-68.37774970174712,640
IMG_02816,-34.729323219681014,-52.3133707734269,392
IMG_02817,48.65683615027635,24.507896070976276,383
IMG_02818,43.77530110624309,103.91537560273308,678
IMG_02819,35.94776313963875,27.89728189250877,892
IMG_02820,36.13662175675758,-1.5616092482976285,366
IMG_02821,37.20401655813116,-89.31730104263362,911
IMG_02822,-34.413965500786226,-62.85504214501752,439
IMG_02823,38.95632029361735,27.4994629110505,56
IMG_02824,30.91616899693568,-91.00753018471198,637
IMG_02825,46.42661986175875,17.70187159703997,605
IMG_02826,44.83383208901998,106.3381817588031,132
IMG_02827,56.45753921876093,78.92805950540782,140
IMG_02828,48.04627920133058,9.02992244404308,628
IMG_02829,-32.958563830971336,-58.77556364393263,806
IMG_02830,-12.413557980206662,94.99662773961222,65
IMG_02831,43.92323575688141,105.36737657869752,132
IMG_02832,-27.305563570692044,25.8938188752428,62
IMG_02833,62.55680049517068,-4.061952256557134,78
IMG_02834,36.20964987915309,37.08751739925603,889
IMG_02835,52.941255463323074,104.74170464040505,930
IMG_02836,67.75232544220182,31.14575174624389,75
IMG_02837,-17.01027594751126,-65.91419118014473,468
IMG_02838,-19.711870847044565,24.961738480267883,219
IMG_02839,14.84880562059992,5.50087621442114,747
IMG_02840,-9.72746926602062,-44.92792613621313,163
IMG_02841,43.94013251620064,-91.9831218220735,567
IMG_02842,-25.182192254187072,132.74425910183822,271
IMG_02843,46.81348473957166,-116.68830410988024,609
IMG_02844,45.38063676552508,27.38964777326487,236
IMG_02845,-8.778135166143784,17.501085319032626,780
IMG_02846,1.4509754799741188,-51.82475359103151,94
IMG_02847,-15.962520834585874,-54.23898841092786,612
IMG_02848,49.70083695904796,18.17646059163542,623
IMG_02849,37.028833249747095,-112.55442108320727,179
IMG_02850,61.90655052126897,45.06029093797048,677
IMG_02851,-7.201021787543482,111.63472982700392,844
IMG_02852,5.11521414373739,-53.38759756680105,94
IMG_02853,60.22120764142784,-118.18806456534236,276
IMG_02854,-35.530366920572945,-68.24951739930721,935
IMG_02855,46.37619880624823,-105.72040176250896,3
IMG_02856,29.62280432912398,82.62825976473522,438
IMG_02857,52.4952477791698,43.63614992857188,260
IMG_02858,43.20226297353145,9.99632046554865,17
IMG_02859,-6.1367666978940605,-64.75180502018435,745
IMG_02860,-10.855664605302366,-65.46011523875782,401
IMG_02861,63.947731365421504,47.27951525643789,154
IMG_02862,-13.828389732189136,-56.97563832204287,149
IMG_02863,62.25799814429613,76.95876243367525,589
IMG_02864,44.61406605595408,97.04778774415615,287
IMG_02865,32.916871872015136,-106.12351817044616,613
IMG_02866,43.1168144054646,4.254261972891385,757
IMG_02867,-10.881355534296944,140.68810805012538,954
IMG_02868,2.5368887992925124,39.807806858536594,36
IMG_02869,26.92732349228298,101.295945834671,181
IMG_02870,31.2719160498652,75.105476262573,511
IMG_02871,52.99957180800146,81.1873345077056,998
IMG_02872,12.65136325085608,42.45589272563936,862
IMG_02873,33.93095044484454,-110.49727766504508,225
IMG_02874,-0.2377510569278484,4.34383953113587,317
IMG_02875,-25.392394186485674,-53.76910009433004,233
IMG_02876,46.80282230235886,-92.42054431541956,108
IMG_02877,40.22159500289413,36.65304222799017,653
IMG_02878,65.78338737688168,73.45795611068343,839
IMG_02879,41.038140103466674,-105.078647257512,115
IMG_02880,53.74082844702508,26.739955686730525,176
IMG_02881,36.56617143641141,39.031246261591065,889
IMG_02882,29.61519477934688,92.27675136716933,87
IMG_02883,7.489573955804374,-71.88102544071336,42
IMG_02884,12.537266823082774,43.21320271685195,862
IMG_02885,-13.480234762362102,-74.94277235226761,289
IMG_02886,65.73492414348374,17.312285115106363,807
IMG_02887,-42.5206990377326,148.1710751958072,906
IMG_02888,28.17966935221888,82.90046087268672,798
IMG_02889,52.58459597570513,-107.675555906413,847
IMG_02890,-19.986457055987728,162.39310391964256,537
IMG_02891,54.66774976316111,36.99278581418724,848
IMG_02892,61.649536325214655,75.37507688634253,435
IMG_02893,31.550335989887287,-106.42735307236671,613
IMG_02894,-10.274503381265362,93.57043429420207,65
IMG_02895,55.49609248673434,93.8331366993117,187
IMG_02896,11.21084797055164,42.76690114255712,420
IMG_02897,47.42403230135696,47.86334865417231,118
IMG_02898,-16.76697966137712,-38.77731336976754,432
IMG_02899,-15.97215662489532,30.75349356622411,947
IMG_02900,48.09855965739232,-108.52652800377405,821
IMG_02901,53.35052326572563,79.9313257246863,998
IMG_02902,45.40109032850765,-118.21906689035448,19
IMG_02903,57.973309670061326,92.0915014591011,187
IMG_02904,-26.701577343669957,139.60997574039004,128
IMG_02905,-21.77885889112713,140.7675688368441,850
IMG_02906,36.45263107432855,30.73673186417281,230
IMG_02907,56.64917701646402,-96.79357017442835,491
IMG_02908,-14.826385590962843,137.79253321673798,658
IMG_02909,-22.119196989467213,139.060445221686,850
IMG_02910,-8.193082699907166,-53.98802071031423,975
IMG_02911,58.298676714660814,101.72127839741104,716
IMG_02912,41.895939302291936,-99.91822726794156,175
IMG_02913,9.68038007465212,43.1906347876166,420
IMG_02914,11.72154609658476,41.54797040225768,251
IMG_02915,-7.792189501294189,-58.29695901446759,28
IMG_02916,65.5458718266517,71.2403676082381,584
IMG_02917,50.47758174616109,-101.18139897779218,663
IMG_02918,-25.78876068276486,134.2698997557206,271
IMG_02919,41.55086505565865,-8.476383372365547,337
IMG_02920,-3.516015079076496,-50.55476826329979,737
IMG_02921,39.86841708604106,-107.79152954839417,722
IMG_02922,64.0973444737566,64.77677360410598,723
IMG_02923,-1.2120019779167135,134.43568093144637,291
IMG_02924,45.87427514339541,67.26054246561665,739
IMG_02925,30.506888266283923,85.627855881811,438
IMG_02926,58.47743937717502,-4.892944510489372,901
IMG_02927,30.103154804013386,-112.79631637243575,391
IMG_02928,-4.04262647386912,28.638924873003504,398
IMG_02929,-8.326398318634148,-75.2022568199776,267
IMG_02930,37.63400204310287,-10.912441861290205,457
IMG_02931,16.195271061992386,22.28812068956742,461
IMG_02932,-26.380731198019944,22.20797316333108,466
IMG_02933,36.70364252838374,-8.714053751433738,457
IMG_02934,70.22892478076514,39.60365606654528,933
IMG_02935,45.48263487143532,-4.118861112162108,685
IMG_02936,-4.904714399685076,-42.22920396123126,22
IMG_02937,-37.47279398590205,-68.91262597237821,617
IMG_02938,45.83912325376031,79.54793428587789,299
IMG_02939,50.492098583214585,40.70705720947052,105
IMG_02940,61.82165793705508,32.73828016799257,288
IMG_02941,-33.99952245491342,-51.7225804222941,392
IMG_02942,-22.42927939854536,135.52742041587834,271
IMG_02943,-31.594720687120542,-74.16242212422405,462
IMG_02944,-9.48363122227238,163.16716137432718,795
IMG_02945,-28.716781162927973,-51.73094137590033,545
IMG_02946,-33.33953181524585,-55.317788087290026,9
IMG_02947,54.36613640952348,-123.47598880802168,536
IMG_02948,49.63610298122165,102.51358111516056,85
IMG_02949,11.457333669201262,39.601263447278086,251
IMG_02950,48.947152355731305,101.6010091151357,85
IMG_02951,-20.599166692770112,22.12876967425069,621
IMG_02952,27.054920480966715,113.8973821047291,543
IMG_02953,34.45149548564655,111.83725128584648,616
IMG_02954,69.66912003021554,23.64860762228,123
IMG_02955,51.781514953935215,109.83193588620696,254
IMG_02956,38.70857951112433,28.07428962701448,56
IMG_02957,-24.70467154601852,135.58881389076458,271
IMG_02958,64.28377094141092,35.725270764650304,782
IMG_02959,-12.287881387874336,-54.93272950820878,306
IMG_02960,-16.865933432603427,-66.86538495683664,468
IMG_02961,1.2104640548402443,-1.8477679658327588,444
IMG_02962,61.17797378862312,65.48251420098677,290
IMG_02963,38.98178069925703,30.13230403815865,308
IMG_02964,46.76109904897726,101.85885272668054,931
IMG_02965,35.89078747203362,75.42735254295019,730
IMG_02966,42.74286432029726,-105.12614652779963,430
IMG_02967,52.18487834563794,-9.218297729940248,912
IMG_02968,-3.683847868926847,-51.41399902851896,737
IMG_02969,41.85357560063912,-103.1698292050648,430
IMG_02970,63.27985107736009,-128.33818510583632,872
IMG_02971,-4.855921893860256,-36.88396953546621,344
IMG_02972,63.641371693902414,32.89095735497881,288
IMG_02973,47.73503986447662,101.67916903387447,931
IMG_02974,50.31440299886168,11.291248171395182,477
IMG_02975,-27.7824661192076,-54.10763953224409,602
IMG_02976,46.307039060707496,41.59276756357701,750
IMG_02977,-33.597277664085325,26.954779176832545,388
IMG_02978,-44.76511113692312,-67.42252998465551,446
IMG_02979,55.6212423970558,21.43093958274773,646
IMG_02980,38.39573257041866,31.75652050398395,230
IMG_02981,61.43377763800808,73.64824539502004,435
IMG_02982,-34.482380103966406,30.55729685666085,764
IMG_02983,-45.17084719007495,-63.06088737131641,939
IMG_02984,33.89718043687995,-88.31690771090054,54
IMG_02985,51.71728248449279,-127.12098704543162,93
IMG_02986,-28.891211070776546,-55.45896163755209,602
IMG_02987,37.74395200196771,12.63795018608576,5
IMG_02988,47.08709339775984,17.99552816907351,605
IMG_02989,-13.129170715024443,34.19543626251823,464
IMG_02990,50.904257886023146,33.8025955193267,828
IMG_02991,32.14858496494361,-91.71790857581244,637
IMG_02992,-7.29390628489196,-45.5017242388993,657
IMG_02993,41.112991739081394,5.350215330631215,953
IMG_02994,41.91443046652592,105.93224843508744,770
IMG_02995,44.85107406114918,-118.49990912622512,19
IMG_02996,62.669239999309525,33.71038803789736,288
IMG_02997,-14.188584216102868,145.32167543723074,606
IMG_02998,-30.016826200616435,-55.14653418228576,155
IMG_02999,59.59613082275379,4.141695549201501,505
IMG_03000,45.0595670131309,-103.76020213621354,993
IMG_03001,35.58023054706132,13.214164384634728,920
IMG_03002,-26.136251616312443,-67.0747101798755,114
IMG_03003,54.27878752318014,-2.635342200787477,212
IMG_03004,47.826286887611815,-116.25418197171516,227
IMG_03005,51.48580586621665,8.303029944183265,145
IMG_03006,48.18302114787835,-121.33325033781384,242
IMG_03007,-27.91874860293585,-52.40666522501383,545
IMG_03008,-26.07338188355313,25.27333980131408,62
IMG_03009,-22.96566690800076,-42.32812184758248,298
IMG_03010,-33.56393167120775,148.03774739392009,540
IMG_03011,-22.14374784789527,114.5935060164934,146
IMG_03012,-6.221513529485819,-44.62815735994548,657
IMG_03013,52.31427040620136,26.069548616391387,176
IMG_03014,62.931301718627225,-114.24292665244607,561
IMG_03015,61.46296936628144,-9.983569342081694,884
IMG_03016,30.86077566647468,-86.33988905046857,234
IMG_03017,-27.611060642335133,26.75568056386686,587
IMG_03018,-2.687974607149272,72.74556311264445,762
IMG_03019,44.41174912696073,72.42992912748244,596
IMG_03020,40.09312484812796,17.575739273737327,208
IMG_03021,38.23615291429349,28.59539653016756,892
IMG_03022,60.998556250732975,12.552695013953098,121
IMG_03023,-42.315034846277406,-75.32168248392816,573
IMG_03024,-27.103257517665185,146.86887906372198,572
IMG_03025,35.243945573647466,-6.905592690790826,457
IMG_03026,47.64118994174626,-119.12577967252734,242
IMG_03027,53.214386078048,103.08729010699228,930
IMG_03028,63.290491294858754,7.164800660009405,791
IMG_03029,-44.85309415969046,-68.68471461610339,907
IMG_03030,54.3022552187762,44.013015727538,260
IMG_03031,-16.058020653830653,151.49637320794625,275
IMG_03032,-20.31626158591561,40.38198654094694,326
IMG_03033,47.64840586276114,67.4613747730283,336
IMG_03034,63.59121449114093,41.64074869109865,463
IMG_03035,50.86362182781906,39.39649659450589,105
IMG_03036,41.46845763864184,-90.20126889455872,852
IMG_03037,38.05379251133945,25.6158683419969,56
IMG_03038,59.13332633260478,-115.62948969833428,151
IMG_03039,45.74047471048851,113.95863234958756,393
IMG_03040,53.45944307525443,106.44235179914216,669
IMG_03041,31.30629912967906,-112.0857349658504,225
IMG_03042,45.52077825071825,-87.15050152766437,397
IMG_03043,49.47975738887968,-119.90375034682688,242
IMG_03044,59.303287509063296,79.30036740167054,967
IMG_03045,61.71955601715328,5.808385380371362,505
IMG_03046,67.12510964343375,30.99727094405236,75
IMG_03047,7.628944564934372,10.196046202870292,84
IMG_03048,-12.010636956855336,131.31201886285714,26
IMG_03049,-19.77835438728809,-54.6193040616478,575
IMG_03050,-37.572542463900064,-55.07573620901684,987
IMG_03051,68.83357431860637,16.318990034961274,622
IMG_03052,-26.99854078107389,146.13330653446246,542
IMG_03053,42.33083420639844,10.290597652147198,17
IMG_03054,9.987429162217666,38.32065708140635,880
IMG_03055,-28.517658640728328,-70.84619950849093,713
IMG_03056,35.5323957065514,44.23801940018842,329
IMG_03057,38.9944830692188,34.050291356504715,99
IMG_03058,46.77021099931085,83.59166170297482,656
IMG_03059,-7.6617909980141405,-46.69875266979662,657
IMG_03060,41.81370379294253,-87.63837020777754,852
IMG_03061,-25.352474034988603,115.94360170074054,245
IMG_03062,38.731192470282906,37.62321192979792,99
IMG_03063,56.43752496060176,-100.52312352283994,583
IMG_03064,8.176945127730463,122.71907276344108,905
IMG_03065,-15.503436772929431,22.985905440316287,647
IMG_03066,-43.491496043520925,-64.96972120003447,269
IMG_03067,30.213815472629207,-116.07255548247352,178
IMG_03068,-29.72953225114281,121.1699960793448,31
IMG_03069,50.95385523207338,85.28806447897034,92
IMG_03070,62.10793536241937,2.3342982928232345,78
IMG_03071,-14.240205298252604,-63.54738267644828,401
IMG_03072,43.6672929452875,-0.8676487839704521,362
IMG_03073,67.03578107605597,29.599595800260204,75
IMG_03074,-24.97508509312233,152.83466282462592,689
IMG_03075,52.47227213787056,-97.5468185716351,239
IMG_03076,71.44948675569537,64.82466060757491,965
IMG_03077,-10.747203271120924,-51.3722557272456,891
IMG_03078,4.418156363983542,0.57943287554059,15
IMG_03079,48.84439425888738,-99.79394305259945,663
IMG_03080,44.05559385670139,-98.55219273481336,666
IMG_03081,-4.757263713646324,-47.1641592345234,743
IMG_03082,-1.666281034535615,-47.9668326214794,168
IMG_03083,-22.48540804941172,153.7371696573843,415
IMG_03084,47.463348282028335,42.78872414720763,750
IMG_03085,-10.08962074749789,-44.46367188849115,163
IMG_03086,50.19067278729631,-98.92432242916448,663
IMG_03087,66.42407472835825,80.90237412236365,746
IMG_03088,0.0696658134353072,109.86916439256096,184
IMG_03089,60.25752478447268,25.455886216985647,811
IMG_03090,36.70049338536138,43.10874831788232,217
IMG_03091,-22.067729655415437,-65.99753850581496,343
IMG_03092,51.32544137246518,67.36693891029964,564
IMG_03093,68.34038311511168,-123.70636055550598,735
IMG_03094,-1.2596384683284896,-83.09568298612956,370
IMG_03095,36.91732854967631,83.8171687623327,539
IMG_03096,69.23781681406828,8.980882907928844,626
IMG_03097,50.94617180302515,-95.49866002254949,448
IMG_03098,36.06781743508167,29.345386207458347,892
IMG_03099,57.223245400747714,0.41898776869985,403
IMG_03100,-37.45071298716701,-59.75807944054954,303
IMG_03101,67.83817223671213,-97.76307957560908,964
IMG_03102,67.03685442507432,36.42120436199747,494
IMG_03103,-18.678762178006068,-53.63661646989081,575
IMG_03104,57.12259483936694,-118.60222929019154,937
IMG_03105,53.34593468822084,20.374967680124087,445
IMG_03106,45.73865664193846,45.228742684002015,707
IMG_03107,11.291911267382403,50.331976262756285,134
IMG_03108,9.98208195680104,10.186536346556323,566
IMG_03109,-30.745834972966776,-70.573509233564,462
IMG_03110,64.4814705865951,-9.241636662852358,365
IMG_03111,-1.1463133677098511,-52.15749058746764,283
IMG_03112,42.71372259598991,103.7308907221065,678
IMG_03113,-23.070954536771524,28.76537899535137,712
IMG_03114,46.59118467175324,41.264275757542805,750
IMG_03115,10.15186462341282,6.93130826415333,427
IMG_03116,45.55001943525724,65.32810173134544,739
IMG_03117,59.32093496985098,112.70055459964044,981
IMG_03118,-22.50316255474239,25.84893367643744,886
IMG_03119,31.901885045151005,-85.13830272029048,579
IMG_03120,62.29104860715705,-7.408292656718373,884
IMG_03121,-33.14850525306766,28.410770861573667,764
IMG_03122,36.71802007761926,40.693073001886944,217
IMG_03123,-38.21187808013566,-59.82451295168812,303
IMG_03124,41.17246819029703,-1.4272049354075025,142
IMG_03125,47.146942014179615,44.31458052813397,750
IMG_03126,49.9791592399186,-94.3985009640418,693
IMG_03127,54.47361859550705,73.30332870464383,858
IMG_03128,61.96658733488243,10.52618104102163,121
IMG_03129,2.4184934703771432,-51.56525456012537,94
IMG_03130,54.0189278018274,15.76432848316864,278
IMG_03131,65.0361574539474,71.63792088549411,48
IMG_03132,61.98313011345039,77.40377623285383,589
IMG_03133,45.61165679993621,-106.54517297823917,993
IMG_03134,-31.03178162187696,162.7380356366927,202
IMG_03135,64.10766746064184,31.62616542457522,288
IMG_03136,-23.175830169354896,31.08980054364514,502
IMG_03137,49.06871973144701,-88.9063528953621,500
IMG_03138,34.978478169678624,-121.02373926538692,761
IMG_03139,47.58805272068935,-4.337260526480065,534
IMG_03140,-8.139095626066677,-60.66809831229786,247
IMG_03141,59.32123809139279,-96.76631328742724,870
IMG_03142,66.93004794378507,27.006725876829165,680
IMG_03143,0.2103982990167026,28.915869259153624,4
IMG_03144,48.06021716425653,-109.63984855482454,821
IMG_03145,-24.811396454986564,-48.21405324204028,356
IMG_03146,53.09923617747239,-100.90624470082923,239
IMG_03147,49.84807290096455,-132.3354298631643,551
IMG_03148,-34.63682397657925,142.2999749778341,908
IMG_03149,35.239361732917075,27.086031159242825,369
IMG_03150,34.14074954850906,-96.24411928952016,327
IMG_03151,-21.227584116883804,117.89928847801951,454
IMG_03152,51.96687616288364,-8.099573006840757,912
IMG_03153,57.57506491265559,-6.483987246514289,901
IMG_03154,53.8960828305724,87.86830325812423,859
IMG_03155,-11.15903004140759,-37.695612386872426,699
IMG_03156,-16.677814736941826,24.963808736492297,426
IMG_03157,54.595663039512885,5.5132919424941065,363
IMG_03158,63.06505221843645,80.3869330656313,301
IMG_03159,8.617668918347107,1.1873578733999466,929
IMG_03160,47.191801234927766,-107.88575913315128,3
IMG_03161,40.9621780294064,-93.7408976751845,188
IMG_03162,32.3824935285532,-103.16144241013944,137
IMG_03163,-15.964582091007628,-144.9250337930658,347
IMG_03164,48.21118486836241,-97.2603776575289,693
IMG_03165,40.74197517273808,-107.0418934433616,115
IMG_03166,-31.18585823245212,-60.62660675051583,318
IMG_03167,13.074910994970152,28.667266256236783,948
IMG_03168,-38.450981160358616,-70.10415127787881,322
IMG_03169,40.84606043074268,11.484410869187286,985
IMG_03170,48.23602723085776,98.78847790261352,493
IMG_03171,-13.93837761614408,-56.73430356594216,149
IMG_03172,-28.16865366309655,-66.03593764056119,114
IMG_03173,-21.75772678124858,25.58466407427835,886
IMG_03174,-42.91661300739111,147.11594663333028,906
IMG_03175,-11.940096875136163,-48.33178804559896,515
IMG_03176,3.741343797970373,7.570493869584254,995
IMG_03177,26.10953408788538,-99.6202763528332,384
IMG_03178,-18.15067157014458,-58.96215308914154,476
IMG_03179,44.1229881818112,-7.24535000960924,209
IMG_03180,-11.146811429621636,-39.10977033452974,177
IMG_03181,-32.76442299216554,147.75988793832255,540
IMG_03182,-20.21673775945617,-37.72123016625852,106
IMG_03183,41.58484378822507,15.137086457844871,955
IMG_03184,-28.817080726066244,-64.53478133705704,114
IMG_03185,56.3050978459556,-125.2563366441465,470
IMG_03186,-7.762133567379607,-63.61605826581919,247
IMG_03187,70.03890325087838,-123.12490165647004,923
IMG_03188,-4.939833559577068,-73.39540220209572,130
IMG_03189,59.622092341242535,-121.24139463379277,827
IMG_03190,55.492278843387766,27.33287933622665,451
IMG_03191,-24.878602596034497,-70.41810562054481,633
IMG_03192,41.288956786696986,-105.74562896848876,115
IMG_03193,35.606077544182625,-103.43063044686062,632
IMG_03194,46.08864482338163,-90.7418664360535,501
IMG_03195,48.87848008633398,81.41843522342157,656
IMG_03196,-25.070964969824946,-55.7765250584869,233
IMG_03197,-14.283246552468311,97.72441639266287,482
IMG_03198,-32.07565059522397,127.529820319073,756
IMG_03199,-22.967363901163765,112.89806070223916,146
IMG_03200,31.41727043823477,100.8642355467254,333
IMG_03201,66.7796864885679,23.87878596718744,503
IMG_03202,31.592492472168203,-85.19895442104254,579
IMG_03203,67.80251462312279,28.951113010684622,680
IMG_03204,4.469836667995921,-74.93746858021055,282
IMG_03205,47.91919463558466,107.5746673522932,711
IMG_03206,-7.14054189698885,-38.22039217809456,557
IMG_03207,1.7105925670695683,-49.871938438941385,724
IMG_03208,-32.66193032114933,-67.99160208078615,577
IMG_03209,-28.922117273975488,17.87261125514806,732
IMG_03210,65.52795270303926,68.18201888337504,584
IMG_03211,-13.57498008098372,96.36250214466514,65
IMG_03212,-21.928285892701997,147.50712156461816,159
IMG_03213,33.153716855122795,-106.9670779461896,613
IMG_03214,48.272874243736624,7.96104963623867,381
IMG_03215,49.14199565857206,73.00254575625445,264
IMG_03216,42.48901339863363,-123.53135443717892,150
IMG_03217,-16.83513805027198,-75.2738543523894,728
IMG_03218,42.15653826601513,-2.93258388957679,142
IMG_03219,52.574385182217725,-120.51356081354888,536
IMG_03220,54.257901047853295,114.01027053363345,399
IMG_03221,27.12141748148416,86.36743211092806,697
IMG_03222,-12.571099906274242,-75.07916461650792,558
IMG_03223,50.90875824116327,45.29092096575352,882
IMG_03224,42.73329031957752,104.05385526458105,678
IMG_03225,-26.345577040796584,26.91551659295743,629
IMG_03226,14.0313963700509,-20.13357431169717,41
IMG_03227,12.308084444864292,37.71648357527198,77
IMG_03228,28.27121375815466,71.97235856564095,568
IMG_03229,-25.85772101613281,-64.90001023039639,620
IMG_03230,49.35127604139777,91.17479296354338,740
IMG_03231,43.373259381577896,-110.1584720799196,592
IMG_03232,-18.42774143106834,128.2319480614472,585
IMG_03233,1.0213045128706997,28.49162098749619,4
IMG_03234,42.23833110677563,35.452117324497124,152
IMG_03235,68.21816973832307,19.154928772159906,736
IMG_03236,53.69663205693888,-99.70470487686129,239
IMG_03237,-3.710491760110955,-44.75231659629023,277
IMG_03238,41.14334765157014,44.574354257671416,703
IMG_03239,49.21228350573534,-117.13876786508835,650
IMG_03240,-17.057322930638904,129.16905545031534,585
IMG_03241,-5.169002919425608,5.305540387282349,532
IMG_03242,55.41924500072645,88.6235279694576,859
IMG_03243,37.31319010754564,44.01207234712573,329
IMG_03244,55.803900256861255,29.309328612790864,451
IMG_03245,-19.564188084109038,112.55516069384794,986
IMG_03246,29.46423494727496,-88.07132793124731,234
IMG_03247,-28.188875153947397,149.23914811911266,35
IMG_03248,53.75780119312083,40.13299692756317,478
IMG_03249,-26.59145731809224,-49.79418452420055,339
IMG_03250,33.06868346585988,-110.05886067096657,225
IMG_03251,62.28562890208679,-6.952232619456282,884
IMG_03252,-33.01497712226761,-71.20081775405707,979
IMG_03253,28.56919209727903,-87.47247791026331,234
IMG_03254,-19.46562699375956,24.692676203708917,219
IMG_03255,-8.0038658631114,-43.80990698719458,163
IMG_03256,56.12730221969929,8.6817553261115,837
IMG_03257,-23.448427363203063,-65.86907375099301,343
IMG_03258,38.04518078417948,44.21889153185481,329
IMG_03259,55.1813425817264,-0.0427283898685288,488
IMG_03260,-37.841647941396914,139.80722124211792,126
IMG_03261,8.90713408877572,38.394630393893095,192
IMG_03262,37.931079408473295,13.302023002076597,5
IMG_03263,39.83315530901848,-127.19013682873054,694
IMG_03264,55.391724218065065,102.13026739741258,226
IMG_03265,-16.428164550531747,-49.0726540459786,869
IMG_03266,49.239789045144505,72.20388466784527,264
IMG_03267,61.77158213388316,-0.1129878332716032,78
IMG_03268,55.17175409111866,18.13842939920292,971
IMG_03269,32.62883960491244,-102.71145734325124,137
IMG_03270,41.01146848987253,-8.928947339457096,337
IMG_03271,8.915024273055792,31.490132814675235,484
IMG_03272,-16.682062545611444,-71.4974351912002,924
IMG_03273,47.76022839915584,-121.7287212642846,319
IMG_03274,-16.143921594643615,-40.77550258654975,432
IMG_03275,49.53835283963258,6.300637480556532,946
IMG_03276,-20.710393536270487,148.25428126339165,159
IMG_03277,-21.639689004729803,146.96255454396317,159
IMG_03278,2.540906889480425,-59.51029970082556,952
IMG_03279,41.13499432843682,75.1789595833776,518
IMG_03280,49.68523728596415,77.34511667301916,926
IMG_03281,-11.962005376545932,-40.3396448130716,836
IMG_03282,48.08860242782717,71.4834401432768,264
IMG_03283,50.175577736894525,51.91978975833109,475
IMG_03284,50.20648545766949,80.20757192664428,496
IMG_03285,39.63882852600168,-112.45118156095889,300
IMG_03286,8.07254741891876,15.11429520092733,325
IMG_03287,45.98809999459121,-97.35601718689271,666
IMG_03288,-18.497775691919458,-41.723383521591245,106
IMG_03289,41.75467870326693,-119.395129038428,447
IMG_03290,41.60427193069663,-9.53483761648434,337
IMG_03291,70.03798060355837,17.278096935763216,297
IMG_03292,34.812844203513265,89.55892536606643,539
IMG_03293,37.98715100916682,-98.07476754724676,708
IMG_03294,58.86135878838471,23.844564332196317,856
IMG_03295,8.897763644856525,50.7838171023441,845
IMG_03296,67.7291494502054,40.56957896493304,671
IMG_03297,-0.5382078156634122,-78.77114944705917,741
IMG_03298,44.84647601165744,-89.61079981140587,501
IMG_03299,-16.382011605893837,-47.77486400177668,790
IMG_03300,60.68268297396588,15.002373165690956,354
IMG_03301,62.43931378308952,74.84832698847345,435
IMG_03302,43.78657288962353,41.48135161885136,418
IMG_03303,57.43504241804845,-117.03914762605076,937
IMG_03304,-8.475939887182719,-48.59959623529883,72
IMG_03305,-26.65212175861964,-61.15451895344147,222
IMG_03306,63.04001195520698,13.837075278803184,597
IMG_03307,49.42346732409462,41.81587034977201,372
IMG_03308,57.88697153276618,-2.8211740802832708,403
IMG_03309,10.673090875878046,42.05609163503652,420
IMG_03310,41.04161262720302,-89.76200809966318,852
IMG_03311,-32.2017515536905,-54.05142978059067,559
IMG_03312,-20.489786708385186,-66.0379374626907,842
IMG_03313,61.629399276492336,-133.3803091790786,231
IMG_03314,-37.320768854306806,-67.26077676521962,617
IMG_03315,-30.039481973740685,-54.459858656799454,155
IMG_03316,1.90254638345958,26.53343364825193,818
IMG_03317,50.24625749910231,-84.85157126555214,147
IMG_03318,-1.9446254161843088,107.80243212182052,184
IMG_03319,-20.70212206096524,25.18350488038834,219
IMG_03320,45.78162452793529,2.458223702418536,76
IMG_03321,-28.736928392075583,-64.42369307023694,114
IMG_03322,53.67577589143124,-102.63692658193318,82
IMG_03323,-12.51449605048397,134.87567881394352,26
IMG_03324,49.71688841932655,102.62155183754815,85
IMG_03325,-33.362865969368926,-64.74272456294679,67
IMG_03326,61.19822892936662,-120.79277400865536,276
IMG_03327,65.34319760916728,-87.95267925108736,452
IMG_03328,59.29264472410955,30.96885958314812,57
IMG_03329,5.716715805820002,3.863616015307457,868
IMG_03330,-32.16873080203228,133.84281602155716,2
IMG_03331,-30.607230282786052,-53.07865966440963,81
IMG_03332,61.870863958027314,41.70964789266483,195
IMG_03333,-27.130156772726707,-46.10567623910509,356
IMG_03334,-36.555801215331584,-57.96713277576532,527
IMG_03335,61.66602715759083,18.866570780362963,571
IMG_03336,-26.29370908079397,27.694357464251937,629
IMG_03337,10.626189480718535,49.4475644407832,134
IMG_03338,60.42132104535952,27.256031669158887,811
IMG_03339,63.676663212447295,34.277281824174906,782
IMG_03340,51.549514281082,19.38767014556092,875
IMG_03341,-26.32324292591557,140.8376316392337,128
IMG_03342,-2.446692628639568,-60.67196690520223,207
IMG_03343,-16.507092085277918,26.41564841144981,426
IMG_03344,50.03065044349094,100.03982142315118,963
IMG_03345,-33.17579206296263,-54.28709222442248,559
IMG_03346,51.10540931881928,34.61202793545479,828
IMG_03347,45.78000407094004,-2.260643788875285,164
IMG_03348,68.12757735403915,26.73924664545055,680
IMG_03349,59.62305374920141,108.363239543134,981
IMG_03350,35.776893544697884,-3.885812894685614,366
IMG_03351,-44.06778582753034,-70.44439766007983,460
IMG_03352,-27.176644819396834,-63.50500015429779,620
IMG_03353,-19.641813839532688,-66.3032554687437,842
IMG_03354,47.13529326615162,-107.53457877864577,3
IMG_03355,11.268134668373008,119.91879843946911,171
IMG_03356,36.17873781261369,15.349621243840147,920
IMG_03357,-11.297696429308417,-56.74075672816855,306
IMG_03358,36.72604312359484,-86.89310750799547,139
IMG_03359,-27.528570525124245,26.32319952458502,62
IMG_03360,-12.90663612482993,104.6125011785416,346
IMG_03361,2.8540721288632795,83.36723738592349,422
IMG_03362,-6.727704063240068,-14.208462293721851,102
IMG_03363,43.67241123300562,-84.8140428125637,608
IMG_03364,56.86097438928872,44.61467113390461,921
IMG_03365,51.10802806522889,87.59881708983596,92
IMG_03366,26.85652201865176,-104.04305746025008,38
IMG_03367,54.19590392126179,-113.99082391525997,517
IMG_03368,55.38674056755724,93.5477376393552,187
IMG_03369,36.16819326521271,32.44970025156135,230
IMG_03370,46.84985011650326,23.05206223792481,860
IMG_03371,55.3407858016069,86.48197165166795,859
IMG_03372,51.38613373368247,85.03418814711227,425
IMG_03373,56.71699447460989,98.29483837049872,755
IMG_03374,29.50432868782724,-90.47437092169662,563
IMG_03375,-17.668059526554515,11.208821604875595,552
IMG_03376,54.310182700048586,29.14045024675039,960
IMG_03377,38.96285843580264,46.48625628920897,703
IMG_03378,52.54704465709639,16.068511988999575,278
IMG_03379,40.32256663104892,-6.860997415407553,337
IMG_03380,54.07230219574944,18.222009535753187,971
IMG_03381,12.070186497824722,-8.986024916040833,124
IMG_03382,-31.406853159869264,-71.8698218243446,462
IMG_03383,-19.91416568943669,24.63387144818043,219
IMG_03384,51.23346290254409,33.9665553356582,828
IMG_03385,55.72123008172264,42.827347671741336,412
IMG_03386,-32.5816081441309,148.01079428783737,540
IMG_03387,61.09804153841111,-9.863983313077997,642
IMG_03388,-16.39556318141183,129.69311251336853,304
IMG_03389,46.34166479363506,-120.81599889441677,19
IMG_03390,-21.682414467817708,51.23952549246252,97
IMG_03391,65.0162042891638,18.134367249812016,807
IMG_03392,53.70881575363887,-102.2895696512248,82
IMG_03393,-1.190890849019695,-68.74179454548931,698
IMG_03394,-30.063339639405854,128.30581636160014,756
IMG_03395,-23.471504947998312,135.11267140300066,271
IMG_03396,-1.794187917616057,-90.5534475627872,787
IMG_03397,-15.427213848246396,-47.21354649551324,229
IMG_03398,63.048101207275295,25.25502481918588,364
IMG_03399,37.97613413123325,7.338046676012823,252
IMG_03400,-11.038808795323234,-74.5637783193626,558
IMG_03401,48.32060623795781,33.79721700096886,414
IMG_03402,-6.924848716919485,-76.87177748506234,888
IMG_03403,-22.64908857701394,-64.07429836231401,910
IMG_03404,-21.365702806594,-43.04590620942798,284
IMG_03405,54.41812531112558,24.92830887146229,176
IMG_03406,2.3247800283148905,-57.37734748736031,952
IMG_03407,-26.120242855549392,-56.31510874692603,233
IMG_03408,35.37515771041981,-106.520752931771,47
IMG_03409,36.64010064254627,-99.35759602730607,708
IMG_03410,-13.258821680185475,-59.71732381500192,581
IMG_03411,36.2699905749474,-6.239109527766061,457
IMG_03412,51.19073244774819,103.67962190533262,930
IMG_03413,-14.191268623986817,-73.91676713891617,289
IMG_03414,-1.1323624318365262,-58.63103883987367,207
IMG_03415,-44.15851323850304,-68.07820378091759,907
IMG_03416,63.74567748223723,25.94517607426687,364
IMG_03417,48.94081615082561,28.33852506641213,688
IMG_03418,48.98771336731724,-117.3486367683559,650
IMG_03419,42.98485859844709,33.22046343021316,152
IMG_03420,-31.57620211097388,32.52028725379387,467
IMG_03421,45.66092659395781,-88.72392553509658,501
IMG_03422,-24.10132717736782,-63.3776566214992,910
IMG_03423,46.24386556625768,-108.67529769656198,3
IMG_03424,64.05680928013385,70.3628325268956,48
IMG_03425,-28.56428716645425,-73.23384429612975,174
IMG_03426,58.1734452408968,-116.81213164261943,937
IMG_03427,53.64705193244717,40.95143168112946,478
IMG_03428,-37.30328424008897,-60.05436915855779,303
IMG_03429,30.80421251548032,112.9042896442752,434
IMG_03430,42.00615917192471,28.679708340388373,590
IMG_03431,-30.72893086948298,17.67350696253274,732
IMG_03432,-17.369544379180766,133.0095437191672,453
IMG_03433,70.48791821124658,22.97613710166482,123
IMG_03434,50.20809648022998,-1.6402333146180863,215
IMG_03435,35.86767348223135,-108.3007219318426,47
IMG_03436,48.59878788624525,73.5963697358535,264
IMG_03437,58.53814648101928,-133.99767875732263,800
IMG_03438,-3.166785695750235,-52.77178100852635,737
IMG_03439,43.8495039901932,-118.5869866547525,447
IMG_03440,32.66846122754859,73.22413604503441,305
IMG_03441,63.31558921321496,66.87895069765219,723
IMG_03442,53.60838572022863,107.6641032254998,669
IMG_03443,60.64699337577804,5.277587088583744,505
IMG_03444,7.723877240690712,11.619950267371792,742
IMG_03445,51.24106754123096,107.64496161137195,158
IMG_03446,54.33238102048901,-108.97685574524466,417
IMG_03447,-23.678069836809968,27.451199413458312,10
IMG_03448,56.49893142554368,-4.294962903654209,988
IMG_03449,-33.78043461539818,19.08300859881382,618
IMG_03450,11.40641583449792,-7.415269347856281,124
IMG_03451,38.7552571613526,24.79717157799871,56
IMG_03452,-21.595333682179582,-70.81868455415847,51
IMG_03453,-33.849805911264895,150.65867882636678,197
IMG_03454,44.426594727862295,-124.16172449043746,639
IMG_03455,40.96677125580135,-91.97944411200493,188
IMG_03456,42.38669014875677,1.481144124392813,607
IMG_03457,-22.394672786752,28.178074952023195,712
IMG_03458,57.38989242272737,34.42684363772884,962
IMG_03459,62.015461466372415,34.325943288687654,473
IMG_03460,-42.79350926568212,-67.8835616250771,269
IMG_03461,64.03885585238879,109.0755186853047,634
IMG_03462,2.2102726132675627,-50.61655824155696,94
IMG_03463,61.89162735850656,44.82681383327218,677
IMG_03464,36.30998771667569,-101.74702844411895,632
IMG_03465,43.6486438723457,-112.36557886636992,973
IMG_03466,58.43443459942324,12.862570706381176,779
IMG_03467,27.81045544153885,65.02289634226898,70
IMG_03468,58.10213705272375,105.85041118655975,61
IMG_03469,67.75244052705034,-126.53659189284872,735
IMG_03470,61.61925008588122,7.734082914198694,505
IMG_03471,-17.009759173929154,-55.030324057631006,476
IMG_03472,-20.918555980160207,-67.11015071906655,842
IMG_03473,60.547008881937074,80.0896757455161,589
IMG_03474,4.427392240970633,113.40725500185744,311
IMG_03475,-10.024494911692216,-41.61197687511279,603
IMG_03476,31.431028542914504,-109.69604958647896,225
IMG_03477,-42.88056224376278,-69.41757886680749,109
IMG_03478,70.2226966938199,33.2874271676603,933
IMG_03479,55.63358147192602,16.3388763760548,971
IMG_03480,57.392151084786974,82.81672857295177,203
IMG_03481,2.128945328175888,26.789024018094462,818
IMG_03482,-3.384124612736514,-78.15303910898041,64
IMG_03483,54.06204559782708,101.43071320550324,226
IMG_03484,58.545905958734096,67.47815124793883,556
IMG_03485,40.67811263029182,-108.3521173115681,408
IMG_03486,43.36303874942632,-84.79019456625582,608
IMG_03487,43.3522274007837,-119.1430418223944,447
IMG_03488,60.61293246166628,-116.95536386836176,276
IMG_03489,57.39671665514939,101.46980845096355,716
IMG_03490,-24.526496808278537,-59.52695935077206,815
IMG_03491,55.078000009634025,90.867454096561,859
IMG_03492,50.07678239007342,-8.461495584178635,437
IMG_03493,-42.16073830383404,-73.94401968794394,573
IMG_03494,0.0398060933066943,109.59577199205222,184
IMG_03495,56.87099863326915,35.46621774515839,279
IMG_03496,52.472850295614,-104.51694374067898,82
IMG_03497,53.63844403956551,82.36569675300416,998
IMG_03498,0.5825786475759571,-71.46517308905749,360
IMG_03499,43.22460333008965,10.896123787571868,17
IMG_03500,-26.791701718824108,-73.06157386085705,174
IMG_03501,-37.6159438132966,151.1450134760604,263
IMG_03502,48.93458131173634,9.846663171242511,628
IMG_03503,45.17889460629888,75.03058129933936,974
IMG_03504,67.36287406903,12.957702454465988,622
IMG_03505,67.53065106678511,28.565803196931853,680
IMG_03506,57.998026313912106,-125.56609185367816,113
IMG_03507,54.2246945545877,15.960768141884586,971
IMG_03508,47.74485421126076,-125.89031721653994,319
IMG_03509,9.675297564576226,3.482281302365521,929
IMG_03510,38.717034306447886,41.31718248341153,217
IMG_03511,37.42271949926588,-101.72215057870632,345
IMG_03512,-25.09104199216206,146.91833950755006,542
IMG_03513,52.859985450718966,-5.319404959162284,720
IMG_03514,-28.164798121671616,28.952624037028272,587
IMG_03515,-16.560419823896382,-55.378461464278985,476
IMG_03516,40.01484327437848,-119.26114872340656,854
IMG_03517,64.19524703048359,-9.15987483321777,365
IMG_03518,5.292306734809898,-1.6014557955366795,874
IMG_03519,18.61808562560691,95.24687130498916,520
IMG_03520,43.96648793871094,74.06082936696282,157
IMG_03521,-0.2482702413678907,-79.6772866201497,741
IMG_03522,-28.181903545924182,26.03802522561193,62
IMG_03523,-1.278907523971327,-43.139839212385965,277
IMG_03524,57.74688426258189,42.92141667768655,921
IMG_03525,66.36453438453532,22.365077430191093,503
IMG_03526,1.130088620378331,-4.9344930512758935,444
IMG_03527,49.03362596275343,87.57756579822978,92
IMG_03528,48.7705589414224,-88.1001953462742,500
IMG_03529,65.57667216203015,24.726274855359264,503
IMG_03530,56.8571631385866,107.50047540594846,805
IMG_03531,-10.934540304183288,-30.721351962880615,424
IMG_03532,-27.37049967869641,-64.32477247242024,114
IMG_03533,48.30215453320193,12.148483620554828,628
IMG_03534,-16.01466251117492,32.557716063102305,464
IMG_03535,-35.40411425729858,-59.69859000622628,667
IMG_03536,-31.138565074098004,-64.12868232245427,881
IMG_03537,51.76600121056652,32.62335086693918,604
IMG_03538,-23.10655250501448,28.12018359200701,712
IMG_03539,-8.84828232029642,-65.40237139468675,148
IMG_03540,-32.6269421601786,142.3523434167452,690
IMG_03541,44.22268847807126,99.108562939379,287
IMG_03542,-20.00557674263368,-63.53541796859703,143
IMG_03543,44.3601296776655,-91.2555897099878,567
IMG_03544,50.654960856275466,67.10763317681034,564
IMG_03545,37.60984459522108,-2.67142829993486,366
IMG_03546,-19.92602892464028,-45.946549562553145,777
IMG_03547,51.85827742439756,-122.21465030595064,536
IMG_03548,50.67712037617986,85.94052706402505,92
IMG_03549,54.75351405395799,88.65137986498462,859
IMG_03550,-40.579158990037634,-69.2098253566212,710
IMG_03551,53.715263911043735,35.597438525540554,131
IMG_03552,-41.6424319609388,-76.20708377478441,573
IMG_03553,-10.2001370500264,-40.10833257479413,177
IMG_03554,2.067071835331376,-52.394241826393454,94
IMG_03555,48.007164369402176,-125.462351961913,319
IMG_03556,39.74526098169736,70.86360163779554,834
IMG_03557,67.98263318351042,15.56478721514486,622
IMG_03558,57.16054280410276,79.81597648746066,203
IMG_03559,-26.80261369675248,-71.36273620569426,633
IMG_03560,43.650049160548406,-93.62128279171272,567
IMG_03561,51.52089793183657,-112.60553323093026,351
IMG_03562,-24.85021111632551,28.935077174355342,386
IMG_03563,59.38806466312769,72.70882428738435,228
IMG_03564,-20.90493181432555,-42.507740766877646,284
IMG_03565,48.651792099255886,-124.68453472869332,319
IMG_03566,6.7457104604657445,116.9748978106399,311
IMG_03567,60.22512028711253,29.777329396531343,57
IMG_03568,-11.113467778778856,-40.18406705995059,177
IMG_03569,51.13787136457702,-98.3420886505005,448
IMG_03570,33.85476686028488,-91.23810480277956,423
IMG_03571,65.95138515158226,28.25214138117749,75
IMG_03572,41.80809957393387,1.3231188998423136,607
IMG_03573,43.50671084564203,-96.95331496902593,751
IMG_03574,-16.667223293718934,-50.86049552948066,869
IMG_03575,45.94027344674868,7.890145793041199,381
IMG_03576,44.398814604725885,-118.18982831516963,447
IMG_03577,28.065215607022598,91.95489840752202,87
IMG_03578,50.30545064509508,6.417811472342663,946
IMG_03579,-17.17004394939063,-46.13082116169278,790
IMG_03580,12.052981283362143,147.1334569396239,186
IMG_03581,41.13159259774622,-109.8253746290944,408
IMG_03582,10.531687505645635,11.97317513776602,742
IMG_03583,58.20718985157564,43.27759565552012,921
IMG_03584,44.02724021981001,-87.3052547739282,32
IMG_03585,28.28631579699899,-110.43236931547156,899
IMG_03586,-4.895148961685038,-49.03513975922007,352
IMG_03587,-16.000105064553154,-67.9266227052776,468
IMG_03588,49.10331444441732,29.26827862887345,688
IMG_03589,37.21394493015059,-117.46046013887155,96
IMG_03590,37.37399678443779,-111.24169703913324,179
IMG_03591,-21.69804361412983,147.29051833365816,159
IMG_03592,-42.799559973701946,-63.02368614143421,939
IMG_03593,67.47780815174988,65.49478911732947,141
IMG_03594,44.70931887141609,-0.6041140483623053,362
IMG_03595,-21.974095825385007,-42.450595642793445,284
IMG_03596,-12.432423917895264,33.1788549133006,464
IMG_03597,45.7708703375481,102.68024036573706,931
IMG_03598,36.5938901219308,-96.06636237555864,12
IMG_03599,69.2200258742798,21.097750405321904,736
IMG_03600,-29.514369371076825,120.52999520602054,670
IMG_03601,48.93674428710972,82.78090606936246,656
IMG_03602,-42.437713683057126,-70.68577031241978,109
IMG_03603,-13.026200205425567,-60.602604554242575,581
IMG_03604,-31.84328324552196,25.852172337295517,388
IMG_03605,64.29181003199307,17.393097575447484,21
IMG_03606,-30.44016106526277,32.89341882304964,467
IMG_03607,37.39128261092509,-5.735568648943939,29
IMG_03608,0.5750747005219807,-82.12203941413905,553
IMG_03609,60.82751268036202,-114.95221155602306,276
IMG_03610,-16.12760403203724,-45.74276803417976,790
IMG_03611,30.83135067001578,-120.16059802931292,74
IMG_03612,47.45601230581366,74.41677674680602,14
IMG_03613,-1.5405055707686302,33.40701118771673,410
IMG_03614,39.99778164709801,-95.9748354090672,635
IMG_03615,32.42134037586149,92.8224566092034,785
IMG_03616,2.671462403771244,-72.56328577771676,360
IMG_03617,57.95098963634689,-128.39463914642846,800
IMG_03618,68.34826072508622,-133.73412697756126,406
IMG_03619,-37.75209672569719,141.2912461761414,562
IMG_03620,39.0073634299855,18.214888631553805,208
IMG_03621,-7.426980867382156,-45.56860317527554,657
IMG_03622,6.878555509047686,-4.850013899679624,200
IMG_03623,-23.686420306519977,-39.99849263515856,298
IMG_03624,50.47030142698904,72.6320578979549,264
IMG_03625,55.81905036936729,-2.6661417687550117,861
IMG_03626,-23.310476832114944,17.893287122380116,538
IMG_03627,59.45518055624785,1.4716252437040396,766
IMG_03628,51.6410053568008,40.04657845873595,105
IMG_03629,49.880476520708896,19.10559091307269,53
IMG_03630,-7.251811618622739,124.6999172668348,116
IMG_03631,69.57080054387819,73.4605710471082,431
IMG_03632,-23.51086642126185,-60.583621145752375,815
IMG_03633,37.2112387233731,13.467722482422516,5
IMG_03634,-32.33998685327468,-51.226098386868046,81
IMG_03635,14.875087124029434,31.814629223426124,803
IMG_03636,-16.377747245218274,-60.966053917060165,715
IMG_03637,65.65331453833525,18.529940748159504,807
IMG_03638,-22.926496866217903,-50.85008105392927,984
IMG_03639,46.913352247409534,-122.53572925031357,319
IMG_03640,-21.950539342824584,-47.81358375355077,119
IMG_03641,11.47975791624485,58.07253075502146,631
IMG_03642,12.749640104465756,38.56162637928426,77
IMG_03643,-24.75775464769136,31.356831362489658,941
IMG_03644,26.833542026082853,86.0961612908394,697
IMG_03645,-9.99080398944443,-71.20817346158435,459
IMG_03646,-23.39765331417871,-54.70477255040311,813
IMG_03647,42.23882431434342,-5.123623010908574,565
IMG_03648,41.56265330693489,107.8061061816598,770
IMG_03649,-24.37498824337294,-63.54830424683695,620
IMG_03650,42.60912996646741,-97.1608892910062,751
IMG_03651,46.70474098457012,-116.95794981441594,19
IMG_03652,-30.83977548143499,-45.051350803156254,294
IMG_03653,51.62695152680095,87.36426357968429,425
IMG_03654,-1.272380796446896,27.40220143874066,904
IMG_03655,41.77605422795904,-100.18839285946234,175
IMG_03656,62.51599676430561,112.11788100129915,194
IMG_03657,-22.217416542600745,59.82072264826797,58
IMG_03658,31.325609796007257,-100.15777282132277,205
IMG_03659,-7.642885883842979,-48.05533677948867,352
IMG_03660,55.49141764534022,80.36504134894778,140
IMG_03661,49.79225199420037,3.799906315003256,946
IMG_03662,49.54932715479765,25.009848172089846,383
IMG_03663,-16.043690089584246,26.8567924940196,947
IMG_03664,51.20756010535888,-107.22123318157072,847
IMG_03665,33.16443965847563,-108.29871500931576,613
IMG_03666,-35.03316776997814,149.41243725038692,546
IMG_03667,-43.07330889933364,-63.503278102530885,939
IMG_03668,-42.69253456361175,-56.99395486531712,481
IMG_03669,42.968133150428855,-96.24256037962296,751
IMG_03670,-0.2554005624055122,27.810074306442147,4
IMG_03671,36.11133225312141,-87.911193882575,139
IMG_03672,33.199033462879044,-100.28488707200523,450
IMG_03673,-6.760922489594378,-54.10739071290766,456
IMG_03674,-26.803345457441807,154.3231530836756,636
IMG_03675,59.99245466796094,23.195083060133182,166
IMG_03676,51.47644187846899,-123.78748978039056,783
IMG_03677,44.80447563084846,77.59714522662176,299
IMG_03678,59.13511755647221,4.1356257581596765,379
IMG_03679,-26.92375373389322,132.90625995974915,816
IMG_03680,57.74158607698581,-92.70634487424228,172
IMG_03681,34.20901373337233,-93.66872284509344,918
IMG_03682,44.840240709251646,21.52847975137763,120
IMG_03683,-35.24631521503005,19.60269481335149,618
IMG_03684,-5.4322746287841,-38.0309506029754,344
IMG_03685,31.09502569404421,-114.71840263855871,178
IMG_03686,-16.54012828945821,-58.2595469948225,476
IMG_03687,-37.48134136888836,-77.29562271179441,223
IMG_03688,35.84690496122295,16.01671445679426,920
IMG_03689,47.81784053497995,96.27218050585935,316
IMG_03690,63.9685025589045,-127.160975687642,50
IMG_03691,-14.014065785933385,-74.7724887917559,289
IMG_03692,7.128406846695157,9.777976706999056,84
IMG_03693,31.57962545855221,98.8706914497992,333
IMG_03694,-5.934794488250532,-49.149646031058666,352
IMG_03695,57.77530850865844,36.44434450473068,734
IMG_03696,60.07682894035182,6.218088097201189,505
IMG_03697,-25.13270176757561,-50.970709162460935,984
IMG_03698,56.742156631105786,33.600100255755535,962
IMG_03699,-36.08252358366802,-66.37760391242277,196
IMG_03700,-22.314766858827,27.70220542940018,712
IMG_03701,59.15265869024455,70.25444532426192,228
IMG_03702,-20.19010947447927,-66.87799547498415,842
IMG_03703,45.61625512651284,90.54855188394193,449
IMG_03704,50.50428722237791,-105.34597713152576,302
IMG_03705,29.45295817101592,-112.089026173083,391
IMG_03706,54.307384811086735,-128.60266464246237,224
IMG_03707,-29.52177234147247,-68.010085269381,310
IMG_03708,-31.55247334598606,-66.31511391014385,67
IMG_03709,27.655055921843054,67.10346167363699,70
IMG_03710,70.22038365629302,69.51775700485712,965
IMG_03711,-3.8354012224035614,-53.47218736814455,737
IMG_03712,55.66470227457657,23.379727678611403,646
IMG_03713,37.42153484475435,13.98781057210681,5
IMG_03714,-32.3920462280375,-71.93474822967544,979
IMG_03715,40.69581614606474,19.016106607616905,436
IMG_03716,59.77112296758165,84.8248899511363,753
IMG_03717,12.08436817072858,29.219385311564,594
IMG_03718,-26.811746367501076,111.85524906397715,660
IMG_03719,36.16517918312289,79.73323614441222,730
IMG_03720,47.70946451818435,25.79470007724504,692
IMG_03721,62.01699526949551,28.255657162175908,992
IMG_03722,45.46113848232554,-87.05775898951507,397
IMG_03723,38.57320018754865,-125.7494498353034,694
IMG_03724,46.43841377204063,108.48654810261483,711
IMG_03725,32.93061690380449,-94.0980417024477,127
IMG_03726,4.066140146148086,100.17791735059666,867
IMG_03727,54.23707509857758,24.125495726271,176
IMG_03728,59.92295870173666,-132.23529497199485,800
IMG_03729,56.278351239542246,-4.2106388313974605,988
IMG_03730,3.430685329411915,-54.08225551633758,94
IMG_03731,31.342581049452733,-105.5739424331172,613
IMG_03732,53.07697282034599,-103.27836099252382,82
IMG_03733,53.205492219699295,-131.8809966792905,551
IMG_03734,-38.71669702448712,145.50959937010475,285
IMG_03735,-26.200768595735667,26.492289508423227,629
IMG_03736,-37.43835945535704,148.69552669928805,263
IMG_03737,59.85450025824878,34.652950867790594,554
IMG_03738,44.58746437849243,-100.79648547606747,666
IMG_03739,48.56365758198223,-6.889375894702795,437
IMG_03740,-18.23090375338049,-63.85242461816512,143
IMG_03741,-22.566675518243684,-51.16778991571164,599
IMG_03742,35.23352268040904,-1.5012917374270105,366
IMG_03743,-19.452747983461705,-46.02846683078451,777
IMG_03744,38.58955224153581,36.24339528271332,99
IMG_03745,27.07340416003333,73.7601010401944,879
IMG_03746,-5.82764401561289,-45.08346907393911,657
IMG_03747,-23.69937453632315,33.642651347464664,502
IMG_03748,65.13357947792542,57.73220016492272,1
IMG_03749,38.51875141494361,21.839932102527712,655
IMG_03750,53.98303137194273,-133.6599412150434,551
IMG_03751,39.65704575787848,-96.4859892675845,635
IMG_03752,36.33443538369184,25.729870860360904,369
IMG_03753,-21.040920418677445,121.69464542929568,69
IMG_03754,49.59646203021165,29.878384775313407,688
IMG_03755,-47.17933570943724,166.9710189146008,232
IMG_03756,-18.36450661017912,24.79370108836784,426
IMG_03757,4.087963698615567,1.29863883467155,15
IMG_03758,-6.726244375106461,-61.992866187761024,247
IMG_03759,53.257883663309,66.69856107631057,564
IMG_03760,41.92614072822258,76.17136894005262,518
IMG_03761,45.38079091367496,42.02656844142987,418
IMG_03762,-18.13573556585979,121.2511793756745,793
IMG_03763,64.68136471665301,5.599159600364487,791
IMG_03764,52.94641381479855,24.77150372573521,176
IMG_03765,-13.855221449484644,-54.10776262150748,612
IMG_03766,72.47723065502134,103.16274909425294,531
IMG_03767,-11.73464422274526,149.82588143715435,86
IMG_03768,28.478863731147754,96.77886333708943,181
IMG_03769,50.42911577312839,-85.21805940183756,147
IMG_03770,50.04435062160897,32.41101919046068,828
IMG_03771,50.08670477986635,-103.73265423234176,302
IMG_03772,-18.73340469866612,-67.74250654727399,358
IMG_03773,39.66836246789333,-87.95401656224493,440
IMG_03774,-2.110431015308592,-59.461564756223225,207
IMG_03775,29.47622686058733,103.9418752228288,705
IMG_03776,43.38667558877143,-106.6393141203922,592
IMG_03777,-24.10795616243097,-56.43894947647688,815
IMG_03778,52.25073720576839,36.94934689549999,185
IMG_03779,38.00040388335805,17.226594661141746,849
IMG_03780,58.105196655553954,25.274468576823157,368
IMG_03781,-23.049762116581743,26.17463458439016,886
IMG_03782,-17.578145731643588,142.33205421915466,39
IMG_03783,-2.1965417998996486,-83.16996360399185,370
IMG_03784,-30.83136507100646,-62.73273038842203,550
IMG_03785,-6.455155505172016,-54.6728916138882,456
IMG_03786,30.9096491954093,94.88035466504192,419
IMG_03787,-22.10048045548926,-66.93448809570418,343
IMG_03788,-14.551101167327673,93.6708126645362,65
IMG_03789,12.65627711270487,37.1396418630122,77
IMG_03790,-26.1938950960469,150.58762196535713,280
IMG_03791,70.81872252427101,23.130910783301346,123
IMG_03792,67.38644741692758,63.36180323274312,141
IMG_03793,63.69638026853329,12.572462160380354,597
IMG_03794,63.17019334899294,24.495228096465468,364
IMG_03795,52.0298915537999,32.99101074794561,604
IMG_03796,-25.966376694821605,151.23560308538248,280
IMG_03797,46.98884925155946,103.470336209464,931
IMG_03798,37.85641144071042,36.013613683366344,99
IMG_03799,42.576095321466966,38.329799927118586,925
IMG_03800,35.64621543244618,39.20198824610805,889
IMG_03801,-2.763016161173965,-38.39829003137811,719
IMG_03802,63.476483639638445,9.908757168744728,597
IMG_03803,58.4829862413869,38.56914791407084,734
IMG_03804,50.15498714644946,39.37605651897715,105
IMG_03805,63.28371865560192,66.67258369743976,723
IMG_03806,61.11869030327193,34.24168502854411,554
IMG_03807,51.44041194760706,-120.1558221280767,650
IMG_03808,-30.927496423051267,33.173821830345446,467
IMG_03809,-9.075837486600337,12.230817262906667,220
IMG_03810,32.34005026712177,-107.77159579488772,613
IMG_03811,61.04037288104775,21.281054106731062,166
IMG_03812,55.417278280122815,65.03227377027028,73
IMG_03813,-23.21652854702708,144.41217816894397,507
IMG_03814,-32.35322696869209,-71.83193096876366,979
IMG_03815,55.12924650934335,10.561782233579407,644
IMG_03816,-20.813952642542432,27.250715466782253,413
IMG_03817,-25.80349267788843,28.41477651474736,235
IMG_03818,46.2450305524319,-119.71228390044384,19
IMG_03819,57.22304895394589,87.41347475787256,373
IMG_03820,28.20750408000372,-104.61278528937478,580
IMG_03821,-10.188645645919038,29.284424866662107,544
IMG_03822,38.71606443313749,-97.01524392582444,708
IMG_03823,6.990089024911811,134.18435783689586,55
IMG_03824,-13.854263473663051,110.55140553544084,346
IMG_03825,46.333559144307685,2.033501188456341,76
IMG_03826,36.04541159647511,31.38282737043758,230
IMG_03827,67.06388529921398,-124.31229100245253,735
IMG_03828,-6.0190560023499415,-49.78147086754569,804
IMG_03829,38.36441324657349,99.74311150284656,138
IMG_03830,51.169228474222194,-96.62197131964962,448
IMG_03831,-24.86249534501508,-67.17365712660259,343
IMG_03832,-22.12126254183377,-56.61118089935529,46
IMG_03833,37.13403440098922,-104.67091039473554,345
IMG_03834,61.48573711307853,32.25506195595537,57
IMG_03835,56.74088196173975,81.88953872887038,203
IMG_03836,8.87073475532138,-42.76289654311228,724
IMG_03837,-37.035597837421385,-66.85521065764746,617
IMG_03838,44.37394998276267,111.11812621691,938
IMG_03839,-41.28135232073344,-61.69659887520157,103
IMG_03840,-22.397525225089865,-69.53594430319275,801
IMG_03841,29.59473441054212,-97.43844877953865,893
IMG_03842,-11.19249952834609,-15.306121758405652,922
IMG_03843,63.31395195948389,-124.28336076995232,50
IMG_03844,-32.46173304393507,117.0944389801362,480
IMG_03845,34.95936437532744,-98.6428111404951,450
IMG_03846,52.69735387413431,-115.20128579305955,351
IMG_03847,-39.95713992264137,-62.69986416915495,103
IMG_03848,49.59763899814351,113.79955131247073,393
IMG_03849,55.712372986981,66.74467493831139,878
IMG_03850,40.79284234412109,-96.30296874390622,635
IMG_03851,6.9554587021657,38.82518813050734,519
IMG_03852,-43.57450915509582,-65.54898664360455,269
IMG_03853,46.93990927202413,36.9575593321068,700
IMG_03854,7.013009421023241,116.40790667113733,311
IMG_03855,53.74528335593939,-3.536728916482076,212
IMG_03856,53.199104771222494,111.42349579198616,254
IMG_03857,51.16714295814276,30.825517432314115,13
IMG_03858,59.81339642027089,40.71356821692885,195
IMG_03859,-16.17513320916916,28.94785929901116,947
IMG_03860,47.345144994780014,28.328775057030555,692
IMG_03861,43.11197701757854,35.376312954020904,152
IMG_03862,31.12258157477828,-114.38512912678794,178
IMG_03863,66.14100427796313,45.64934924055808,671
IMG_03864,37.51136450892258,-116.80679082109336,96
IMG_03865,-24.03844144212232,29.00666216130276,386
IMG_03866,48.12426223160105,-108.52896364094244,821
IMG_03867,8.516601760552362,13.599331725883133,325
IMG_03868,37.49257634159224,18.05303271613741,849
IMG_03869,64.38325308298141,12.872335101217658,396
IMG_03870,-24.28475921857105,-65.90048137843398,343
IMG_03871,48.54353231658723,-89.90745941376652,500
IMG_03872,54.908691733077205,96.22381741177207,914
IMG_03873,51.675009896267085,86.03475116278378,425
IMG_03874,42.50382528577427,-108.7373521398419,592
IMG_03875,64.82509011971959,86.79402375612483,301
IMG_03876,32.86358987349762,77.11153592245006,112
IMG_03877,46.21036798282674,29.520500116921,989
IMG_03878,45.9170368740329,10.601851696814464,218
IMG_03879,-16.331858897292932,-51.52141826655219,221
IMG_03880,41.98545192116967,112.8043489310557,6
IMG_03881,60.2705833283261,-124.18513418312423,600
IMG_03882,26.921086652223263,-106.79460905203544,38
IMG_03883,59.86323913693789,64.96979736076977,556
IMG_03884,49.67890834304279,21.678147238325806,53
IMG_03885,62.98021873065221,111.67382091509842,194
IMG_03886,-5.163152167992251,-81.15081186778856,684
IMG_03887,48.91673443344752,87.82828195123705,92
IMG_03888,46.77577610341518,16.913747606984145,605
IMG_03889,-23.861073625848533,119.76054514448045,752
IMG_03890,-17.112710245063056,144.76125895997882,606
IMG_03891,-31.037943949159462,-63.17826798612015,550
IMG_03892,68.85767350987481,31.903102159187,933
IMG_03893,-6.266448272316239,-38.685828697563295,557
IMG_03894,-26.665779588845872,151.7878027248612,280
IMG_03895,50.23712876625916,-5.622687855530643,498
IMG_03896,41.855019307999015,-120.99590426408103,447
IMG_03897,35.856753784155245,-90.48671474112244,911
IMG_03898,44.09563265618425,38.96559265976259,925
IMG_03899,4.015018147403509,20.276609579248717,382
IMG_03900,69.45541407241217,-107.8403659099848,662
IMG_03901,42.07826830738571,-121.8408705574764,150
IMG_03902,58.92418264106794,84.75299736160298,753
IMG_03903,-1.2660255573554764,28.83073549647725,4
IMG_03904,47.93993814343966,100.47833416555,493
IMG_03905,67.0418035049866,41.47045838689076,671
IMG_03906,-22.98305553230321,29.339965869338076,712
IMG_03907,3.1271730462794665,9.528833775385891,687
IMG_03908,-2.637748387723022,-79.03862068272481,64
IMG_03909,58.90927757465283,73.44133585936706,228
IMG_03910,-41.57728087877186,-56.77070857428052,481
IMG_03911,-11.465157970478144,-44.414980351067584,702
IMG_03912,59.87501607871371,19.183270726083464,354
IMG_03913,50.62478505875589,-106.76707720159808,302
IMG_03914,43.79773104201274,2.6799137057291205,757
IMG_03915,-21.789876215303764,-41.08922758460588,298
IMG_03916,1.429217121950444,-57.54804315174755,375
IMG_03917,55.15581333217966,99.40116096143696,755
IMG_03918,-13.924234129069191,-61.17970570856133,581
IMG_03919,49.84786054812031,88.83237535462627,740
IMG_03920,47.80911615111319,89.61048677841092,449
IMG_03921,57.21519063534356,88.44362315902532,373
IMG_03922,56.33890349644457,100.53511434239408,755
IMG_03923,-43.75608211681833,144.14372286473616,535
IMG_03924,46.605243039322005,-11.942674561460391,437
IMG_03925,-30.596847744934173,121.93479919305418,31
IMG_03926,50.94976444723656,112.36907895167434,254
IMG_03927,47.80443061282404,45.450793858934986,118
IMG_03928,-19.24139326149881,146.22625582740886,871
IMG_03929,47.97081856399444,10.366506714666684,628
IMG_03930,-32.723630064839114,29.493007282777057,764
IMG_03931,-26.88721912177725,-131.31457495638145,88
IMG_03932,43.52472216809196,65.16849476646675,210
IMG_03933,49.40572895671397,9.446467385695456,628
IMG_03934,-1.8866765532717125,28.486564729802268,904
IMG_03935,-17.5569821344874,147.9262194679353,275
IMG_03936,-31.1158326478499,128.79852738589932,756
IMG_03937,54.56258916141846,18.936805782389428,971
IMG_03938,34.33840331811098,94.05447694774044,785
IMG_03939,-36.25568992319741,-58.24711606283947,527
IMG_03940,42.21174347240583,70.65575065843854,165
IMG_03941,-16.884191878166234,-44.14079151868117,66
IMG_03942,-5.181182623458511,110.92005135330112,844
IMG_03943,53.45847405000313,7.489503704717919,363
IMG_03944,39.31408527666397,1.014677135515882,213
IMG_03945,11.618685733226442,-71.17494698847031,428
IMG_03946,44.85373248356831,-120.40471855116992,447
IMG_03947,-30.85157886769006,115.249236898689,615
IMG_03948,-11.397307143068332,143.20132221192944,193
IMG_03949,59.80886119647988,-127.69871451470696,800
IMG_03950,-12.675904288308317,26.532190688243645,63
IMG_03951,9.697620259195944,43.22375888037993,420
IMG_03952,46.42283204251822,24.59619989076305,950
IMG_03953,-23.61761209184435,26.385172839062875,371
IMG_03954,57.42488077141877,82.42345868261123,203
IMG_03955,37.744019261201686,-6.9813992244198175,457
IMG_03956,26.799666133354307,-94.7935720785632,966
IMG_03957,-15.107308794758936,-48.08509484222103,229
IMG_03958,43.03550312528017,-110.58330759765332,592
IMG_03959,36.47750078451773,-110.62278201341904,179
IMG_03960,-0.9544510750295389,29.241893499735568,4
IMG_03961,49.32015912247692,6.0798963707322,946
IMG_03962,47.53823246873898,91.38031428394164,449
IMG_03963,55.80522943536704,107.87247819439416,805
IMG_03964,61.23656123451883,25.775198469477917,811
IMG_03965,51.2504755088861,-5.894662458540125,498
IMG_03966,-14.181554671104353,-10.304095189155872,922
IMG_03967,29.951695850324967,-91.13448580059826,637
IMG_03968,63.8016365504823,20.812542736382,21
IMG_03969,58.28068386959754,10.357565061732087,779
IMG_03970,49.29104795463718,93.56776839308112,316
IMG_03971,-21.87292645104212,148.59105158938894,159
IMG_03972,-7.670375542115522,-74.1498985232307,267
IMG_03973,-10.53106171386544,-74.31829440430494,679
IMG_03974,69.63705761113715,31.429199175742497,933
IMG_03975,-24.842593005840683,27.04449042442792,10
IMG_03976,45.98599530370157,110.97058140305307,938
IMG_03977,35.83723405145162,-95.5791626512652,12
IMG_03978,-29.08283029521435,28.195382903113625,524
IMG_03979,43.13527832094826,105.13878908736734,678
IMG_03980,-24.086829045163,26.113072266865032,371
IMG_03981,43.10279579892549,-123.09014733401074,150
IMG_03982,37.577244168404064,19.02876139456305,849
IMG_03983,37.739731532831385,39.69689526947349,889
IMG_03984,33.99193958061626,-95.68568590323132,327
IMG_03985,51.65453517007825,72.4479901321165,264
IMG_03986,-13.942786483963276,-49.97681940006308,506
IMG_03987,30.037196320865437,-109.46647812267854,407
IMG_03988,-4.730897436278525,-44.30951928494602,277
IMG_03989,43.4042210465995,3.017844854264524,757
IMG_03990,-35.43178504900201,-61.99420051482409,439
IMG_03991,-11.96441176792534,94.66246192541196,65
IMG_03992,35.28285392329511,29.15277031684812,892
IMG_03993,1.5523740850118628,-64.63653424926272,111
IMG_03994,-21.44725898968441,28.984806712926144,712
IMG_03995,51.457775662716784,-120.97124778892568,783
IMG_03996,33.52181046787331,82.54096685396473,539
IMG_03997,42.70211495993641,45.04861549834664,180
IMG_03998,59.62350925863444,78.57269080610479,967
IMG_03999,35.70480242067245,-117.33077510579864,307
IMG_04000,53.25416948740917,103.38593736170752,930
IMG_04001,6.275407298889519,37.14621040453153,864
IMG_04002,49.98128289885341,-105.8670507022251,302
IMG_04003,6.576923846149882,7.206961642695404,183
IMG_04004,54.58306435608222,77.50456383229573,140
IMG_04005,45.6879165567546,5.480837756525119,686
IMG_04006,53.69859735843514,-113.06754423119176,517
IMG_04007,51.24793684360759,-1.3296255114780422,919
IMG_04008,-17.656969555680007,-53.01710811426909,221
IMG_04009,-10.867112405990127,115.26994810260068,270
IMG_04010,57.26396411611466,15.19740420832187,60
IMG_04011,-27.161249568081686,148.85007226740902,572
IMG_04012,-14.705850307377348,126.20404224077362,253
IMG_04013,44.012051921032594,28.378241810776217,236
IMG_04014,43.42214911407808,-107.05113281571636,592
IMG_04015,44.85638585050026,111.66413770325217,938
IMG_04016,-5.504057264005581,50.74363129286599,30
IMG_04017,-20.524481146721318,-53.130441718714295,575
IMG_04018,-12.61249133094367,123.37313547806764,835
IMG_04019,-2.322471900155648,-81.5924353696149,553
IMG_04020,-13.348978070523572,-51.83505260454922,506
IMG_04021,12.688029512550486,40.28599437335734,251
IMG_04022,28.18617006214687,-110.5103037574696,899
IMG_04023,54.60555317166643,31.517773018180208,960
IMG_04024,45.28322842126272,65.80904535877568,739
IMG_04025,44.50751883843176,11.09636381001755,218
IMG_04026,51.81943090442357,32.955461403365206,604
IMG_04027,-20.700716666779982,20.585424434701423,621
IMG_04028,-29.858038003272934,21.66784048042172,957
IMG_04029,8.39322092980251,117.71229486091433,940
IMG_04030,59.89769665330661,12.9669318263864,121
IMG_04031,-31.467532841280978,-63.7666547842509,550
IMG_04032,1.001595395301564,-65.78780136114119,619
IMG_04033,-25.94472739933711,26.691782505294043,629
IMG_04034,54.44453572566636,45.15831747774067,206
IMG_04035,68.98760070204696,26.01148706649562,123
IMG_04036,-32.30530978863116,-69.46328484916765,577
IMG_04037,2.4744555950038034,-59.57431722093754,952
IMG_04038,-21.420446101737028,114.59217258177353,146
IMG_04039,-21.38838679800378,-40.9580487375151,298
IMG_04040,63.50644915865212,76.90215113053142,839
IMG_04041,41.54340112513873,5.945541675244812,953
IMG_04042,55.357425362244186,93.30441024224194,187
IMG_04043,29.78339590638741,78.74406302017081,458
IMG_04044,33.37383298572017,-93.23886880623306,918
IMG_04045,34.88470103093418,-85.62641440865346,139
IMG_04046,38.5184061826846,-7.894432628317133,457
IMG_04047,-16.897901063110226,-73.62339655597067,924
IMG_04048,40.12612806830808,-122.42761743980822,970
IMG_04049,38.28231289699056,-87.16414565108147,404
IMG_04050,43.6345467354266,-112.94818210973284,973
IMG_04051,-32.83410855274008,28.528004420041725,764
IMG_04052,52.80276094815866,45.46948513979967,260
IMG_04053,1.3584888973652625,28.57707032801352,560
IMG_04054,-11.276492758530395,43.02937594972167,996
IMG_04055,48.54698784493243,7.783316165999111,381
IMG_04056,58.28233125989812,-97.42960552955373,491
IMG_04057,63.29276213493779,19.44073162303718,21
IMG_04058,-16.66242771819391,-72.8385338255616,924
IMG_04059,44.43456249544681,15.82983827782681,374
IMG_04060,-18.027514498258824,25.615634359718516,426
IMG_04061,36.36730805465484,108.65043737881786,255
IMG_04062,51.34636149924407,10.055811898182242,145
IMG_04063,-1.2815611203930928,-45.92961808400014,902
IMG_04064,48.95537656919231,-102.6866521718823,663
IMG_04065,8.241052761074457,-21.20999273045865,916
IMG_04066,-1.320826590034784,-65.16090860985071,619
IMG_04067,55.47390387908308,44.6596417857248,206
IMG_04068,41.91359169383276,14.756129557652116,955
IMG_04069,3.317899875643008,135.53985549417428,55
IMG_04070,63.25919352512904,12.449676964526589,597
IMG_04071,70.58464220402448,-130.40316483239178,162
IMG_04072,55.399934934909766,-126.07326215323312,470
IMG_04073,46.08506950451383,3.0707614680025017,76
IMG_04074,-23.509234261918337,140.17164634109122,850
IMG_04075,7.679634371470996,6.4378777557854505,183
IMG_04076,50.114350371217824,44.09951997120362,794
IMG_04077,-14.694541473934862,-54.72882964223746,612
IMG_04078,-24.197748803458467,27.51888958169769,10
IMG_04079,62.58257684851935,69.34720846344135,104
IMG_04080,-2.867786820523605,-46.65988833846487,743
IMG_04081,-15.98167120983311,-74.05090883535311,728
IMG_04082,50.40554560950625,-108.98200454837318,641
IMG_04083,-42.811142979138886,166.8841610517266,913
IMG_04084,39.75893919502741,70.42304269197783,834
IMG_04085,-35.917110369757026,-54.6033241522756,987
IMG_04086,61.40299461264115,18.831107058271016,571
IMG_04087,69.88351461058704,29.29032260011138,123
IMG_04088,46.114516709547615,-6.889933444305143,903
IMG_04089,-34.4579683065969,-65.57313309778621,664
IMG_04090,66.75902834203592,11.96470368069066,199
IMG_04091,-14.817132771843887,-40.573517481529336,836
IMG_04092,-9.174164336934894,-54.706810674346144,975
IMG_04093,31.99452939015835,-110.748025472774,225
IMG_04094,42.37162419648973,41.36130684668655,25
IMG_04095,56.086916816440095,43.8444448859706,206
IMG_04096,61.01562454431851,-127.80961333757308,600
IMG_04097,41.16189134531618,29.36552768347343,590
IMG_04098,48.39891305677281,-127.5703069628131,982
IMG_04099,42.65297834132369,-94.74321927867211,751
IMG_04100,-6.897311143302503,-62.10875248608065,247
IMG_04101,-30.769224754624236,-49.16987417346854,570
IMG_04102,27.02185473431288,69.90821557239917,568
IMG_04103,39.50657146908452,-2.8087944663399758,29
IMG_04104,7.439620874617134,-55.43302876611867,94
IMG_04105,43.45249559377535,-84.5893555383226,608
IMG_04106,56.99360729340577,80.58103432023961,203
IMG_04107,48.64990078001307,24.80964944896101,383
IMG_04108,7.881456618131295,81.9045455477297,422
IMG_04109,44.81051347093984,108.61331884291268,132
IMG_04110,41.38697298643791,42.03506213123802,25
IMG_04111,51.00808832099307,105.9420617482192,930
IMG_04112,56.89952633993545,39.67369981414461,412
IMG_04113,-4.980382838444129,-41.683205317572,22
IMG_04114,-17.423728270780686,-51.95764312473258,221
IMG_04115,62.37270518060444,11.120548569360494,597
IMG_04116,52.3904405107732,-112.4896906223373,351
IMG_04117,60.697334260154776,20.97447266527089,166
IMG_04118,10.206654545506597,37.09867316332202,880
IMG_04119,43.03211021591272,6.914559512314099,686
IMG_04120,-22.94924070600794,138.5500479048788,850
IMG_04121,31.1348442727828,78.10516428771098,112
IMG_04122,1.2091148950761124,9.151316892639556,687
IMG_04123,55.5489367206593,-8.219053538455768,125
IMG_04124,47.9662931646788,88.05857463388696,449
IMG_04125,69.9852045358137,-127.90792546236612,162
IMG_04126,-21.40897072139181,-52.470976431559805,599
IMG_04127,50.7219748914149,47.3756031717792,882
IMG_04128,43.79168999393366,-1.8258306183951163,362
IMG_04129,3.4809462829827424,-50.63181618914774,724
IMG_04130,30.79039809368443,-96.78378879323937,893
IMG_04131,-25.501605876996763,26.94513819073427,629
IMG_04132,69.62312103860273,29.31560106280801,123
IMG_04133,50.76010317277337,6.014130539940709,946
IMG_04134,45.090476934800535,-97.8914921619478,666
IMG_04135,65.50475348705822,76.76457966289172,839
IMG_04136,35.07536297302482,-118.57892099331214,307
IMG_04137,-6.185359885816041,-55.18058997117254,456
IMG_04138,35.24896083258599,23.07926198864655,369
IMG_04139,57.72388423894142,20.68847681400959,915
IMG_04140,32.58937562102514,-110.8295924068016,225
IMG_04141,-21.725748407864486,-62.04791050908794,910
IMG_04142,-9.980425037213209,-58.14969408231998,610
IMG_04143,-28.48511310832377,26.28678850686288,587
IMG_04144,-12.561874053566754,-47.13723289241091,515
IMG_04145,-38.97100833965557,-76.22960897176095,223
IMG_04146,52.09135710760563,-90.38654396321714,645
IMG_04147,47.30248915198629,40.9481529005428,750
IMG_04148,-20.184085496305016,121.42529171107748,69
IMG_04149,69.29359384847766,-131.58859777427048,162
IMG_04150,-19.07869809613055,-66.30509052233927,842
IMG_04151,-16.00184527433109,-77.91691440784354,945
IMG_04152,-25.48172860085617,-63.89076605804253,620
IMG_04153,58.11640934627559,77.52974475862175,967
IMG_04154,54.25686829097916,72.23257968427865,858
IMG_04155,66.07291997853801,33.904878803109966,75
IMG_04156,48.5342398281924,1.5381231982268275,334
IMG_04157,55.00444074427833,38.64216640104189,848
IMG_04158,-31.61734615424831,147.99831394121492,540
IMG_04159,54.65735991186472,-117.10764150556778,40
IMG_04160,-19.693898380678988,26.3271722628418,219
IMG_04161,58.38552582282552,-119.2118170582158,937
IMG_04162,-24.96701844683767,29.210470034628884,386
IMG_04163,30.97416066522217,71.94508554531484,729
IMG_04164,-34.297835381346474,147.0415064896922,857
IMG_04165,-25.289067068919493,-53.70583922895398,233
IMG_04166,-12.299273779920554,27.871495653648,63
IMG_04167,50.51068933215993,87.10585032302805,92
IMG_04168,-31.812189837651545,31.193306863837904,764
IMG_04169,52.45321171580844,1.512238545496757,919
IMG_04170,44.93894054302905,28.288140790963556,236
IMG_04171,44.82276357191722,79.27029271948504,299
IMG_04172,50.04310367916264,-84.18542223376429,147
IMG_04173,41.716882124449285,-119.33941189457492,447
IMG_04174,-33.80303116010752,148.50081378602613,546
IMG_04175,-10.134717548534752,-49.13037261224727,72
IMG_04176,51.36610352015151,-3.6967817664146594,215
IMG_04177,52.80514123985964,-120.9890658437659,536
IMG_04178,66.51936228695627,67.39896722649314,584
IMG_04179,-4.957308252593862,-79.43067848421623,525
IMG_04180,53.22689089898799,-115.434406635219,40
IMG_04181,53.49382858320016,107.01600107196252,669
IMG_04182,56.19459674312586,106.24160712966682,805
IMG_04183,38.91489427649242,-108.1813359185569,722
IMG_04184,-14.717361150769548,-30.694681777927,424
IMG_04185,53.11832485789392,-130.56486611121758,224
IMG_04186,-35.31817785541844,28.12820459329112,388
IMG_04187,39.785802680446494,33.54802598404129,308
IMG_04188,39.48773594461613,41.51555857360705,717
IMG_04189,4.7861004571352055,-74.25477975604161,282
IMG_04190,46.70058849854385,-115.03150082602583,609
IMG_04191,52.7668869100882,-116.79763487227844,40
IMG_04192,-23.473496639046036,-64.8795878766658,910
IMG_04193,63.90035303058281,-5.120278462858295,884
IMG_04194,62.73060030467301,39.45736549162496,473
IMG_04195,44.23295081004227,110.95500571469222,938
IMG_04196,29.95340819122275,77.38907586163066,978
IMG_04197,43.28212750794518,4.001784099418273,757
IMG_04198,44.61325289135743,106.2455857741664,132
IMG_04199,58.96447005785012,-118.79143798661552,827
IMG_04200,37.297725864853575,-96.2823872731689,12
IMG_04201,-29.03925411882488,141.23337920630956,643
IMG_04202,-22.85235172536065,144.31322583920598,507
IMG_04203,-15.814315007315557,-50.424953956215234,869
IMG_04204,45.561762922804974,27.656336913511723,236
IMG_04205,57.40770663081358,33.60389544857952,962
IMG_04206,60.55063641746935,39.05150974085126,195
IMG_04207,-26.803610334492557,27.42185520787612,629
IMG_04208,-34.13676810804235,-47.071682667658365,570
IMG_04209,2.982204630663432,9.80625339351306,687
IMG_04210,61.64434060695862,23.296363883005625,811
IMG_04211,-1.872853386672176,26.786560519983425,904
IMG_04212,2.132334440143026,-69.25616068249889,731
IMG_04213,-22.50405750874341,151.93834970828698,415
IMG_04214,27.806246047763423,106.80684141063564,832
IMG_04215,47.03759261496515,-104.97698400519594,526
IMG_04216,11.315261604835086,-74.64914699183703,681
IMG_04217,61.42784110410662,47.64599641342434,677
IMG_04218,38.24264320984193,-112.98692599046504,796
IMG_04219,32.123556090903094,-88.81668883447179,54
IMG_04220,-26.518469426031857,-69.87875714067818,633
IMG_04221,-37.496938832657534,-69.40300462692312,617
IMG_04222,-19.163814402523457,27.006359543217457,122
IMG_04223,68.83318390731594,22.5008956694723,736
IMG_04224,58.315910477727584,16.13928081014538,354
IMG_04225,48.93655999318801,32.43096145895362,414
IMG_04226,-20.194230938827214,26.764202687055075,413
IMG_04227,-30.28142813028684,-52.37916672207038,81
IMG_04228,-29.61948016697893,-53.74922110006611,602
IMG_04229,37.59930117554177,-104.50964582082524,345
IMG_04230,-12.241064934341722,134.99805681485668,26
IMG_04231,-29.913835089253368,-68.60556743411294,310
IMG_04232,30.64583409221072,114.21625067875846,434
IMG_04233,-25.938704703261934,-59.802424368119134,222
IMG_04234,8.51372657985533,-2.675549512349676,200
IMG_04235,38.90868614529151,40.00322219692492,717
IMG_04236,3.253141614047479,-62.38843923045006,111
IMG_04237,-18.16847510905444,-71.14151228497018,924
IMG_04238,44.47516863533818,92.80800590968828,37
IMG_04239,55.76320763988471,27.9987423875055,451
IMG_04240,29.063429982959747,-91.68009322296516,563
IMG_04241,-35.11679109994786,-71.217419556257,23
IMG_04242,58.41819349519153,33.83597252341133,962
IMG_04243,40.52288820289596,-121.26681987844728,970
IMG_04244,-32.62006713173507,22.38426810975588,876
IMG_04245,12.135369234960535,104.04237507366656,479
IMG_04246,58.71720420325252,67.93819962101747,228
IMG_04247,45.74050084181045,-126.00839712524572,639
IMG_04248,55.825997347893576,-118.843545978969,380
IMG_04249,-32.289155584018474,114.40799216194648,615
IMG_04250,53.22374993925808,6.880656284543534,363
IMG_04251,65.70586656074624,21.74568083666182,503
IMG_04252,-9.415095770798956,-43.09486517545216,163
IMG_04253,57.49470465320988,95.72670865502032,187
IMG_04254,46.56892548595084,4.044157007762635,76
IMG_04255,27.75083823810249,71.08799368388915,568
IMG_04256,-21.196562091421782,26.440812705315157,413
IMG_04257,67.84507348533919,24.386113323554586,680
IMG_04258,37.149360921766586,114.14925248025094,627
IMG_04259,57.75876874198156,41.03333828332825,921
IMG_04260,-27.30602159585173,-48.63174301449578,339
IMG_04261,37.02756623381478,-5.180960197206019,366
IMG_04262,-31.20757016290801,-54.942656578269066,155
IMG_04263,47.064979231390055,-115.1185560822238,609
IMG_04264,-28.757222165303705,135.10791594901218,513
IMG_04265,-21.62755566423968,-69.29564162212678,51
IMG_04266,43.375496315585565,76.25244306208538,157
IMG_04267,58.25360266662358,-118.11894503729032,937
IMG_04268,48.48807988696712,2.298058111695497,334
IMG_04269,-10.659316051636324,-68.42853677267249,148
IMG_04270,27.61119803731333,99.00638949152074,181
IMG_04271,49.18771190733901,10.96534988999946,628
IMG_04272,-38.73971250977346,-64.55725420266803,772
IMG_04273,-14.651668927491372,-73.2068690693743,289
IMG_04274,56.71627150332424,-112.00568672317158,151
IMG_04275,47.15687312279766,-92.99120747812276,108
IMG_04276,-7.18382715580654,-66.96245605644843,640
IMG_04277,-21.59167345862477,116.06278257553788,454
IMG_04278,55.0853356462749,-102.97431414130378,583
IMG_04279,14.663966289411164,-3.865537441826575,897
IMG_04280,52.97151789935384,71.14668789083595,465
IMG_04281,-7.592895796495156,-7.036431399628185,595
IMG_04282,56.06393846993552,-10.913845445856763,243
IMG_04283,43.42340965633855,104.09028024800926,678
IMG_04284,28.33379079187472,-111.1385106078049,899
IMG_04285,1.6145362885984298,16.332502317080895,767
IMG_04286,64.20537110150167,19.12972631159306,21
IMG_04287,51.70469177370546,1.017560196918282,919
IMG_04288,37.56208551641734,38.037159684997306,889
IMG_04289,55.70406352597655,-109.15958507693637,417
IMG_04290,46.7480401341046,-85.28375862889553,397
IMG_04291,45.108318244259806,8.844819423073659,218
IMG_04292,41.09849921022311,-92.02365155700784,188
IMG_04293,8.498211078405006,38.57199986241099,192
IMG_04294,-35.28531473539433,116.66010831577069,890
IMG_04295,49.14345259889538,18.208480648872893,623
IMG_04296,32.87771740351937,-89.90592200181824,423
IMG_04297,-30.57963344596781,-65.56968187529347,881
IMG_04298,68.32592888533037,17.63058860357438,736
IMG_04299,-36.05790362385996,-54.06624394489265,987
IMG_04300,37.91936447342704,-99.92157939187636,708
IMG_04301,51.00935360109665,-88.45935148171624,645
IMG_04302,43.42036132794576,-86.86606407436241,32
IMG_04303,38.8122092131766,72.67456673582285,411
IMG_04304,34.15667951729358,-115.63137916330906,307
IMG_04305,49.10201493359301,-90.06570730711954,500
IMG_04306,46.70593687581422,38.86558637642494,700
IMG_04307,45.1523548305052,111.03539736632932,938
IMG_04308,-15.340336438118284,-58.487950985374994,149
IMG_04309,10.237257047708384,46.92706809837256,134
IMG_04310,-24.509928066087625,16.405089831152026,43
IMG_04311,-23.32101835571656,-62.68735912094132,910
IMG_04312,54.455024908947166,-11.335356622549083,125
IMG_04313,37.708556271867366,13.638650721620737,5
IMG_04314,-35.3812848231082,-63.4837120623157,196
IMG_04315,40.77927170331338,-88.68837726576979,852
IMG_04316,-7.894181709074502,-79.81345532331254,528
IMG_04317,42.708786472871225,-11.232942987134606,209
IMG_04318,45.27779304756712,-111.91988215330932,198
IMG_04319,-6.600403838209672,99.3376523276221,887
IMG_04320,-25.66260812333698,25.918108840034503,371
IMG_04321,-33.32968636906202,18.941775350546607,618
IMG_04322,28.02235639131736,-96.53401268831846,529
IMG_04323,-11.046063475375206,-71.00551928870138,459
IMG_04324,34.6988148179252,-122.59916482487532,257
IMG_04325,66.51132754247715,24.02267924212157,503
IMG_04326,-1.5584498070275856,-27.393624595565683,167
IMG_04327,68.79988565777529,22.70829480985861,736
IMG_04328,49.88314409891302,10.775686890512588,628
IMG_04329,14.567676557261848,-15.50526516480653,331
IMG_04330,53.18996461742563,-2.7716172664262047,16
IMG_04331,-15.471773654572344,-74.21185778922114,289
IMG_04332,54.114102183949626,-99.52798331426112,239
IMG_04333,-28.614226895422817,-67.73365947474943,310
IMG_04334,-24.55883648245097,28.446473600551,10
IMG_04335,50.97566725311341,-107.94227759561292,641
IMG_04336,-12.700210773951284,-73.90023133691011,558
IMG_04337,-17.99424154851735,136.56429125447943,658
IMG_04338,44.99223958762633,-99.12625213651978,666
IMG_04339,54.04716141872552,90.50950293858152,859
IMG_04340,-21.6450619336988,27.90299372424917,413
IMG_04341,39.68804705672915,2.7361452794946786,213
IMG_04342,-23.55098384623915,-41.80331327446174,298
IMG_04343,-8.537598014849465,13.64834802399372,220
IMG_04344,2.414135121523941,-11.10135403114836,309
IMG_04345,48.34527994665385,-105.02109471298454,302
IMG_04346,61.20546064638822,35.29605093390762,554
IMG_04347,55.12785892125373,33.433083829634114,131
IMG_04348,58.53382401527168,64.73910578507565,556
IMG_04349,39.67894114369509,-113.93396532768536,300
IMG_04350,-47.76339625504311,162.6715573275548,232
IMG_04351,-30.05324419224778,-69.76966715138182,310
IMG_04352,42.22171729363225,24.753770304032685,342
IMG_04353,-24.80671000073839,153.79143812139063,689
IMG_04354,40.10921368787626,-9.684947317849634,337
IMG_04355,40.0274745197421,14.213635664018112,955
IMG_04356,11.714210050319563,117.29312674491098,940
IMG_04357,38.07203854973065,36.00250231746713,99
IMG_04358,48.96046302422275,-114.04829350771432,227
IMG_04359,-7.394573613256966,29.613408737337267,544
IMG_04360,-29.982734858181857,118.20632178794904,509
IMG_04361,50.51478857906247,39.20779548729851,105
IMG_04362,-15.487458319218264,133.1817039532965,453
IMG_04363,63.30401229460836,81.72615345872345,301
IMG_04364,-31.477100848438567,-13.749964757523912,117
IMG_04365,48.384354583182926,34.41726284403444,414
IMG_04366,-15.68902054341531,-51.06313723012147,869
IMG_04367,70.72060899230081,26.121511062614783,123
IMG_04368,53.426110616438,35.24894123530157,131
IMG_04369,61.875200624156776,-131.79357146312353,231
IMG_04370,36.2465260635791,27.178231048072465,892
IMG_04371,45.61981404065838,-85.74969043299575,397
IMG_04372,46.31998024137727,86.13117679268788,449
IMG_04373,48.36016125989403,21.15299288685415,860
IMG_04374,46.707709122131405,11.001214908841009,218
IMG_04375,-34.26123176870945,118.60137579782996,890
IMG_04376,29.80776787367917,-100.5845356019604,205
IMG_04377,-32.42491142900818,-59.745834365617625,806
IMG_04378,5.330671094303128,6.429634592246288,183
IMG_04379,-41.65726835780095,-61.86658518398807,103
IMG_04380,-25.008564029599555,30.48930347497992,941
IMG_04381,-23.238891744403432,-64.30354254737426,910
IMG_04382,51.58031910733752,39.03250374736237,105
IMG_04383,38.96585774687594,114.0672729103942,627
IMG_04384,-24.544370456268624,26.25580308138524,371
IMG_04385,-21.453638403741422,24.11279377793133,219
IMG_04386,4.573916712223152,-6.865929014805829,838
IMG_04387,41.38379721307575,-96.75184258663414,751
IMG_04388,60.19781833512053,-99.97638281729456,870
IMG_04389,-25.67897210743693,-53.11683121939217,233
IMG_04390,56.31242748548036,97.65931321815088,755
IMG_04391,49.31919052135635,107.63853784076456,158
IMG_04392,52.50560516738256,92.65344000761002,246
IMG_04393,5.792159876428684,3.3584481087234224,555
IMG_04394,-1.181038011325171,-60.75774615295544,207
IMG_04395,-38.93109879955853,-66.24749841645522,772
IMG_04396,44.30842123058511,-93.00737225683925,567
IMG_04397,37.60893285941478,45.8629398821781,329
IMG_04398,-27.55856542064473,27.736233796408783,587
IMG_04399,-36.36347379216913,-72.77039265386269,682
IMG_04400,60.49249460372883,-0.7558637125118821,766
IMG_04401,-21.91780933420553,-43.738979901496776,284
IMG_04402,-10.3583652412443,-67.75012348150722,148
IMG_04403,52.61568353666104,-111.45507749586577,351
IMG_04404,56.31051157012803,46.32925249240134,206
IMG_04405,-8.343806797446234,-70.72992992366906,459
IMG_04406,-21.8088108336562,29.018637041973815,712
IMG_04407,-6.605177031778297,31.940824027007125,79
IMG_04408,-32.23346560328245,118.1313013565872,480
IMG_04409,58.02053763284073,17.50526186280129,915
IMG_04410,43.00432803602632,-109.82107293851358,592
IMG_04411,-13.730897624455494,144.31045458992094,193
IMG_04412,34.689049916518684,112.17917942232742,616
IMG_04413,-2.038860780585296,-43.03423387370137,277
IMG_04414,38.40611477947613,-97.56760947431786,708
IMG_04415,65.62636772379525,27.11058343863826,503
IMG_04416,37.9221244936688,-92.2824206691179,293
IMG_04417,62.70841268346737,112.05690956633588,194
IMG_04418,37.78667715552015,-86.12508674052827,932
IMG_04419,-24.80994211117164,149.16058883340577,549
IMG_04420,58.95464602520357,-9.189913004514525,642
IMG_04421,48.86254342021863,-115.04630830057776,227
IMG_04422,-20.912492564354963,-48.06159256553508,390
IMG_04423,60.83152908648816,-112.9839348713462,561
IMG_04424,-6.217398007863807,-38.83233946259122,557
IMG_04425,69.63126792684838,25.034410984114032,123
IMG_04426,-41.93853849906132,-64.6381508522429,269
IMG_04427,53.92501614400004,37.08997928066074,848
IMG_04428,55.73188785189029,94.38211175226309,187
IMG_04429,-16.390222214569235,133.38150654708244,453
IMG_04430,-31.406849899549727,31.092165114936705,764
IMG_04431,46.87559175428294,-113.06962907660572,609
IMG_04432,47.12170631250069,92.89723563921928,37
IMG_04433,41.09789755428898,-99.23238876039004,917
IMG_04434,-35.59661040203257,-71.06849124899722,999
IMG_04435,-0.3813978418964581,122.99104477342804,611
IMG_04436,50.59856969235523,85.9062213229771,92
IMG_04437,8.32887779167784,38.17464465460307,192
IMG_04438,67.99590354299374,-118.03730642759568,471
IMG_04439,41.44326610272952,-11.309406230531325,337
IMG_04440,40.38253806849747,-98.64502837277666,917
IMG_04441,-9.174867514769772,10.330619591994406,220
IMG_04442,52.17114048867069,-109.19989087886444,847
IMG_04443,12.285949081071877,26.579614687203616,948
IMG_04444,14.227089767974036,-7.094888367080955,809
IMG_04445,-42.18424359778402,154.25215077173982,548
IMG_04446,52.41921347237536,-103.95144156786463,82
IMG_04447,54.72589274751334,32.36207131466085,960
IMG_04448,65.44025283817439,71.14370113137409,584
IMG_04449,-12.249438189306929,-43.21169305342053,702
IMG_04450,-13.097854873733596,24.61302771822841,647
IMG_04451,4.669143545832384,123.0716979689438,936
IMG_04452,-36.14105045410109,136.8777804219718,400
IMG_04453,38.529258703054495,-115.3050573476693,796
IMG_04454,62.45169530480126,-130.22416614314358,872
IMG_04455,-9.471510431087523,-67.48107081549486,148
IMG_04456,-14.69263894556626,-47.40139885731713,229
IMG_04457,42.6879327140297,-94.2028954672529,751
IMG_04458,-20.06416909744576,-63.52241771949954,143
IMG_04459,67.12636075851466,22.29558996272425,736
IMG_04460,60.95782487099424,17.910870669437458,571
IMG_04461,47.48873177628391,-124.46991720664045,319
IMG_04462,-37.76807936400281,-64.03697242146677,772
IMG_04463,-9.12557069936426,-47.30547258468317,515
IMG_04464,68.84582329439945,23.95313866356156,680
IMG_04465,-31.08466427928764,131.9151984416448,2
IMG_04466,36.67849827107598,-84.73534430448088,898
IMG_04467,56.1450838246067,72.91907949256245,569
IMG_04468,50.38800854472572,69.38658782333778,264
IMG_04469,-2.6264479888959187,29.00563798645487,904
IMG_04470,-9.586329418797304,-46.94163134344504,515
IMG_04471,61.04032518979051,13.503461517170791,121
IMG_04472,-6.6357473487344265,-73.54538746275665,130
IMG_04473,52.63659801005673,64.84263447918539,564
IMG_04474,64.7418477029214,-125.214828723633,50
IMG_04475,54.08017745330071,25.380498181579128,176
IMG_04476,34.10853959198913,-97.7090550459219,327
IMG_04477,-4.554572272305364,-56.35129574076359,456
IMG_04478,-24.46942974887864,133.5138384596744,271
IMG_04479,-12.143491442520912,-55.50586913477429,306
IMG_04480,-22.33787224075189,26.02172553471865,886
IMG_04481,58.624035451586025,24.3621319694966,856
IMG_04482,34.640034315885785,-94.25924125081671,918
IMG_04483,66.80168202688776,-5.193594496060058,961
IMG_04484,36.54613247617118,103.7742069615357,443
IMG_04485,36.51586532472521,-108.76255017326685,47
IMG_04486,63.8007800234916,38.004613281467016,463
IMG_04487,1.4268408180153926,-52.41892960128868,94
IMG_04488,57.03632620357973,-128.77642319049312,582
IMG_04489,64.08126203330977,44.176117758071456,258
IMG_04490,65.79947014084505,-110.33488786760934,823
IMG_04491,-28.31360221649055,23.50563504710925,466
IMG_04492,-3.9516090407038433,28.733802031957623,398
IMG_04493,48.058446083708674,-96.52076140472994,693
IMG_04494,-40.66587369806464,-62.04528563427824,103
IMG_04495,36.75280920263981,33.7937991276265,230
IMG_04496,-4.43283732150168,28.558283496340263,398
IMG_04497,-43.50360495466024,136.93266880947198,714
IMG_04498,1.0059363481020114,-60.45361768567384,952
IMG_04499,15.917925015337744,8.567391130029932,747
IMG_04500,46.40784656831278,-95.30396643998694,108
IMG_04501,-37.00567016180874,138.91710924882602,126
IMG_04502,57.86971639570345,30.055883165388,962
IMG_04503,-44.62910094740892,-70.16647974047301,907
IMG_04504,55.07830152423537,11.00452831403419,644
IMG_04505,-5.2143524283227976,-72.74850695964903,130
IMG_04506,42.92208241655945,24.00305439385249,342
IMG_04507,-18.81907874910972,146.24497254557366,871
IMG_04508,63.47564857823818,32.33574458646825,288
IMG_04509,33.651229406152254,-91.0792777083573,423
IMG_04510,55.5389013048397,97.1733422375529,755
IMG_04511,-7.709360283601455,-57.22067491757764,28
IMG_04512,-26.822313704617045,143.8463306078443,542
IMG_04513,9.702031589594457,47.5510794293948,134
IMG_04514,13.209625996778913,-13.780912553562588,771
IMG_04515,-18.827995511956782,-44.69515106163993,601
IMG_04516,8.247534716070788,4.50031458325563,492
IMG_04517,-22.24991924384946,18.04338696979309,538
IMG_04518,54.79865518637792,-9.567342693604472,125
IMG_04519,49.752657442096336,-119.40248867412336,242
IMG_04520,-3.261686163638444,-44.541045388581296,277
IMG_04521,61.05869064950252,37.5199516740536,473
IMG_04522,42.80627498882728,-91.1131971485,188
IMG_04523,-38.24687809527216,-60.471055558059945,303
IMG_04524,57.15488520039406,-130.576283634135,582
IMG_04525,27.483103203538175,74.55022391909867,268
IMG_04526,-12.15766306044614,-37.38301118912307,699
IMG_04527,-10.837656158190867,-41.31192298789557,603
IMG_04528,-34.765945987018725,138.52490471651822,706
IMG_04529,31.69668862349731,-107.50075447608722,613
IMG_04530,58.70851117851092,79.26976199590217,967
IMG_04531,31.09103498772352,-99.33388983421496,822
IMG_04532,-27.84806337459913,25.14604014026349,62
IMG_04533,-5.395230166257335,-80.76343471261995,684
IMG_04534,55.098494457904565,-100.43696775090402,583
IMG_04535,-18.40324901003937,-51.24805983529575,969
IMG_04536,44.889120358355285,-4.43410461017686,685
IMG_04537,2.899942853661514,15.468007769769711,767
IMG_04538,7.348784481883115,-62.315332588851305,508
IMG_04539,56.61016402166638,-113.78324429760076,151
IMG_04540,-29.10191430224405,153.09326867498373,636
IMG_04541,-19.268034379315964,-40.882441342393065,106
IMG_04542,38.18157512790964,14.82715705454538,5
IMG_04543,29.275068219809384,78.55446712044841,978
IMG_04544,-25.28408788606491,-45.37517417888813,721
IMG_04545,-29.42406326550916,31.54263383203076,144
IMG_04546,39.30779697282048,-122.117756336102,970
IMG_04547,49.41657608848391,33.75936797369562,828
IMG_04548,54.17943738479224,73.26983830421952,858
IMG_04549,49.4789627196769,-96.07633386732552,693
IMG_04550,-16.383129288099724,-71.00476658338833,924
IMG_04551,30.885609290050084,-109.99859980557926,407
IMG_04552,-25.075765140894944,21.332660055709283,673
IMG_04553,-39.06649926531824,-59.2799977693262,928
IMG_04554,-7.012810553323959,-73.16391871578291,130
IMG_04555,45.98691270493208,7.918929994873224,381
IMG_04556,-20.187835754125928,144.65092139359774,871
IMG_04557,44.08329222326694,6.771264864162816,686
IMG_04558,12.236542799999055,43.76116030708275,862
IMG_04559,65.80505393671444,-121.24252927182248,820
IMG_04560,60.88717808724704,77.12828211363501,589
IMG_04561,-33.8186376739483,-56.49888568838601,9
IMG_04562,-7.490629981869958,-61.45715452714171,247
IMG_04563,-23.29924432981295,-58.833357250213325,815
IMG_04564,42.33595624631758,42.021002717294095,25
IMG_04565,-16.592340416936295,45.28441057000165,326
IMG_04566,-19.291558402588805,31.48266674185652,900
IMG_04567,-29.4615264798337,-63.7592702781386,881
IMG_04568,43.33255959634985,-115.581188616089,973
IMG_04569,-1.0565248662564102,-78.46701878125943,741
IMG_04570,34.97429479397715,-112.56847541443923,591
IMG_04571,49.46719437640883,-101.57814705849624,663
IMG_04572,52.38474156549751,1.867374266569925,824
IMG_04573,29.29963976348856,-112.87686347010522,391
IMG_04574,-4.035096517794074,-37.28973843182732,719
IMG_04575,65.06534403965651,12.580479901292108,396
IMG_04576,47.97608783061469,-115.2958056455984,227
IMG_04577,6.364117416097656,6.270277718550148,183
IMG_04578,35.424120317693294,-107.43329701173238,47
IMG_04579,-25.84565908739312,116.85384620477248,245
IMG_04580,36.73720303659047,-8.495719658957682,457
IMG_04581,54.866286695600536,74.81314546252133,858
IMG_04582,57.16952956006162,78.81902299807484,967
IMG_04583,-12.838970784002656,145.00140484687108,193
IMG_04584,48.67029897887198,72.11938238822927,264
IMG_04585,50.2723412084824,1.929826969666749,340
IMG_04586,70.34721230374723,10.525326742607149,626
IMG_04587,57.45474960945225,-125.8743026063812,113
IMG_04588,-24.92159040420393,24.736612676207187,371
IMG_04589,68.42852114650407,-133.88755759397253,406
IMG_04590,38.265315093872175,17.1294297100126,849
IMG_04591,38.88987439275383,-6.9395961991676245,29
IMG_04592,53.90497276476785,65.87927939710465,73
IMG_04593,38.528993353511936,-108.42438987734836,722
IMG_04594,-23.00265861255778,134.5489893734112,271
IMG_04595,39.86545123534165,44.06009944844845,703
IMG_04596,41.54491714501222,-100.49407942216808,175
IMG_04597,41.16765488639737,-117.76091962764256,854
IMG_04598,0.9593233795135632,-38.332844633289824,421
IMG_04599,43.75530218071657,92.49952061834888,37
IMG_04600,49.76310917776365,2.193730922970019,340
IMG_04601,66.7013198874655,65.80688580167822,584
IMG_04602,64.7952593260652,19.057634576551152,807
IMG_04603,60.489652397568,77.73712603230177,589
IMG_04604,-25.1708465866119,28.67036094545884,235
IMG_04605,-21.4785022400236,27.29754573472209,413
IMG_04606,3.6233549035149215,-84.35900271177843,768
IMG_04607,58.09288350875207,-123.40299180370536,113
IMG_04608,-44.9020529132214,141.16547299074142,535
IMG_04609,50.38156768317066,-4.001241204461337,215
IMG_04610,48.828257539423305,0.1271144276161635,340
IMG_04611,55.60907539402172,-96.89411962148726,491
IMG_04612,-1.5438902043093066,-48.67288039312601,168
IMG_04613,-6.782631794977917,-45.12225568584617,657
IMG_04614,-5.697432776331709,-44.90030299987254,657
IMG_04615,-10.635673419013996,-63.82761703190499,853
IMG_04616,-23.200777384070165,-46.98432369573371,119
IMG_04617,-31.751007383822756,125.31882714666187,266
IMG_04618,54.63576037642753,32.10138152446979,960
IMG_04619,42.83356791901406,72.17031005946407,165
IMG_04620,-12.474744354862622,28.43192116326051,63
IMG_04621,59.623717288571015,31.23034397923064,57
IMG_04622,-17.599732202560816,25.17596355888949,426
IMG_04623,59.93690809941083,-133.10028606865097,231
IMG_04624,36.89946538857343,13.998149623854315,5
IMG_04625,51.1209798509548,97.78253322261116,593
IMG_04626,65.08546803094512,10.886000199926343,396
IMG_04627,-7.317287183232722,-50.95446442825548,804
IMG_04628,39.88580044216519,16.573422097483416,208
IMG_04629,55.621995489181245,107.20340423011618,805
IMG_04630,-14.070072120926229,-37.9710636373016,588
IMG_04631,31.92572927645523,-109.66488483175804,225
IMG_04632,-33.70385904625968,133.2148718487523,2
IMG_04633,-32.868109758370025,110.2657925438872,833
IMG_04634,-23.88324606473797,26.4574953055141,371
IMG_04635,-22.877977158254097,-54.31918917665993,813
IMG_04636,-4.874653881612289,-38.49255184491128,719
IMG_04637,39.200392421811046,-93.42772558949515,293
IMG_04638,-10.226337573401054,-68.09740117164318,148
IMG_04639,46.335596206536565,14.857568109187897,674
IMG_04640,-34.681313825799265,-64.40943686613988,664
IMG_04641,39.840193240049416,-120.14120915140484,970
IMG_04642,50.388832780469016,26.19724147926928,383
IMG_04643,52.45609446888443,100.40645986402431,593
IMG_04644,-7.799944443292048,-43.63490058977706,657
IMG_04645,35.47034790814364,30.68849002318632,230
IMG_04646,64.02342359790774,17.168993472036902,21
IMG_04647,55.22242503193772,86.82656873903602,859
IMG_04648,-22.48431479647365,112.24754074960116,146
IMG_04649,40.433262589776746,-89.53923727517886,852
IMG_04650,-16.666000446048884,-43.58215334645786,66
IMG_04651,-13.107087842612884,103.19830238875744,346
IMG_04652,-11.940843603946943,-62.08233247659544,853
IMG_04653,42.4287981134612,-123.63654011012798,150
IMG_04654,-22.787371179449423,-46.52245293402976,119
IMG_04655,-20.955595989366486,-69.33262370678126,51
IMG_04656,57.56696919726221,108.04162575962164,805
IMG_04657,61.39109822930885,-95.37432651807868,870
IMG_04658,-29.766650842176425,-68.4895862115301,310
IMG_04659,-38.00190287028533,-65.10873978502833,772
IMG_04660,-37.435023615949135,-60.35788212556612,303
IMG_04661,45.21430854260166,76.93932971299489,974
IMG_04662,61.843309104442255,5.401982330887819,505
IMG_04663,31.44245018306009,-109.93546063006671,225
IMG_04664,55.98269376965095,-118.14786504427435,937
IMG_04665,-1.7970297774613897,14.288067444710464,652
IMG_04666,40.34796828149479,73.78198351246621,834
IMG_04667,63.60554311117184,36.06397844237955,782
IMG_04668,8.799756200597159,9.023930743411428,566
IMG_04669,25.178077308044777,48.30705154754429,944
IMG_04670,-25.77828145433722,-65.3402262624264,620
IMG_04671,52.86259697553084,31.57065279734789,604
IMG_04672,57.9977770023857,93.62451007315644,187
IMG_04673,36.813611348914336,-111.12775039597769,179
IMG_04674,39.51820370134851,20.0438926429664,436
IMG_04675,38.3432130015284,-88.61851957169104,404
IMG_04676,-9.378903332471836,-59.17643444654445,610
IMG_04677,-10.860155826329477,-62.65630787225139,853
IMG_04678,61.38222594269922,3.3127206730825662,505
IMG_04679,-28.00649877467584,24.869371144151785,62
IMG_04680,41.868804659228886,-113.92331863719248,300
IMG_04681,47.48957681149162,20.45918688158119,605
IMG_04682,-20.81705431808645,25.44040943396112,219
IMG_04683,12.853109363907464,44.71366727542741,862
IMG_04684,-4.346697576612996,-57.273977419123,840
IMG_04685,-12.963577857872693,-45.891888163196114,702
IMG_04686,-41.2116574009381,-72.4458114688666,395
IMG_04687,43.42398273415236,-7.302421222115811,209
IMG_04688,29.95254006134178,-86.52862781576465,234
IMG_04689,-9.1780838233924,-50.59026488780705,72
IMG_04690,63.1368075021515,6.378591860381107,791
IMG_04691,37.7269555591908,-114.51626711371712,796
IMG_04692,44.90165393043719,-92.96466914032727,567
IMG_04693,-27.015854060798368,28.84902950664062,235
IMG_04694,49.05075728262062,46.5685354739924,118
IMG_04695,53.75783640948399,64.33312475869764,73
IMG_04696,42.07254177908527,110.29411628037724,6
IMG_04697,43.16675467697698,-11.376732794247886,209
IMG_04698,57.7319069966874,6.181647373475357,379
IMG_04699,-12.230074208271702,-37.67974738935493,699
IMG_04700,55.69442428051147,34.597802495525286,279
IMG_04701,32.95672794029231,-87.4726258019236,54
IMG_04702,2.870298898158808,127.74844761432632,429
IMG_04703,43.06682062271355,-123.16285062172518,150
IMG_04704,67.99939858580893,2.8767345407689504,961
IMG_04705,37.51106771757601,-109.9848382750884,179
IMG_04706,46.1206086902215,9.076255153758154,218
IMG_04707,12.94855084172707,40.61269161279938,251
IMG_04708,-31.2047031807146,-50.2207779734552,81
IMG_04709,10.994025603141012,74.43634412976928,338
IMG_04710,61.89074697575347,-115.01389461353642,561
IMG_04711,39.58924422154243,1.3170425372759098,213
IMG_04712,35.84371058845477,-97.9556672346055,12
IMG_04713,-7.622907901108633,-62.6200367237803,247
IMG_04714,-21.51481003046902,43.29490720972268,934
IMG_04715,10.070184478664004,-74.223752040828,681
IMG_04716,-34.76312629359359,-69.18832089402977,935
IMG_04717,-35.00881270758269,-71.69437482111371,23
IMG_04718,-26.221911834764576,121.24894153576656,752
IMG_04719,54.54265647316842,71.8942848935319,465
IMG_04720,44.648217995258165,43.80396164991359,418
IMG_04721,-21.645461916904157,119.7701066317478,69
IMG_04722,53.31968391989619,-4.227374245807482,212
IMG_04723,46.10925169716319,97.25377117232024,493
IMG_04724,35.411093260469954,-108.76895020044468,47
IMG_04725,3.9541905522976464,5.592714855478732,868
IMG_04726,-33.85914567169509,16.57494590222629,651
IMG_04727,-11.49146506257199,-55.341164487321805,306
IMG_04728,49.45720449645387,-2.7310499860762434,534
IMG_04729,28.64757712437749,-100.2997556162691,980
IMG_04730,29.837859906412888,85.9636839621831,438
IMG_04731,-17.885454276626177,25.787903376457194,426
IMG_04732,4.983909692207902,-6.239624916269918,838
IMG_04733,32.0927696141522,111.74100217141324,434
IMG_04734,-32.94983290580183,135.40424639321134,773
IMG_04735,57.72336060234272,38.38265766289118,734
IMG_04736,47.672770549932864,-111.5167645367111,821
IMG_04737,46.57446244615164,79.14671867719949,656
IMG_04738,3.938676231588815,103.30215265582837,216
IMG_04739,37.65339230933094,-9.314804210335495,457
IMG_04740,-6.713745417753628,133.3302909666035,291
IMG_04741,30.42772782027748,79.95032508318911,458
IMG_04742,-29.032904897302743,-66.3311123559205,114
IMG_04743,68.8987959644652,-98.10243764392524,964
IMG_04744,-11.753637066154909,-58.60582792366198,610
IMG_04745,54.43206536366037,-3.825705300056313,212
IMG_04746,8.343529447496053,35.241379252991464,864
IMG_04747,-17.37272172232008,25.50701124884111,426
IMG_04748,70.95215850962768,17.779189082629642,297
IMG_04749,-40.96716096855367,-72.31339679417198,395
IMG_04750,47.862396900959936,-116.72944347756837,227
IMG_04751,-27.95645986770443,-64.66817806566051,114
IMG_04752,40.25064820574661,-101.5847484526032,885
IMG_04753,-15.91211935164992,-49.30863534025588,869
IMG_04754,-18.66061546832225,26.231980542215094,426
IMG_04755,47.70543936181349,94.95346151872012,316
IMG_04756,-23.818873465895194,145.89775936347394,507
IMG_04757,55.79308074923841,104.65346659357544,805
IMG_04758,44.99559934376114,-85.05922915665295,608
IMG_04759,47.52828093505394,-89.8204377758948,500
IMG_04760,-2.2017674505685534,-40.1762626749748,421
IMG_04761,46.661410280783485,6.484961194058116,381
IMG_04762,-20.82822310324332,112.74189501765257,986
IMG_04763,10.947494386841411,123.32369820056624,905
IMG_04764,-35.912115365760506,140.63718930775576,126
IMG_04765,44.13515724550996,-101.9870321415955,430
IMG_04766,48.02519411469052,-90.5763282277865,500
IMG_04767,42.48671263542428,46.48893487428828,180
IMG_04768,-39.909955925707415,139.90731419800744,714
IMG_04769,49.87689296258151,-4.086146133098282,215
IMG_04770,-30.407143581838845,145.8153553409502,244
IMG_04771,4.478193689350746,-84.11537080385332,768
IMG_04772,12.011237283374342,50.29614214430856,134
IMG_04773,61.60997406091133,94.12740168820068,20
IMG_04774,51.96487398636907,99.9836392787256,593
IMG_04775,59.1960550390944,16.305544704046667,354
IMG_04776,50.483181982951976,-115.14855723292898,650
IMG_04777,-34.58643714243555,147.73299721730524,546
IMG_04778,-30.346610416654293,-70.19848611610722,462
IMG_04779,56.88118694856627,45.16329721568121,206
IMG_04780,49.06839779513825,-119.5172713724125,242
IMG_04781,72.03414887141162,76.38200166686363,896
IMG_04782,-19.5872142135822,126.30662585752692,846
IMG_04783,-31.034899037895016,21.388372218539843,957
IMG_04784,3.87541353577879,-84.23198479194835,768
IMG_04785,41.96970221570416,33.6964853584233,152
IMG_04786,64.17074997218134,9.46012913103732,791
IMG_04787,33.57298886023342,-107.79846445683152,613
IMG_04788,33.059541805516545,-112.4109951824862,819
IMG_04789,-13.575664116416348,-74.70615333663102,289
IMG_04790,67.43583822986642,-116.07009303177637,471
IMG_04791,37.79394528686595,44.38251102228415,329
IMG_04792,35.70665050686458,-86.19167303816006,139
IMG_04793,49.17999480747136,-84.57305106641202,147
IMG_04794,-37.95538364355872,-68.17263633694732,617
IMG_04795,-21.94605455816432,27.30264818463118,413
IMG_04796,37.78355163861913,-103.40416381319272,345
IMG_04797,54.60983300905707,19.81354142982778,445
IMG_04798,-29.02427925552453,150.6717650489054,35
IMG_04799,7.426109889181134,38.36689473866977,192
IMG_04800,51.55040236123208,73.06419857798898,264
IMG_04801,-42.2884580030668,-73.95517668292749,573
IMG_04802,63.045799485863824,42.55846016409024,154
IMG_04803,26.712675444009307,-115.44401368409056,353
IMG_04804,43.09275929248386,74.5308429468414,157
IMG_04805,46.41802979154738,-96.1894139643233,376
IMG_04806,39.17637804594452,-115.9234530070022,96
IMG_04807,42.65887025415907,-91.634666748353,188
IMG_04808,65.33297638167102,14.055705155696188,396
IMG_04809,-16.65680190015746,145.4684176242671,606
IMG_04810,41.08666815064825,18.48276008422667,436
IMG_04811,-26.53229750362413,-108.88076029507592,598
IMG_04812,55.07156597652386,20.87910111908556,445
IMG_04813,-16.34369390224515,-148.2369380880577,486
IMG_04814,51.33473218295825,80.49506585368215,496
IMG_04815,48.43037528160767,98.7759988129369,493
IMG_04816,27.65701095185177,77.3433671823912,978
IMG_04817,45.531005451837984,-107.44747101212594,993
IMG_04818,-36.5712253074497,-64.10875695846407,196
IMG_04819,-31.715505184771917,116.08577131334424,615
IMG_04820,-31.859543656655084,-58.682078200983085,810
IMG_04821,-1.742360317891297,27.80990164089002,904
IMG_04822,68.06647018991424,12.750564109107842,622
IMG_04823,4.0054988570165335,135.79548819542856,55
IMG_04824,-22.931462147810866,-40.164881972244814,298
IMG_04825,-26.40688101366451,25.103181251424928,62
IMG_04826,-15.646524862611429,-73.78588892316151,289
IMG_04827,55.03706033132343,111.41772249409382,399
IMG_04828,30.423815778437984,-89.7542947708743,637
IMG_04829,-1.6358762780806302,26.825088182414987,904
IMG_04830,33.37674411167377,-99.28788427385268,450
IMG_04831,-12.90955498586078,-8.130231784325645,922
IMG_04832,-30.80328045106905,-47.31334690915662,570
IMG_04833,55.14620986738743,35.560380258518734,131
IMG_04834,61.14835846333034,18.4249340988913,571
IMG_04835,56.70825180759428,-126.7768904683844,470
IMG_04836,-31.292436772176288,138.77051264258807,312
IMG_04837,0.5428634628864728,13.379100382945468,767
IMG_04838,53.84051589597357,44.95968718176567,260
IMG_04839,51.6003676341372,-96.37166728663884,448
IMG_04840,53.27407771699589,-10.554334272561531,912
IMG_04841,32.10376217340354,94.40834760429868,785
IMG_04842,41.74408146476458,104.40747490072476,770
IMG_04843,54.88287481910572,-5.8276126873027465,248
IMG_04844,54.89216154142869,-6.291618003628855,248
IMG_04845,59.876566484376895,-125.12377557987122,600
IMG_04846,7.36300615715848,139.75464507884715,744
IMG_04847,-9.026635044419862,-51.115191078645296,72
IMG_04848,-20.01820499206886,-74.18524683491601,416
IMG_04849,40.474037407510735,-4.173497963706893,142
IMG_04850,53.71820402956999,-99.4977178696677,239
IMG_04851,49.18575656083428,24.38447686961831,383
IMG_04852,50.97390661515891,71.61428599290997,264
IMG_04853,50.01997631368892,37.5701104421301,185
IMG_04854,58.83811872999769,-120.06309261526782,827
IMG_04855,-44.00861638288919,-72.7223429106272,460
IMG_04856,-27.939516446133155,18.631039003138227,314
IMG_04857,22.746028076245068,34.14170460729849,441
IMG_04858,54.73528314646467,89.92231506034915,859
IMG_04859,59.72862600608269,-133.39999627388082,800
IMG_04860,-8.6300424452034,118.19676091978148,270
IMG_04861,55.691737218597126,63.790344331709605,73
IMG_04862,40.289918607881134,15.043768474727926,955
IMG_04863,57.69334663002502,37.44446501816441,734
IMG_04864,43.31431521610031,-7.403578659346465,209
IMG_04865,-12.471662087149824,-43.64815367142444,702
IMG_04866,-8.776197346327308,-50.8570936820596,72
IMG_04867,-28.36892586149624,-53.26301094649605,602
IMG_04868,40.792322827174814,-109.18596799837948,408
IMG_04869,43.356146724838425,12.185171482158722,101
IMG_04870,36.29513606330019,41.15241702551086,217
IMG_04871,53.2391386262359,-132.0255300261141,551
IMG_04872,-33.066911072820304,-56.83401852942991,9
IMG_04873,46.77503400561807,88.3873523025718,449
IMG_04874,-31.851745140317007,136.6120575142245,773
IMG_04875,-8.721886726494773,-58.80796630318116,28
IMG_04876,27.82118380599431,73.62605970663793,879
IMG_04877,47.287808195969205,5.758806035986567,381
IMG_04878,-9.171783507101892,-47.81999399445274,515
IMG_04879,37.6478941109643,37.2522274995896,99
IMG_04880,48.38602427674471,67.55364993368653,336
IMG_04881,-19.41562576682219,26.93327634605916,122
IMG_04882,44.24759066887833,80.13466597558806,299
IMG_04883,0.7032121213941593,30.284385762932004,4
IMG_04884,46.10406188666116,-110.47710513517184,198
IMG_04885,48.151556305718174,-2.7100199914341374,534
IMG_04886,43.8704674961788,-7.324897929168657,209
IMG_04887,42.4455572783956,-87.65892627971053,32
IMG_04888,-44.21254592594176,-67.73627587708296,907
IMG_04889,28.96868305511954,88.1894269714818,87
IMG_04890,2.502035099033989,-76.28056968033648,282
IMG_04891,1.253724989630669,-81.4984402795555,768
IMG_04892,13.501541799339805,26.851425800138685,948
IMG_04893,56.33090117235494,96.48127222880656,755
IMG_04894,50.44858709434078,82.30005592137707,496
IMG_04895,51.53175239504259,-10.061840421026716,912
IMG_04896,43.50836967072004,-108.083351979969,592
IMG_04897,-14.587951376953896,-55.76213441931334,612
IMG_04898,67.68280024883353,14.266396520015263,622
IMG_04899,50.8030801260224,25.796869406129677,383
IMG_04900,-34.5345102419805,21.97457029358472,110
IMG_04901,-16.768103172072017,-46.25122631393111,790
IMG_04902,57.1669620595255,31.19869425488605,962
IMG_04903,44.95415104824093,43.367414696442495,418
IMG_04904,-32.4389473725001,-46.123856012017086,570
IMG_04905,1.8204946090724832,31.826531309855824,240
IMG_04906,59.19131747962368,51.47924186512654,586
IMG_04907,61.62250040962729,-121.2323462083272,276
IMG_04908,-14.836662507252171,-51.1305049444185,506
IMG_04909,55.49122975779457,-113.15295727634135,517
IMG_04910,-29.55827887957828,-71.59714653413144,462
IMG_04911,29.79189052889033,-104.0955646532957,580
IMG_04912,41.852425658041,-121.02622397824774,447
IMG_04913,46.60854366022403,27.963550463144514,692
IMG_04914,39.93020214970906,22.567881219133938,436
IMG_04915,-16.73218012883048,-42.68834471994444,66
IMG_04916,-33.078357054625485,156.02546326722637,691
IMG_04917,45.23050298495957,30.35655301434048,989
IMG_04918,-20.2782542643246,-65.39003371054585,842
IMG_04919,45.4489912067437,113.55110177341294,938
IMG_04920,52.88487854295897,5.4961103431913045,363
IMG_04921,-32.89496195413521,125.4735612241983,266
IMG_04922,40.30716188835172,18.630036822343385,436
IMG_04923,-4.656958100776848,28.54146165778405,398
IMG_04924,42.90004103604667,20.05920174508452,695
IMG_04925,-32.748788479309496,138.47104160079914,773
IMG_04926,-20.12746050415645,25.33583910813826,219
IMG_04927,11.951188500962928,43.09906401393539,862
IMG_04928,41.80005694008415,-90.88800716943337,188
IMG_04929,52.19510610038444,92.88076833648324,246
IMG_04930,68.54356108300937,20.229155006366284,736
IMG_04931,-38.50639021821942,144.17712262851887,972
IMG_04932,28.4452138930844,-103.71650214839188,580
IMG_04933,69.42738379905745,32.12156509094274,933
IMG_04934,-35.626514619610795,115.42421851965209,668
IMG_04935,42.2504553985348,-103.53116670116611,430
IMG_04936,0.7939715892771346,-76.16488606119614,624
IMG_04937,31.61233713410573,-100.5553305012643,205
IMG_04938,-32.09933687987565,33.46622525134646,467
IMG_04939,-28.06115776311681,120.82557617202012,670
IMG_04940,-33.66645075303245,137.3162484829793,773
IMG_04941,-23.210356831580512,-54.33872657606385,813
IMG_04942,12.613901608982644,-18.121008889746637,649
IMG_04943,50.93608273632901,-3.7016300555279713,215
IMG_04944,57.81884751620851,-129.85656188039874,800
IMG_04945,56.24470752635327,23.292208134546712,646
IMG_04946,-27.70573838186334,153.77992291111553,636
IMG_04947,-16.929953187465216,-45.932316422310265,790
IMG_04948,-5.057010345089651,-36.12386178007449,344
IMG_04949,4.123379883635181,117.48865695107504,311
IMG_04950,65.39210446060082,29.65238285604329,75
IMG_04951,-33.53964187322584,-58.80597796213891,806
IMG_04952,-14.762566878305208,-47.875551601370375,229
IMG_04953,-15.847752788273851,142.66484466435963,469
IMG_04954,-16.339103957002465,135.69233925863364,658
IMG_04955,-25.535891839080605,-63.16192152516359,620
IMG_04956,41.30506036021509,-86.16847423135815,968
IMG_04957,-18.360084629989814,-69.34863412152478,358
IMG_04958,-21.03743329340054,-41.487833222125005,298
IMG_04959,28.31374574213679,93.6540899409398,419
IMG_04960,70.81655001086514,16.748649447361828,297
IMG_04961,44.62546911206158,14.115148499760435,101
IMG_04962,46.43718837309177,69.2464012086171,596
IMG_04963,59.98005781857768,17.497600768482272,354
IMG_04964,-33.8211762875803,-65.38555429864057,664
IMG_04965,41.142949207975335,-113.9881929724151,300
IMG_04966,9.98190064503352,48.909197798729366,134
IMG_04967,-28.43251443978352,-69.79449330823434,713
IMG_04968,-25.40924561819345,139.01240301476605,128
IMG_04969,-31.795441895375436,-26.22857953556246,765
IMG_04970,69.15938821786182,7.719044012561511,626
IMG_04971,54.55658367678785,74.3680025576835,858
IMG_04972,54.42126420129574,46.4675938473645,206
IMG_04973,36.479570950333496,-111.86471667737148,179
IMG_04974,70.18513981887006,23.5874617193096,123
IMG_04975,56.47986442310648,84.38354873563003,373
IMG_04976,41.54918983125072,66.4020306258843,80
IMG_04977,32.27387727965716,74.4913567177208,511
IMG_04978,40.48380844812917,28.896226266434667,590
IMG_04979,42.31374565504197,-100.1205111808785,175
IMG_04980,-10.861409022154078,-55.3846824644133,306
IMG_04981,56.73722512411581,91.3167720952224,187
IMG_04982,48.233000687691714,11.656301933384896,628
IMG_04983,-40.869158201626135,149.56799142559066,906
IMG_04984,66.74706951618793,23.94095029168244,503
IMG_04985,46.18490963971777,-97.7209827798597,666
IMG_04986,40.05806282186879,45.09583988174279,703
IMG_04987,50.72521383087204,21.23863221975296,53
IMG_04988,-37.75725452863419,-59.79321440072212,303
IMG_04989,-38.14848868231908,-60.59159286031715,303
IMG_04990,36.2468522884713,40.08666636278952,889
IMG_04991,64.51642307508851,46.065217418150525,258
IMG_04992,58.24269057738084,45.67934108037576,586
IMG_04993,-45.34277552186453,-67.1710389766586,446
IMG_04994,39.4451066985377,96.73123973941756,138
IMG_04995,-30.61806123715976,-70.42564576834184,462
IMG_04996,-27.31246498664108,110.43852421392432,660
IMG_04997,59.26278087217486,-111.22220378396308,733
IMG_04998,48.367993017100446,90.41473792917856,449
IMG_04999,-10.427287924401584,-63.11597409461636,853
IMG_05000,37.1951986861956,0.0460701117179382,727
IMG_05001,29.09909354027272,-114.82002977500836,391
IMG_05002,-15.469823003662569,-66.10460799091148,468
IMG_05003,69.12035723835635,18.07342223725053,297
IMG_05004,47.97104196240099,23.47004543969089,860
IMG_05005,42.921693197492175,-85.928031182919,608
IMG_05006,54.04465313548695,16.34827304041471,971
IMG_05007,69.6628778331837,-105.18038270165724,320
IMG_05008,42.03760166471699,26.579537168805587,654
IMG_05009,-6.992868203520089,-58.734661899820665,28
IMG_05010,58.73004882981374,9.339623561640622,379
IMG_05011,42.23126117427239,70.91840330059978,165
IMG_05012,-32.302693767919735,-67.10712206228622,577
IMG_05013,58.446363605646354,36.92387838339232,734
IMG_05014,52.0483490641119,11.831230764289614,644
IMG_05015,58.4286570901582,-125.9072990678037,113
IMG_05016,-8.553967698460866,96.39285073710651,887
IMG_05017,-43.39911184053034,-71.40166140085772,460
IMG_05018,63.9416174346245,15.927179419409557,21
IMG_05019,-4.693564174435494,29.26331234477672,398
IMG_05020,33.571439569420804,-95.45462213667594,127
IMG_05021,2.469672591200805,-51.59926693404367,94
IMG_05022,46.07553679881525,-85.1189015936466,397
IMG_05023,55.84173301570763,67.82104672090307,878
IMG_05024,-24.317173125062624,-62.50812881491689,620
IMG_05025,-17.24972117000415,48.1339800758748,97
IMG_05026,38.84272308241759,24.51308711929676,56
IMG_05027,-14.901125527935932,130.26635913313527,304
IMG_05028,59.95267132012444,16.29964218150323,354
IMG_05029,-24.153723527834728,16.110697223082127,43
IMG_05030,-20.74124423769686,-46.034871660518974,777
IMG_05031,-17.125654015665305,51.21728336224578,97
IMG_05032,-25.287789172493945,122.14695523980116,752
IMG_05033,50.569355144423696,25.61255695936586,383
IMG_05034,59.13485584461597,47.078892584953735,586
IMG_05035,-33.67333621790627,-71.62110062015975,979
IMG_05036,34.8700705060329,-105.57224681647683,613
IMG_05037,-21.738244048519235,-52.38973339871308,599
IMG_05038,7.09051306009782,38.71920556700587,519
IMG_05039,53.35302117505327,41.41175150249251,59
IMG_05040,32.721468371584564,-100.41049243820078,822
IMG_05041,2.167485776828869,27.15872373383519,818
IMG_05042,37.77697690371703,-6.087887700506997,29
IMG_05043,34.08019152373532,-97.0375646496319,327
IMG_05044,54.082273389499136,-130.7439509816978,224
IMG_05045,57.69023963140137,-9.12295434589575,243
IMG_05046,49.992132031609,-86.92786586118773,147
IMG_05047,50.72205773682015,-128.1588512087053,93
IMG_05048,48.77347071384549,-97.48520327679527,693
IMG_05049,58.566156416764045,98.52140752266718,716
IMG_05050,-30.004787693676327,125.21402193245922,266
IMG_05051,-37.16553960283275,142.50370048769696,562
IMG_05052,-0.4109269488106122,-82.05879296117878,553
IMG_05053,52.20505436631851,-10.807416013874928,912
IMG_05054,-16.893552390433058,121.530659025249,253
IMG_05055,51.06123338817241,-88.6678562354609,645
IMG_05056,-23.31086373821634,29.62772652903348,386
IMG_05057,40.90936954756759,20.772176923998305,436
IMG_05058,-28.630638796510887,35.73213833520526,467
IMG_05059,56.59491530798925,29.174624519217677,451
IMG_05060,-15.26832262007538,-55.613996949191005,612
IMG_05061,48.335790286151166,-95.80370692424128,693
IMG_05062,0.1175359381773262,28.091367102346823,4
IMG_05063,36.87217630770528,1.9982355131442373,213
IMG_05064,65.17580543474116,78.10198527674044,839
IMG_05065,-33.58070300820202,123.23129077515388,574
IMG_05066,37.01988971929521,-97.7583830261878,708
IMG_05067,55.24440390945236,98.36672960931048,755
IMG_05068,40.19036704543399,105.66029705990434,770
IMG_05069,-41.77210895247919,-66.12219076553784,269
IMG_05070,43.49639018764222,-4.195991540708121,685
IMG_05071,-10.548587103417276,-45.40763324790262,163
IMG_05072,51.16524786694595,24.59086802237212,383
IMG_05073,12.060555772048332,39.28505669536719,251
IMG_05074,-37.09988440256281,-59.24188146073254,527
IMG_05075,38.63545866482451,-9.77084467950982,457
IMG_05076,-37.05654661781698,-57.351480804734166,527
IMG_05077,-15.217046154656686,130.41986245385442,304
IMG_05078,57.02887919757717,36.48935164797504,279
IMG_05079,-30.90707968763573,25.75136801689172,576
IMG_05080,-34.26168621887794,-70.70233328882829,23
IMG_05081,35.39035918370536,-96.56100760469006,12
IMG_05082,-7.90414854454653,-56.73926704413208,28
IMG_05083,-8.122859533063533,138.36446581865948,749
IMG_05084,-24.8011658699628,28.152809153487283,10
IMG_05085,36.121128345948,-87.56897486152171,139
IMG_05086,-15.447121140404647,28.82730517436616,947
IMG_05087,-22.594033057227207,-56.15607267767044,813
IMG_05088,-22.390348281595607,144.38842673646803,507
IMG_05089,-38.87136660368013,-66.97121364601672,772
IMG_05090,48.24464559204657,19.889995645822808,605
IMG_05091,41.858879802592696,101.96372734755788,883
IMG_05092,-9.5386662381553,28.397492179072174,544
IMG_05093,34.67081511774204,-104.01208038822529,632
IMG_05094,-23.008335715964705,32.160864223988284,502
IMG_05095,51.67550535142914,86.15334142126892,425
IMG_05096,44.52930801056255,111.45658093116845,938
IMG_05097,49.62278875220025,-124.85467909029155,783
IMG_05098,34.7710087067167,-120.11728657149924,761
IMG_05099,61.67815252035592,-126.6293795814654,600
IMG_05100,57.56328478906204,29.12446572401845,451
IMG_05101,37.63526542513574,73.78059125290406,411
IMG_05102,-13.56227007814607,-39.92345387013154,836
IMG_05103,40.44968430677514,-97.11605684624324,635
IMG_05104,57.14613871124988,-133.37607372091074,582
IMG_05105,10.878567364896584,37.50294347581371,880
IMG_05106,-7.705048684166087,-79.16750316205827,528
IMG_05107,-32.28178472235645,-55.00166981929614,559
IMG_05108,40.48861126517119,-104.6766086983834,115
IMG_05109,57.60261187176181,75.64284700268001,967
IMG_05110,39.85888271387455,-123.65489119355084,970
IMG_05111,68.32763949567584,-121.0526957011838,923
IMG_05112,47.47783808922918,101.69128880162076,931
IMG_05113,61.02123548489797,23.918986595463025,811
IMG_05114,45.77061065862017,-125.09082114896894,639
IMG_05115,-24.01333896345362,139.69731800634287,850
IMG_05116,32.865546185255084,-116.8878214316081,474
IMG_05117,-21.03377924597756,-70.26289818699227,51
IMG_05118,45.47465779977,-102.69305673973363,526
IMG_05119,48.6224034725451,93.71575052292452,316
IMG_05120,-15.426314914915906,-73.3914024448392,289
IMG_05121,-33.02738073227915,-52.69110492304971,392
IMG_05122,-30.594483179821445,154.63419446423427,523
IMG_05123,9.666363868269144,-86.13643700940045,718
IMG_05124,60.25455027925421,-93.0426062988714,172
IMG_05125,52.42818564953143,90.1392897447339,246
IMG_05126,43.63426088482083,19.607634995336127,695
IMG_05127,41.323211251237126,43.496847554804845,25
IMG_05128,2.662474424204476,-60.2122700640125,952
IMG_05129,-1.7046682249489038,-79.24535854694786,64
IMG_05130,59.34405089766483,28.01295823246204,368
IMG_05131,56.82315393177311,4.866602226327217,837
IMG_05132,47.49185655083261,31.683754775954213,414
IMG_05133,-41.09196342803452,-62.52382755408874,103
IMG_05134,34.84013042284255,-117.58267954562592,307
IMG_05135,-3.4380739775461397,112.69417046241672,956
IMG_05136,52.20552228481097,46.69967466351599,260
IMG_05137,-32.548267182692825,20.335803715333785,110
IMG_05138,-5.727518023086248,-76.11185505312649,888
IMG_05139,46.08511275478503,11.999470637386024,674
IMG_05140,46.29938375238533,-0.4541773691659045,802
IMG_05141,-17.922221239636016,-72.53676161678558,416
IMG_05142,-16.080171805762518,25.3006319134347,426
IMG_05143,-24.258959323184257,-64.41073733998248,620
IMG_05144,35.776520699941486,-90.77889924560442,911
IMG_05145,-21.87496934635953,-67.78283733306625,343
IMG_05146,53.50204129159616,41.27007802819185,59
IMG_05147,39.40020523391581,2.67936646837768,213
IMG_05148,48.60633020739078,-101.22216906918209,663
IMG_05149,-32.67789735028822,-57.08534684691965,9
IMG_05150,46.47073123299907,-90.06023452929429,501
IMG_05151,28.136550580052383,-89.99288650939371,563
IMG_05152,49.53459734592482,78.05974642455914,926
IMG_05153,56.74607815953206,-124.0150878918422,113
IMG_05154,67.94196962377839,92.5895526705434,189
IMG_05155,35.26941570540474,-92.65241421238274,918
IMG_05156,-29.760207905634974,150.05044648949723,990
IMG_05157,40.52508987278918,72.80944237547314,834
IMG_05158,47.4277190171,-1.9265306968683265,534
IMG_05159,33.56117670004392,6.651663375959657,349
IMG_05160,43.25061933234082,39.43862040883906,925
IMG_05161,-14.776045622279184,28.820919813320277,947
IMG_05162,60.78376960145374,-129.32586726596037,231
IMG_05163,41.30433878987009,-117.37585977529834,854
IMG_05164,38.23884012105185,31.789905347126364,230
IMG_05165,59.27093550881506,7.274117165576968,379
IMG_05166,45.89307925214376,47.8665314834978,707
IMG_05167,47.44649648425167,89.05567972081104,449
IMG_05168,70.19290194102084,19.88572232985325,297
IMG_05169,55.68734197347288,-130.98174317604793,582
IMG_05170,47.15194957389434,-118.78143394102638,19
IMG_05171,-33.018963854364074,-65.27792501916701,67
IMG_05172,61.637157203528375,20.98249615043824,166
IMG_05173,-28.42003479958423,-67.88855642878863,713
IMG_05174,-13.539417330486556,140.60682317499356,954
IMG_05175,48.79458281787805,-124.63169288747162,319
IMG_05176,31.322275032158373,105.49867039080608,705
IMG_05177,-23.660149188536863,24.99734754381268,371
IMG_05178,59.83358912633338,33.70549245390694,554
IMG_05179,-31.19806138779102,-61.02673317296674,318
IMG_05180,-1.7441645323565211,27.04628663359952,904
IMG_05181,42.27743375145326,-95.33762659203896,751
IMG_05182,48.88004945159935,4.006039992508732,946
IMG_05183,11.42407922397264,40.43193927097798,251
IMG_05184,45.17479294450638,23.541794220695863,950
IMG_05185,35.680321492343865,38.71050895849589,889
IMG_05186,6.108967007612975,-2.3031372545610798,200
IMG_05187,-12.874387514092971,-42.51805035057197,836
IMG_05188,-5.935763495019373,104.65982822036574,504
IMG_05189,55.790521211221744,-129.4751241538655,582
IMG_05190,-6.479055869183668,-51.21698189300918,804
IMG_05191,-5.09225181359588,-78.83894146110539,525
IMG_05192,67.85388338033965,74.39024697606379,431
IMG_05193,44.66792573593136,3.3769870570144747,757
IMG_05194,-1.014151426306853,-62.39732774495776,207
IMG_05195,43.48512828810203,17.572635393603008,374
IMG_05196,49.75144154294935,15.067303021154116,477
IMG_05197,66.7901339929609,32.54534277473164,75
IMG_05198,53.90969127448051,114.02061852015868,399
IMG_05199,30.08635468741076,-100.112192361826,205
IMG_05200,-24.890597787104667,-47.85123441123946,356
IMG_05201,51.7639809385276,103.51473493940496,930
IMG_05202,-6.039494800475637,-42.8996545370938,22
IMG_05203,28.45835313417905,-100.43623962384017,980
IMG_05204,-14.24506252936338,47.92177679072779,996
IMG_05205,-25.017181509606047,27.95120367986567,10
IMG_05206,37.901470861126114,14.532842482045991,5
IMG_05207,42.86608786965508,24.758061330835005,654
IMG_05208,-7.444255046063091,-73.03264887114739,130
IMG_05209,-18.203264165085955,-43.425079484890205,601
IMG_05210,49.15447749571155,-10.533638913784957,437
IMG_05211,34.597511489731815,-86.42537593727236,139
IMG_05212,-18.69232224029608,127.32453198527328,846
IMG_05213,50.65436935931217,40.05178593525818,105
IMG_05214,67.16124996664405,16.090264575174274,622
IMG_05215,-10.473504696566067,-49.44247971547264,891
IMG_05216,48.50717885824071,-105.43648115154996,302
IMG_05217,35.834525532124644,-102.32264740021094,632
IMG_05218,0.5277279305631453,7.963383537358709,687
IMG_05219,-8.451668577313612,-127.11957382207684,27
IMG_05220,63.07305636594435,20.61963336510945,21
IMG_05221,-23.274661288772364,116.42108440377685,454
IMG_05222,55.94683145462085,43.810530653437326,206
IMG_05223,-18.648362770378043,122.95931425965055,253
IMG_05224,-16.563542302213094,-40.376843997792434,432
IMG_05225,62.736508445644944,79.1196375834877,589
IMG_05226,41.11403998540658,12.481166447743362,985
IMG_05227,52.2058142732719,-5.232469352662321,720
IMG_05228,-1.3098602829310837,-54.75360464982961,760
IMG_05229,-33.916067428473845,139.0490704219131,706
IMG_05230,39.77364809638095,0.4310118216990588,727
IMG_05231,-5.730511275757536,-42.68350049827762,22
IMG_05232,-24.83498612697352,27.17607177677678,10
IMG_05233,40.65696881501407,35.811444884344326,653
IMG_05234,48.282501913893896,39.21468715496903,700
IMG_05235,-29.210559498994343,-64.47099908994102,881
IMG_05236,42.9652701166338,-86.88168595433541,32
IMG_05237,38.591536978958,-91.68942836815953,293
IMG_05238,37.02109592926374,-124.91887132237808,257
IMG_05239,51.52474023916045,-9.728372738120695,912
IMG_05240,-37.99819947501695,-73.12456452660703,682
IMG_05241,40.55569995220998,-8.814989104910438,337
IMG_05242,57.49738638501327,73.07604185091131,569
IMG_05243,-7.6852593902169986,-69.02837546471498,640
IMG_05244,-36.29431597850474,-67.88870683202953,617
IMG_05245,-17.053066902494223,24.65660851217794,426
IMG_05246,58.12884485113128,43.12662708105788,921
IMG_05247,-18.49235273730405,-70.67820423725293,358
IMG_05248,49.74310207517056,-100.6582716254535,663
IMG_05249,61.090027051698826,36.83094419713612,473
IMG_05250,49.37539647156217,93.79771297321425,316
IMG_05251,38.127632007153295,35.57952377632125,99
IMG_05252,49.46105539496614,25.122773623073957,383
IMG_05253,63.0673872808662,-130.81425924770693,872
IMG_05254,53.131721505483085,-117.11139916774424,40
IMG_05255,49.054559815041216,-115.19284982709198,227
IMG_05256,-21.237622130894607,-44.879778916707295,284
IMG_05257,-9.121252974875487,160.43903007405197,795
IMG_05258,58.038472320114806,-119.0521485847397,937
IMG_05259,33.38148420468977,-105.55046921336375,613
IMG_05260,70.24162216028222,-99.91876404259855,320
IMG_05261,50.43992467822733,24.19484824442733,383
IMG_05262,62.5865899917942,-127.6954430915408,872
IMG_05263,58.11966467988867,-116.95964872860353,937
IMG_05264,44.42092224774905,29.79065394996985,989
IMG_05265,-16.400221059657582,-53.253338959244246,221
IMG_05266,38.70586110795375,113.5744844649688,627
IMG_05267,31.370922510411788,-91.54402432596872,637
IMG_05268,46.57262318046588,-5.453272347398951,903
IMG_05269,56.699414621106826,43.965345556245325,921
IMG_05270,0.6882731248237519,72.06130271509733,762
IMG_05271,54.63293279217166,71.80126673176869,465
IMG_05272,65.16409491123184,14.666279237020916,396
IMG_05273,-1.1243541127198142,-81.62105343281806,553
IMG_05274,-15.261147032329744,-59.685729578983626,149
IMG_05275,27.80833639062472,-96.86150663262828,529
IMG_05276,59.604073425120674,47.77955921836019,586
IMG_05277,-32.56458418344221,-64.69242471105443,67
IMG_05278,0.2662824695871535,27.677242195953312,4
IMG_05279,42.38389928329599,-88.30359709109024,32
IMG_05280,41.69165372691822,-2.983644977564609,142
IMG_05281,57.86300928931527,104.26940188887454,61
IMG_05282,52.35796488200634,-85.04485583252367,147
IMG_05283,1.2669410661823264,17.802658854146046,767
IMG_05284,53.44505158422808,44.79082712516709,260
IMG_05285,58.17148182931373,31.567940748360883,962
IMG_05286,35.57908251831016,-107.13083818477268,47
IMG_05287,42.84670796828914,-120.52363143893406,447
IMG_05288,28.656416678502158,79.07082929933813,458
IMG_05289,45.93507072266118,29.68628789574126,989
IMG_05290,56.582062467366086,105.83615825055438,805
IMG_05291,-13.8767725178908,-68.15171307090682,841
IMG_05292,53.30624489326411,-117.93445843076978,40
IMG_05293,57.51189519328841,43.96105012261896,921
IMG_05294,49.35215371826945,-91.60727858958606,645
IMG_05295,-26.76053773592458,-70.87835091046135,633
IMG_05296,-2.343345923487888,27.158275139672924,904
IMG_05297,51.1094461758492,-122.09350921896744,783
IMG_05298,-9.97485763356319,-61.64828371564802,853
IMG_05299,46.15744056644277,20.241504548044247,120
IMG_05300,-0.9943454949460744,27.540992964522616,904
IMG_05301,-1.7698065085291148,-55.2850158700756,760
IMG_05302,46.6901317391177,27.41100249033275,692
IMG_05303,43.24195146950646,-7.988668742482645,209
IMG_05304,57.83815957525334,76.40330891193565,967
IMG_05305,-7.911506681223472,-41.51234499130442,603
IMG_05306,-22.35031693636189,-54.32387698692386,813
IMG_05307,35.976800908661914,-117.08849770180758,307
IMG_05308,64.02721932029976,25.66869235964475,364
IMG_05309,30.92733785447635,-91.47428137323992,637
IMG_05310,69.00104512148647,34.48570453389479,933
IMG_05311,44.29253206652993,58.814303791265104,826
IMG_05312,64.15458300443703,20.05907386382896,21
IMG_05313,-19.833869466457717,117.62477763449137,793
IMG_05314,56.47467240805929,-107.94037314691778,417
IMG_05315,52.42297907621841,-108.79589617889104,847
IMG_05316,53.94736264025869,31.992029028786877,960
IMG_05317,-14.941378228383511,-43.40410027451526,66
IMG_05318,26.0841125157862,-111.65524244735332,899
IMG_05319,57.99897392894428,34.12230290197442,962
IMG_05320,-34.151760783666,120.5435093355643,574
IMG_05321,63.05264889000273,64.7759923438798,723
IMG_05322,46.70796989262345,-116.85823639004668,19
IMG_05323,-32.24025179436949,-71.14028257479228,979
IMG_05324,49.956342018450925,-1.1755906495590691,919
IMG_05325,-30.74155892483824,125.85766883490442,266
IMG_05326,48.8102922205652,-87.38914317911164,500
IMG_05327,42.185726484387146,22.197132248923,342
IMG_05328,38.02998162891828,-117.7041692960886,96
IMG_05329,40.88788500408936,-98.62204678009432,917
IMG_05330,2.171682901246172,29.16160934569413,560
IMG_05331,38.77854617762986,-104.00096640296516,345
IMG_05332,-34.328635369911055,-57.011510097147166,9
IMG_05333,-31.53450810946964,-21.87865088019214,765
IMG_05334,49.462046960069245,29.512035299866483,688
IMG_05335,70.73858073490476,81.6500892014351,896
IMG_05336,43.524657572905625,-2.9410030907085343,685
IMG_05337,49.479286138241264,-121.12032791649564,242
IMG_05338,7.953988205876072,12.756142946095338,742
IMG_05339,50.45217461195557,15.74804247127264,623
IMG_05340,47.8200575417593,111.33426846626764,393
IMG_05341,47.10768957835188,-123.61792077308304,319
IMG_05342,56.34344137970771,91.16878942936302,187
IMG_05343,53.280784789205285,-94.91467051632829,448
IMG_05344,-25.06442250354385,21.263436064827943,673
IMG_05345,-33.14845949833846,-69.99050852171453,979
IMG_05346,34.248053793431325,137.1779265366103,315
IMG_05347,-2.2436189600863656,-45.1685422052455,902
IMG_05348,57.295902797160295,27.81398609746978,451
IMG_05349,17.914168252642583,121.35159884596186,272
IMG_05350,33.61015416605535,-108.21852399767825,613
IMG_05351,66.15938464147916,-129.29463602643077,406
IMG_05352,50.128913345182326,108.43625852641104,158
IMG_05353,-1.9066173452273176,-78.94764856160829,64
IMG_05354,-12.17531323070854,102.95491182152296,346
IMG_05355,48.72064933454067,-115.46026920344752,227
IMG_05356,52.93830288950474,0.042102803244802,16
IMG_05357,-39.29011708135828,-71.26463052183536,395
IMG_05358,0.3796695237379026,37.91447817372074,136
IMG_05359,55.34408785643001,-117.99042535480046,380
IMG_05360,9.400134215376395,-81.37591667830165,190
IMG_05361,-6.314498858898176,-74.40448385509643,130
IMG_05362,40.97750983096117,-100.7000907036785,885
IMG_05363,57.72303662842148,-98.84428707465376,491
IMG_05364,33.183214183450616,-102.79667146319618,137
IMG_05365,36.90729770087444,-3.044630819338068,366
IMG_05366,10.652052494374118,8.879779913365411,427
IMG_05367,41.36327173296144,-97.92250237532286,175
IMG_05368,55.3358981863243,-122.42109967441804,380
IMG_05369,27.410593633251334,83.36621040663613,798
IMG_05370,-10.34997707705378,119.55089558478004,797
IMG_05371,30.72198630548777,-90.84089339790316,637
IMG_05372,35.9302617893796,34.63047488567389,173
IMG_05373,-25.17503402081114,153.28345458161056,689
IMG_05374,30.45383579323324,-97.92903209657824,893
IMG_05375,-4.357609458392204,-42.833591956632006,277
IMG_05376,53.36742982054349,16.04554723840073,278
IMG_05377,4.476762311573481,27.251507606777324,818
IMG_05378,-25.620763859449667,-69.55866845066772,633
IMG_05379,68.37008179660461,10.17548096182952,626
IMG_05380,47.246671786908166,-2.769636677356175,534
IMG_05381,47.86728213412735,41.01959389778992,750
IMG_05382,31.767668682228347,78.60705379749982,112
IMG_05383,37.28718748270663,-109.08715496605194,47
IMG_05384,27.88413124215417,80.18806803556447,458
IMG_05385,8.633110008131226,5.479245089872165,492
IMG_05386,0.4574794649480083,-78.41192474135366,741
IMG_05387,49.33559448624109,88.05169812363238,92
IMG_05388,64.92969404717837,75.41567436673006,839
IMG_05389,-34.42022573022185,114.34401955845374,238
IMG_05390,-23.99176481036628,-55.40361845687144,813
IMG_05391,67.46087311937276,46.72639235397173,671
IMG_05392,42.03171756949459,85.46689802129373,286
IMG_05393,54.01006229666999,22.110126688626764,445
IMG_05394,47.27319363663111,0.8453728424908888,802
IMG_05395,38.68831066864254,19.31462130311536,849
IMG_05396,13.025791560382388,-0.2582750613080975,483
IMG_05397,-35.13001261386964,20.1883256783936,110
IMG_05398,-10.255891939559293,-36.00154874007217,699
IMG_05399,66.72041309847532,32.05519760831851,75
IMG_05400,3.051417732542845,40.2022502900339,36
IMG_05401,41.67538993988765,74.11907504820542,165
IMG_05402,54.666028078773394,36.88536660048371,848
IMG_05403,-4.4231200137852085,-36.91446354337509,344
IMG_05404,50.79008672350346,-110.3414580684156,641
IMG_05405,-18.254299289793835,-46.00191110543889,790
IMG_05406,44.80190300894248,-4.841545026864935,685
IMG_05407,46.85936581447632,17.83585604572403,605
IMG_05408,66.44838598527497,-123.51947967474324,735
IMG_05409,70.19561915661029,-133.45176880206463,162
IMG_05410,-5.997684810305287,-36.98929763402344,344
IMG_05411,14.535174995942045,-9.428591692512327,809
IMG_05412,0.7584731144258114,0.3429797754489812,15
IMG_05413,66.04743644622249,24.819447210422908,503
IMG_05414,43.73665234011597,8.20966231530312,686
IMG_05415,42.6486803238372,-118.22832978985994,447
IMG_05416,67.8662002837911,46.32814205348527,671
IMG_05417,48.35744448686316,71.18843522899601,264
IMG_05418,39.878874912086815,-102.7710606674404,885
IMG_05419,40.30879409693131,-118.5224268313525,854
IMG_05420,-36.41532483774514,-64.31167938930844,196
IMG_05421,-25.574394010094565,19.366527782712097,673
IMG_05422,55.94142352513876,104.64654034153466,805
IMG_05423,56.08218405466795,-119.07639946425282,380
IMG_05424,-24.5627496676495,-65.6252711163708,343
IMG_05425,10.77848704262803,123.39403511311276,905
IMG_05426,-31.291110629718816,21.23412936915864,957
IMG_05427,10.541117663807114,3.883783511157304,49
IMG_05428,-6.232124538337303,-48.14693328393258,352
IMG_05429,36.97962919595884,31.08446194769357,230
IMG_05430,59.49390606518736,60.99919603623317,556
IMG_05431,-15.649460369880046,-46.894055770043,229
IMG_05432,27.706510357181244,89.52563905273337,697
IMG_05433,38.51255824186316,3.1422012086084408,213
IMG_05434,47.87257727714973,44.95060092087124,118
IMG_05435,11.725976932972443,81.86323977046715,160
IMG_05436,62.604624983738745,65.63724037337454,723
IMG_05437,30.52888906405059,120.06779621030591,614
IMG_05438,-22.12719442198397,-51.376926997317526,599
IMG_05439,-27.988721295736667,-65.60660743851315,114
IMG_05440,55.12281493924976,-2.6069114116099,861
IMG_05441,38.1407072293996,43.6746339097013,329
IMG_05442,56.11353264982964,104.92408249969104,805
IMG_05443,60.77549824402337,32.469956629125704,57
IMG_05444,-11.070073016177474,-57.62231475651642,610
IMG_05445,26.591659959625588,106.83814175222692,832
IMG_05446,-3.460401458028116,-79.40127815427171,64
IMG_05447,-15.691643333179712,-53.42167605492381,221
IMG_05448,26.9991221225619,-106.86114197486432,38
IMG_05449,35.25508195485253,9.554481817330585,490
IMG_05450,-13.252303657142804,-76.27388164916667,945
IMG_05451,45.38096633983906,-6.146100165774129,903
IMG_05452,-34.48551036731253,-59.01871954055565,667
IMG_05453,27.45409498506517,-109.95934843213767,899
IMG_05454,45.91642928341173,28.945027199528624,236
IMG_05455,10.633233674562804,39.23415345272926,880
IMG_05456,28.372919905392024,78.69726160722144,978
IMG_05457,46.96181418311295,17.86658701333525,605
IMG_05458,59.99917291798676,33.49004903465658,554
IMG_05459,44.7549552371276,-100.47410880632552,666
IMG_05460,29.42464820680246,-99.99467490357476,980
IMG_05461,47.150156208284216,109.79703649509122,711
IMG_05462,31.728443794333515,90.94792087979192,87
IMG_05463,0.3613640434972183,-61.22101399585152,207
IMG_05464,65.3476055143278,10.487999810824334,396
IMG_05465,48.19200396010552,-108.87597797518954,821
IMG_05466,51.267618989660775,113.9745641987173,254
IMG_05467,52.54758856230509,90.86240682106632,246
IMG_05468,-34.20933152068462,27.70470464651487,388
IMG_05469,-13.066736292484675,-46.32169133311439,229
IMG_05470,6.440444331945699,78.43181352434789,997
IMG_05471,51.07874571937646,32.31844302344868,828
IMG_05472,-30.301209838281096,134.49618372739542,513
IMG_05473,31.10555089708359,-112.6554738952974,819
IMG_05474,44.67255356651791,-9.958295952760295,209
IMG_05475,-26.539301281519,29.957011942658568,235
IMG_05476,40.57967010563377,-0.7918270962527743,142
IMG_05477,63.651206036173136,46.71870231588974,154
IMG_05478,-25.16686578003342,-53.20800762088064,233
IMG_05479,34.33430816697626,-104.08583575142222,137
IMG_05480,45.38028614075972,3.9648127089602383,76
IMG_05481,44.93186412737222,78.3358124179847,299
IMG_05482,41.05628559596119,-5.538285355199463,565
IMG_05483,40.86589559235492,74.5865174229703,518
IMG_05484,35.06747069449102,-113.39408327573076,591
IMG_05485,7.98442504463911,37.1229378657419,192
IMG_05486,62.41333456200766,5.1261855051456,791
IMG_05487,-17.274327321670228,-56.45197525549244,476
IMG_05488,-10.488972554682846,-66.55719764416193,148
IMG_05489,-32.71986093237925,139.7952860833097,690
IMG_05490,55.91950671978952,-1.053026476441261,861
IMG_05491,33.65560220948154,-112.90508929503184,819
IMG_05492,51.058530050989134,-9.301290197235602,912
IMG_05493,40.93407121065695,-106.91699879552117,115
IMG_05494,-12.402457314655663,-41.15119439639543,836
IMG_05495,52.78417294322986,70.77111727531707,465
IMG_05496,-27.31415551882131,153.10689173709045,636
IMG_05497,31.911657162302944,75.66295362537204,511
IMG_05498,44.76091713997755,41.36152669019242,418
IMG_05499,0.2271746003111161,31.6570379789311,240
IMG_05500,-35.70168834546112,139.69331167720532,126
IMG_05501,9.215618377763748,42.25997024265729,420
IMG_05502,40.57583260543569,78.02332607152005,518
IMG_05503,49.32477389671729,83.10682806678437,92
IMG_05504,-44.99926777309187,-73.05061085249982,460
IMG_05505,37.06758360090643,23.88955211230692,369
IMG_05506,51.18259436450714,33.019255430272864,828
IMG_05507,59.00403548880769,85.73043781529577,753
IMG_05508,60.16941970219102,-113.27378975040509,733
IMG_05509,48.37255547708492,45.94934571485578,118
IMG_05510,-13.121726332283243,49.90275089155489,996
IMG_05511,-29.25936387770525,12.997080327675008,100
IMG_05512,10.901672754354877,6.268381063790059,427
IMG_05513,40.06114931631339,-111.81935140431244,408
IMG_05514,-15.209333360159263,-37.26852253165575,588
IMG_05515,39.6976656158283,43.78280708343948,703
IMG_05516,44.01616458854477,103.17078798439968,678
IMG_05517,49.2533640360266,28.91732380942545,688
IMG_05518,-8.68817121683378,-41.028389156601605,603
IMG_05519,51.50350029442114,108.46326155000575,158
IMG_05520,-4.993598991923761,29.318349135969697,398
IMG_05521,9.228336105631556,140.2284508695065,744
IMG_05522,56.48608839498661,-118.573334376099,937
IMG_05523,-13.199762868355478,-45.28280925368276,702
IMG_05524,-23.659152480826805,22.870318844119623,951
IMG_05525,36.24290672176375,-4.235530195306211,366
IMG_05526,58.55760088533268,24.974125066434,368
IMG_05527,50.49417215155057,16.738852629762732,623
IMG_05528,-7.897650130168827,-72.8031541478832,130
IMG_05529,57.22044524333472,-123.04071352407053,113
IMG_05530,39.27409394476865,-0.5603352116933422,727
IMG_05531,50.54574286470154,18.288433004317938,623
IMG_05532,57.27734653843768,30.08170038523403,962
IMG_05533,-7.631687171764639,-78.91403036075002,528
IMG_05534,55.58255543844143,-121.05575932118622,380
IMG_05535,51.12510644824744,-100.60644367689326,663
IMG_05536,49.19975732660683,88.9030881563786,449
IMG_05537,55.68917306025261,70.78921534318278,569
IMG_05538,57.47748574002992,68.310143078122,878
IMG_05539,40.06389641934271,-106.28011055581086,115
IMG_05540,54.53660916518504,68.52690453250017,465
IMG_05541,39.40035677110342,-8.967057886525424,337
IMG_05542,54.20912833333833,-123.6327231163068,536
IMG_05543,54.27682394537635,-120.9621811843022,380
IMG_05544,17.13655798355299,106.3850431019635,769
IMG_05545,51.061055805580736,84.75697542454657,92
IMG_05546,68.3187748476823,13.550371554994117,622
IMG_05547,38.885751720224846,32.91331348382707,308
IMG_05548,54.5800597360784,-6.204485059742268,248
IMG_05549,-19.438634977777557,142.89718751344668,39
IMG_05550,44.62379728484376,64.69883749576925,739
IMG_05551,50.88258759916684,35.93269378643299,185
IMG_05552,-0.1194344391496713,-77.20327257063244,741
IMG_05553,10.12301717617585,43.13151800515101,420
IMG_05554,3.98542919268094,1.8392175705402,15
IMG_05555,62.95325994236788,32.885471347420975,288
IMG_05556,51.3399297737754,111.05061329744416,254
IMG_05557,57.16186409873615,102.97393510928526,61
IMG_05558,45.82420011631578,105.36167305971924,132
IMG_05559,59.77882906938214,33.70209884003941,554
IMG_05560,56.16736498593266,101.93509667245333,716
IMG_05561,-14.511650505667175,146.31593324799928,606
IMG_05562,42.08234914131998,71.80510022731937,165
IMG_05563,7.754766593657763,37.91989841745897,192
IMG_05564,48.33439132184554,40.128122694757565,372
IMG_05565,53.03322629591637,-2.0210320421749657,16
IMG_05566,33.77494973818659,-113.2751085246322,819
IMG_05567,-8.650197266843435,-63.291113659961695,247
IMG_05568,35.90238094410832,24.771573952470646,369
IMG_05569,25.721750326425465,127.30707134376756,759
IMG_05570,-11.781079087106406,-62.62103608131663,853
IMG_05571,4.387617159729956,-61.824638312239074,111
IMG_05572,39.30578268449455,35.89882836374247,653
IMG_05573,48.77698154902743,22.00619914426062,860
IMG_05574,43.745859792507645,-103.32886373732576,430
IMG_05575,39.064061729491925,6.318021218265812,252
IMG_05576,11.93848486156122,45.02869323120325,862
IMG_05577,6.693048598193627,3.602423632431737,555
IMG_05578,41.38258938619725,21.441999985154894,436
IMG_05579,-21.9207859019198,121.91841255142168,69
IMG_05580,-26.219901847847503,26.43722173140236,629
IMG_05581,-3.326732055613548,-36.69752926450471,719
IMG_05582,55.88296291015215,67.63128575623443,878
IMG_05583,40.92692727519159,26.659668405056948,654
IMG_05584,39.91520034024401,-113.86883593395127,300
IMG_05585,49.841371323619,-89.58699724899118,645
IMG_05586,64.78873610333562,44.032199497035634,258
IMG_05587,-25.558286239028547,28.87012670767507,235
IMG_05588,0.0785775925208867,129.7905909978574,429
IMG_05589,-8.349217312633954,-66.85415559545872,148
IMG_05590,-20.956852919230684,-54.81458560635392,813
IMG_05591,57.21603678529274,92.24459888862192,187
IMG_05592,12.153990463138598,100.38886591939524,341
IMG_05593,4.860976962052305,7.033155258255846,995
IMG_05594,36.76425279813492,104.00418795484636,443
IMG_05595,-18.74308789638277,114.58153247014098,986
IMG_05596,52.24039711719382,45.884392598191766,260
IMG_05597,48.57847333812168,0.1681115181523012,340
IMG_05598,28.02170639959313,111.97060757695772,543
IMG_05599,-23.00416405837913,19.949707389187296,673
IMG_05600,38.00659605553676,22.473679158872443,655
IMG_05601,-12.268311242988489,142.89990186306625,193
IMG_05602,35.721951773671364,8.60451450628247,349
IMG_05603,38.71593069996061,32.3676215712384,308
IMG_05604,57.522668478589054,-1.089844099374062,403
IMG_05605,11.15650081547875,37.853534099994704,880
IMG_05606,-20.16599500473833,27.40875848710164,413
IMG_05607,47.511946808765856,23.024323261251997,860
IMG_05608,47.981943633893366,102.491417230188,931
IMG_05609,8.985171725334936,-18.594612704864403,916
IMG_05610,55.683861614779175,112.77096009963998,399
IMG_05611,-10.606876885923384,-62.5019528786226,853
IMG_05612,54.28451746068521,29.44117930469932,960
IMG_05613,-21.82971605460071,118.33310798665366,454
IMG_05614,67.2036257383086,15.175889492608064,622
IMG_05615,55.703616684726086,26.2025654059031,451
IMG_05616,62.45797510750688,18.026607075885465,571
IMG_05617,-17.570173046614244,18.841134231702483,402
IMG_05618,26.45848048733589,69.11829224079463,568
IMG_05619,-35.307174011586035,-63.9391239136464,196
IMG_05620,-13.692168314848857,-45.2454614927174,702
IMG_05621,67.6393287780659,0.34812172679392,961
IMG_05622,54.13347433008354,84.99100290366289,425
IMG_05623,1.8036555023785752,28.6578521095384,560
IMG_05624,-11.109049177309714,-56.411826500625736,306
IMG_05625,52.66098251565575,-119.2428724242252,40
IMG_05626,-39.36412910982874,149.13816179690394,263
IMG_05627,44.49942988366297,46.74737844493441,707
IMG_05628,64.92554903493024,10.297708730972856,396
IMG_05629,48.669066108923175,20.792688473470548,53
IMG_05630,11.006952825582944,40.90906302027952,251
IMG_05631,65.64822473950872,-120.828961461135,820
IMG_05632,9.53008966764996,46.65846394330481,433
IMG_05633,28.736645669103567,88.3556491587592,87
IMG_05634,-32.09375463814018,23.50768663643097,876
IMG_05635,59.427380021470185,-116.29736664424634,276
IMG_05636,32.54779592768294,-93.1080602071934,918
IMG_05637,-34.269951323072526,-56.15637582692205,9
IMG_05638,-31.698782479896707,139.7583713701202,312
IMG_05639,-25.6029420005639,27.440742054444627,629
IMG_05640,67.53555244158036,75.31482097064526,431
IMG_05641,0.9318724323040896,133.64504367875622,291
IMG_05642,38.640209546627005,20.820768323301564,655
IMG_05643,-24.382143060794174,-65.25548074290302,343
IMG_05644,34.24059226624897,-96.64973829118868,327
IMG_05645,5.007348767846537,9.240717053258775,995
IMG_05646,45.967381062818674,-124.02113254788006,639
IMG_05647,60.78715311473292,35.55428467800181,554
IMG_05648,48.08291435877538,-102.67252560334528,526
IMG_05649,-30.27592996812541,144.7628038426169,244
IMG_05650,52.50009537530991,74.90554696386624,858
IMG_05651,58.56458189477246,42.64676183044031,921
IMG_05652,44.91250019475609,-92.69362829474152,567
IMG_05653,61.568251437651725,2.520436562682562,505
IMG_05654,-24.158725793905987,24.80840309410073,371
IMG_05655,-2.816166834865413,-58.65816598111186,840
IMG_05656,-29.84911355438504,-59.77885674342103,810
IMG_05657,69.54626081815468,28.90407520001992,123
IMG_05658,-45.98663168318031,-72.40714568549538,45
IMG_05659,-1.341085034428943,-60.66477135438623,207
IMG_05660,41.83585676646513,21.44177030124476,695
IMG_05661,35.37305695761282,45.57773047080158,329
IMG_05662,62.08488094716165,67.54912036265134,723
IMG_05663,55.60938573604503,-129.73893501197853,582
IMG_05664,50.6229080645663,24.42914695168787,383
IMG_05665,-27.45430444437786,-72.59838450589703,174
IMG_05666,52.70742480101018,40.29661588242297,59
IMG_05667,-22.698211650731125,31.69138926383124,502
IMG_05668,-20.74573302046329,137.09164322130164,161
IMG_05669,6.869420560587059,39.95964616353558,519
IMG_05670,-32.7755264119251,-64.2374188689331,67
IMG_05671,57.29692566938374,-131.99234318694138,582
IMG_05672,69.26134850007907,-132.37719071954663,162
IMG_05673,47.01412632398674,34.116533637114,414
IMG_05674,-11.298232512751357,-58.82020989623474,610
IMG_05675,65.59754749989847,36.82026814381507,782
IMG_05676,60.27196481602888,-121.6372699301593,827
IMG_05677,40.60238532633963,-116.21958127206204,854
IMG_05678,-24.80804909595929,26.775041079198445,371
IMG_05679,41.08598912743469,76.90006056737627,518
IMG_05680,42.47745599663946,-88.09187502441242,32
IMG_05681,-16.277742060958687,-85.14969804690205,357
IMG_05682,54.19382538299885,47.0444418245726,260
IMG_05683,-34.817031787794264,-56.542484159776194,9
IMG_05684,28.252374242859403,90.40328209919336,87
IMG_05685,-13.03387027925271,-56.62767228681729,306
IMG_05686,-2.550721334628136,29.05438524831345,904
IMG_05687,35.84746306743166,-110.34743091691922,47
IMG_05688,44.930576598380696,113.58207734753272,938
IMG_05689,55.64338794688106,-122.50310085118711,380
IMG_05690,5.518902240333688,-4.659457206877931,444
IMG_05691,61.63177439790201,5.321843166115173,505
IMG_05692,11.343138336743934,-16.697077132451398,771
IMG_05693,30.99171873827601,-108.12926091256,407
IMG_05694,60.62312833303696,30.69685124024099,57
IMG_05695,38.64466166342015,-88.42502687615867,404
IMG_05696,-16.083005674680052,-54.37022352948917,612
IMG_05697,43.77931197767623,-121.52602613277216,447
IMG_05698,-11.010184242484272,116.312013763905,270
IMG_05699,-25.366462624778293,-67.75137597865117,343
IMG_05700,-25.36027811305607,-62.678500972413445,620
IMG_05701,39.45156385583925,-118.33777396755062,96
IMG_05702,41.67153077865282,1.4726989713291232,607
IMG_05703,44.36031559482504,-0.0017045310509047,362
IMG_05704,-13.265567793127945,120.88392482596804,522
IMG_05705,68.80881890212135,-105.6053000851814,662
IMG_05706,43.87683068947391,0.181974244054544,362
IMG_05707,14.525209260641075,-4.155017909195635,897
IMG_05708,55.11579065929044,19.871397714480366,971
IMG_05709,35.61048840957773,6.851884749944048,349
IMG_05710,40.8593684874387,72.10121156347356,834
IMG_05711,40.91219238627431,-118.77923527376724,854
IMG_05712,37.545222347205225,-2.52007821516176,366
IMG_05713,9.06362358484708,14.823516791390915,325
IMG_05714,48.00184884654567,-88.04506801484558,500
IMG_05715,-34.83315886958435,141.73946195436002,908
IMG_05716,-11.766345095470172,-40.75013118346155,836
IMG_05717,46.27253129494267,113.79713495575128,393
IMG_05718,45.09763644928808,106.32254426914778,132
IMG_05719,1.5921249807114464,26.500247329805177,818
IMG_05720,48.12480070657588,20.16309167373339,605
IMG_05721,-34.107708815971144,-72.3256368108946,23
IMG_05722,-31.71019972322007,145.88021768510282,90
IMG_05723,56.18515220733332,-114.53413212103686,151
IMG_05724,52.0914403696508,-127.38197792369024,93
IMG_05725,-32.96174838875693,20.45873772281101,110
IMG_05726,2.799058080001913,-53.28019213856291,94
IMG_05727,62.019454970382725,20.340700165735427,571
IMG_05728,40.19811737012191,-104.52464310694232,115
IMG_05729,35.1687093977593,40.91902917611287,217
IMG_05730,34.98171411264144,-96.2033893948124,327
IMG_05731,50.52022209090558,-116.17596702503184,650
IMG_05732,-13.011904937914778,-43.91806197386052,702
IMG_05733,63.01751615098408,-2.199554570954376,78
IMG_05734,44.00164938805133,-111.946826117857,198
IMG_05735,55.51218724349923,32.24015466372552,960
IMG_05736,49.02539347253796,109.00422115158524,158
IMG_05737,-36.62467587673716,144.11751640287417,18
IMG_05738,67.9420002331257,18.78069608800405,736
IMG_05739,49.47150872874806,78.30249795699842,926
IMG_05740,51.97628691051983,104.95527663261691,930
IMG_05741,-30.87923905734374,-66.53907066639604,310
IMG_05742,35.884465211302114,32.05621868480637,230
IMG_05743,-6.405266099564756,-43.50179686232957,657
IMG_05744,47.463628796884,-112.84042937114434,609
IMG_05745,49.03001029713403,-115.39345679481424,227
IMG_05746,26.43444333684076,74.4416548241058,879
IMG_05747,-4.08224586354261,28.242874424450093,398
IMG_05748,-23.91205543485512,133.67449892580936,271
IMG_05749,49.92829271328202,3.409056726400024,340
IMG_05750,-34.96168765155756,137.26242476531024,400
IMG_05751,-32.619882030819,-62.72450516699388,550
IMG_05752,4.576178601836944,27.884857891614985,560
IMG_05753,-24.222649821924136,-58.836000922998295,815
IMG_05754,-31.828533484545623,129.39877075082825,756
IMG_05755,55.85997618252861,16.484568125272233,971
IMG_05756,33.30645477071572,77.12571551661244,112
IMG_05757,64.94432602997762,18.478077270630536,807
IMG_05758,12.566163122881209,39.36993135064824,251
IMG_05759,-19.52536481278048,26.729747241076325,122
IMG_05760,-7.053461515153884,-74.19634430359167,130
IMG_05761,36.76159346571824,-97.36561095631438,12
IMG_05762,39.547016325237735,101.32150079285124,138
IMG_05763,47.06335793705964,4.779059629380782,381
IMG_05764,64.83939287825388,-10.631408357368969,365
IMG_05765,-27.513203522924428,-77.40314632772927,174
IMG_05766,58.84318217875057,21.41066486900823,856
IMG_05767,53.34792628133491,-133.663424267764,551
IMG_05768,59.64008899043267,36.11421703753433,554
IMG_05769,50.95354138605848,101.11161946932975,963
IMG_05770,37.60976494385807,-128.94387299542493,694
IMG_05771,36.97557007220519,-114.031514528591,796
IMG_05772,-41.43842654535195,142.84551945816355,535
IMG_05773,53.59102641460308,-112.31268625174025,517
IMG_05774,64.20122082599036,-125.66370406758124,50
IMG_05775,53.91216242088379,15.26634638637404,278
IMG_05776,-11.066201255872045,-55.07492432704298,306
IMG_05777,61.423503441989,-129.51316819276468,231
IMG_05778,47.04954181370127,29.12111438830658,692
IMG_05779,41.3200542041248,-90.39572134032868,852
IMG_05780,-13.901921109195314,-54.940881221762965,612
IMG_05781,-26.92606347268889,-54.62164196766284,602
IMG_05782,52.35594884536053,-131.2431897073705,551
IMG_05783,58.39635280526778,30.44507250381088,962
IMG_05784,8.221450273359125,-10.04594088370925,838
IMG_05785,-18.55588564107292,-68.59709255206101,358
IMG_05786,36.800995499659095,-88.92884797526783,911
IMG_05787,54.570220119095154,-96.48938474311304,491
IMG_05788,36.73597180208296,-104.71294149075972,345
IMG_05789,-12.28464384196829,26.63485291335041,63
IMG_05790,-0.5767455379510409,-79.08311008059951,741
IMG_05791,55.77120189847119,77.92761490481604,140
IMG_05792,55.51908413062608,7.658742922873927,837
IMG_05793,51.78460813255384,108.06914952646024,669
IMG_05794,-10.083602909386729,155.92991339390267,86
IMG_05795,-22.90805829333094,-47.31506405538843,119
IMG_05796,3.878740471783289,-79.12499230042744,768
IMG_05797,-6.345780803219597,-56.84324016251063,456
IMG_05798,48.26041330222301,1.6762588716451037,334
IMG_05799,-10.42106432957749,-38.75506342239663,177
IMG_05800,61.70158223980809,5.414696430362852,505
IMG_05801,32.446603428274955,-98.12724269727175,822
IMG_05802,-21.52238899677738,128.95702042807898,846
IMG_05803,38.62351059233205,-94.83093270775962,635
IMG_05804,47.7256298900825,36.150539589900944,262
IMG_05805,68.19674963020236,76.1564489378577,431
IMG_05806,-27.9888867450956,-64.69134280689337,114
IMG_05807,-25.925656371736608,29.139541366925982,235
IMG_05808,-35.48830954012696,24.56173604514953,876
IMG_05809,68.32582218646178,20.245314831279416,736
IMG_05810,6.871995866478386,74.53890599626746,211
IMG_05811,-44.044010842480034,148.8311541766227,906
IMG_05812,-10.509984824617533,-58.776597793339135,610
IMG_05813,32.859274352766846,-112.5887346138768,819
IMG_05814,41.3340595452475,-110.62344458969004,408
IMG_05815,62.33787392281823,25.308738199665697,364
IMG_05816,43.05544799164,41.76267860803276,25
IMG_05817,30.08620201780224,-94.14217670940845,89
IMG_05818,-30.09957662472977,-74.19434942918451,462
IMG_05819,-40.3092977137403,-53.27810864634118,987
IMG_05820,-33.29772142346319,30.497071711735487,764
IMG_05821,-20.039952896493915,-65.11487071131818,143
IMG_05822,9.026144764390466,38.1566151810095,192
IMG_05823,51.15336346764661,-123.25901663913652,783
IMG_05824,29.112460767482705,-113.4987258041652,391
IMG_05825,-11.952042819095809,-50.17403294741575,891
IMG_05826,-23.7151060619006,21.740404356609247,951
IMG_05827,47.51685014493995,80.32941287164181,656
IMG_05828,0.2460287234459031,37.48262990127603,136
IMG_05829,-39.753548150337366,139.82948225935655,714
IMG_05830,49.17908760698228,5.362025458581371,946
IMG_05831,-8.758750170235885,-63.119668527459055,247
IMG_05832,37.52891819428706,38.69963685522572,889
IMG_05833,54.96144984006117,-112.61420993243856,517
IMG_05834,-26.043027074459665,28.03676643779937,629
IMG_05835,49.74941091989871,-85.01362483790054,147
IMG_05836,37.66582361459548,-9.27643662786545,457
IMG_05837,-23.957992975902386,27.877732515342103,10
IMG_05838,40.06775590994423,-96.15218979689044,635
IMG_05839,-32.28051871836657,-66.36239125829712,67
IMG_05840,-3.0195354010486426,28.900527539125164,398
IMG_05841,70.5693900334116,31.60588046145739,933
IMG_05842,-5.756706032679034,-80.94163748773302,684
IMG_05843,50.09315250952733,-9.661068724498476,437
IMG_05844,28.245815868903662,76.04311613623406,978
IMG_05845,-23.494362408417658,27.435592628598727,10
IMG_05846,5.8101284096558174,-59.12439514729064,952
IMG_05847,-4.369791955949296,-45.56597738398466,277
IMG_05848,43.22408087330069,-115.5533894177542,973
IMG_05849,14.932100073632997,-16.477432290016026,649
IMG_05850,44.912450959187424,69.16428891992888,596
IMG_05851,33.54183245701047,-92.9148122019356,918
IMG_05852,41.53384443886012,-84.32838392293284,968
IMG_05853,50.3950788526335,31.589683126878757,828
IMG_05854,54.5506304624856,75.07524756962096,858
IMG_05855,53.877986948938826,-128.60876978481863,224
IMG_05856,68.38994290998616,84.52502178582012,189
IMG_05857,46.60057155299927,29.243429599721367,692
IMG_05858,48.74570568862168,-126.1325139120955,982
IMG_05859,40.3558800087398,68.37153865824689,80
IMG_05860,-19.18295780198005,26.199976272483585,219
IMG_05861,-31.00459171910085,158.5478974422869,202
IMG_05862,-35.62350702110345,147.81469961133382,546
IMG_05863,-5.251803553958069,-5.05625944608488,595
IMG_05864,40.25111192763086,-124.28183347825762,970
IMG_05865,69.02487997299622,-102.83549305208524,320
IMG_05866,-17.181426258303077,-68.63882730015357,358
IMG_05867,46.005816385238376,45.17043363631768,707
IMG_05868,-35.859636183268215,-73.44162557359954,682
IMG_05869,43.27468471709389,22.785924240316632,695
IMG_05870,37.23068426549276,16.912964443112315,849
IMG_05871,49.63140694682036,36.43670437115992,262
IMG_05872,55.68922307603876,64.7024561745119,73
IMG_05873,47.30993132328237,95.60368236839416,316
IMG_05874,-44.71393883849523,-76.19956673035973,460
IMG_05875,50.68536006462409,-104.67456620834632,302
IMG_05876,60.62007495192751,-111.80963552139536,733
IMG_05877,51.45908628645475,-94.7977876012676,448
IMG_05878,-17.554866991316075,127.65129069267306,585
IMG_05879,-18.54804174414447,-69.54134742047793,358
IMG_05880,30.11252182177724,103.11458781050136,705
IMG_05881,-19.100786005778872,-45.31236030969916,601
IMG_05882,48.44080693756584,-110.78321151351848,821
IMG_05883,52.83998944214571,65.8073487147731,564
IMG_05884,32.43601124785016,79.62781182726917,112
IMG_05885,56.32884079503023,-123.03738114313782,380
IMG_05886,70.7477529669539,-124.49043079248094,923
IMG_05887,-9.212979553389973,-37.84812965307464,177
IMG_05888,-1.2360509013076637,-60.894933325897725,207
IMG_05889,51.44683078048297,93.7236581996342,246
IMG_05890,59.67641198746395,-1.9782494403098096,766
IMG_05891,38.54584198232999,-98.4349127000228,708
IMG_05892,55.74786815961585,-8.032036925888008,248
IMG_05893,-18.681950481388327,28.89294068151193,122
IMG_05894,-30.665095177559976,113.87039474079984,442
IMG_05895,56.15006019775223,110.82320639987807,399
IMG_05896,-10.131308729455752,-53.12305925730135,975
IMG_05897,-37.412084064544665,-59.3754495440806,303
IMG_05898,-23.87652495725783,-52.31047400951096,984
IMG_05899,-14.858757298241798,-52.03805986398581,506
IMG_05900,55.43384184752705,100.99375967112434,226
IMG_05901,46.91823168561987,-130.46804375764393,982
IMG_05902,46.74448431375925,5.732398345416442,381
IMG_05903,-7.537805248823986,-40.64868201134493,603
IMG_05904,-12.20031048475596,-68.67790216447156,841
IMG_05905,47.05040178316608,-116.5986315160323,609
IMG_05906,-14.10273907430468,-68.38484343662327,841
IMG_05907,62.37965385836691,29.60881925931244,992
IMG_05908,49.82854968255185,3.57703832123508,340
IMG_05909,45.27936895469199,106.75810910763391,132
IMG_05910,-18.402277735224388,15.551292259437105,808
IMG_05911,57.45868416075007,-97.858681660636,491
IMG_05912,60.48177165984572,-0.9668629552631955,766
IMG_05913,31.155411765956416,-103.03679536388752,137
IMG_05914,11.118989710599834,47.12968180579688,134
IMG_05915,48.58019440682551,47.22652813716013,118
IMG_05916,44.348485342636565,0.3330486461584314,362
IMG_05917,-21.525324896342568,-50.84660659016424,599
IMG_05918,53.56482216855147,20.235510809919703,445
IMG_05919,59.77822324004242,15.654598939544996,354
IMG_05920,56.43136145185332,22.26423825738587,646
IMG_05921,63.50822282725369,20.165198423635417,21
IMG_05922,-40.8339547404452,-70.22809851213098,109
IMG_05923,58.34480069639534,-117.80441622083868,937
IMG_05924,52.171276246381154,79.09277349241279,496
IMG_05925,-8.593189583980134,26.62689562569102,510
IMG_05926,38.90839544863235,30.98399527003403,308
IMG_05927,-32.48703439516326,30.0223340065682,764
IMG_05928,52.88066142229786,-7.466586203019546,720
IMG_05929,48.93870387289479,8.588741037679341,628
IMG_05930,38.98405841064573,21.390297702814365,655
IMG_05931,35.011824210785875,-101.93460970265932,632
IMG_05932,62.0516089141957,3.850317755039015,505
IMG_05933,67.01159969407277,22.374899927133583,503
IMG_05934,-32.61982903903619,-69.20683614630202,577
IMG_05935,-10.026760354805106,-75.33701837919953,679
IMG_05936,12.28883899936767,-10.257538816886807,942
IMG_05937,47.38683975882845,69.66338474956927,336
IMG_05938,-15.215867752498866,-42.69325856180163,66
IMG_05939,50.07427935979777,103.60478406609616,85
IMG_05940,50.243448123929625,103.94491566272052,85
IMG_05941,34.458537777616925,-113.4765716899512,591
IMG_05942,-27.876095429677463,23.58747785613721,466
IMG_05943,46.8000672125176,79.75025719464077,656
IMG_05944,37.95117459408661,-91.40483051363788,293
IMG_05945,-39.019557727127314,151.31663840905696,263
IMG_05946,-16.455062251748487,132.8986621736608,453
IMG_05947,30.434193205636944,76.78150467190386,511
IMG_05948,49.85456002750482,-4.72430418847938,498
IMG_05949,69.15845588989711,-107.50773658895162,662
IMG_05950,52.84611765705904,-129.31451219740063,224
IMG_05951,64.81369217833202,27.52323438366352,503
IMG_05952,63.19817874504079,12.450639718211164,597
IMG_05953,-7.9153851841612095,-72.50855529556779,130
IMG_05954,-25.17172875044149,-50.63757765266294,984
IMG_05955,-29.659746479675466,166.12239196728126,784
IMG_05956,-37.52705270285472,-71.87847377490382,682
IMG_05957,-7.100085149988132,-76.9729094334169,888
IMG_05958,5.857818840496464,29.289895208253967,359
IMG_05959,51.5500815497405,-130.23507035606565,551
IMG_05960,49.07938393330252,43.841180323678486,372
IMG_05961,-22.3406393487098,-47.677158559903575,119
IMG_05962,40.49853197874191,-105.89853609219932,115
IMG_05963,-30.76377865330972,151.99541229524857,523
IMG_05964,63.97220702582749,25.351673354023347,364
IMG_05965,57.08111501557184,84.27890131702685,373
IMG_05966,34.272660042780075,61.31405050573869,799
IMG_05967,49.223251200333095,74.38906650144042,926
IMG_05968,-22.242548363761216,29.30616893575629,712
IMG_05969,7.42555932975921,80.05556163519043,997
IMG_05970,48.62362346712101,93.18135309663852,316
IMG_05971,-37.48979061051018,-66.7336529142321,617
IMG_05972,-7.667577618806135,-78.20466024114697,528
IMG_05973,60.542344684697895,14.07166342481571,121
IMG_05974,59.57596404703196,23.02798141328725,166
IMG_05975,55.86339265190787,-129.72870582006885,582
IMG_05976,45.178893571943206,-110.952786313847,198
IMG_05977,-34.04344217852611,-62.14780180984502,630
IMG_05978,49.195007643342535,-122.29811331384325,242
IMG_05979,67.34683253996201,-125.1877153217198,735
IMG_05980,51.20520747390236,-118.54967525042449,650
IMG_05981,44.08874394294321,-123.01530446653322,150
IMG_05982,-6.352896916480773,-69.5361862183253,640
IMG_05983,43.865424043178734,-95.82474802375349,376
IMG_05984,64.99003606817087,-7.372854912180884,365
IMG_05985,32.62941832294251,-108.07756194863065,613
IMG_05986,-10.711284273046203,-49.85613381243789,891
IMG_05987,-27.335276540238358,-50.94993971531008,339
IMG_05988,49.6026910431392,18.56639407947435,53
IMG_05989,-39.69124365198078,138.94051426597304,714
IMG_05990,47.81665078452133,-85.48638195410103,397
IMG_05991,36.0933707992551,-114.0456147841384,591
IMG_05992,44.30547253017684,41.48442049195745,418
IMG_05993,-24.33245233381362,-43.82978327612318,721
IMG_05994,34.39272947359487,-117.55343150417724,307
IMG_05995,66.22035635915859,-121.84978710231442,735
IMG_05996,66.05001886275153,19.464427517930343,807
IMG_05997,41.67660060976976,-117.8776891943331,854
IMG_05998,-18.854714040814343,119.96685029704184,793
IMG_05999,62.64541606698788,30.863002645775964,288
IMG_06000,-8.438975417744501,-79.18870216876412,528
IMG_06001,58.4092230238445,69.30457928625583,228
IMG_06002,49.84151652231327,43.749355430868206,794
IMG_06003,-20.887513739560788,-40.5785945112352,298
IMG_06004,-34.065534586738615,-52.919094338874416,392
IMG_06005,56.62469691533224,25.87612004589593,451
IMG_06006,-10.756857986047748,106.25646554677604,346
IMG_06007,34.92323167574055,-87.36574718073953,139
IMG_06008,60.96327648065824,105.13221154368324,977
IMG_06009,49.90298783084134,-115.4074542285004,227
IMG_06010,56.71044524984771,-103.20121485510072,583
IMG_06011,-10.941233400407183,17.912180548250973,780
IMG_06012,55.13603949100681,-106.77108720677508,417
IMG_06013,47.98723756996014,17.188243447576184,605
IMG_06014,-37.516911304510046,151.11927439416468,263
IMG_06015,48.99285070826906,42.87536316207829,372
IMG_06016,-35.39110999906951,138.85789417545425,706
IMG_06017,-19.2078960127472,-75.25207208535915,416
IMG_06018,55.95405772568336,-113.91758509612606,151
IMG_06019,46.159150856246896,-2.555584775706393,164
IMG_06020,58.28929941287339,26.23489356286393,368
IMG_06021,42.19257028823941,-109.63194977384867,592
IMG_06022,-16.64090174305963,-139.69482023488789,347
IMG_06023,61.92619707717808,28.190886219971134,992
IMG_06024,-12.835904620504238,166.2672381642929,330
IMG_06025,57.07428005648114,74.04271858180766,569
IMG_06026,-8.876778600223787,31.96890636828172,79
IMG_06027,57.57376291125127,71.91318272143928,228
IMG_06028,-29.025050028409893,118.66365114530264,670
IMG_06029,-21.35367587905212,-63.24288370426794,910
IMG_06030,36.04682509293799,1.2793714532793103,213
IMG_06031,43.59987124253911,112.12567943192244,6
IMG_06032,46.49350483653245,-93.11910950915792,108
IMG_06033,-7.761019687203174,-37.14604335864567,557
IMG_06034,-0.2212672085472888,-78.09784296715041,741
IMG_06035,47.39393332741389,7.013716482931244,381
IMG_06036,-15.345747140506916,-72.5429484079587,924
IMG_06037,41.90432519214119,1.5957926752513174,607
IMG_06038,-16.948892051583925,-49.17605856708349,869
IMG_06039,-7.29497809724694,-47.581255183247066,352
IMG_06040,55.69671379539116,20.654887960247407,646
IMG_06041,50.60844173689486,40.71279334343518,105
IMG_06042,29.02081284451735,-106.25959733672408,725
IMG_06043,50.76427005131006,85.04693543251511,92
IMG_06044,47.59256077993968,-125.04034945988562,319
IMG_06045,-17.55924081927097,-60.6164932618167,715
IMG_06046,52.25719414341876,-132.27282365858682,551
IMG_06047,12.889788984640036,44.40532203991728,862
IMG_06048,51.72486581644651,29.25728052027506,13
IMG_06049,46.50498350193868,-101.4500781133254,526
IMG_06050,-28.999000515023425,-68.72177015670016,310
IMG_06051,-29.15692530067504,117.7333579833254,509
IMG_06052,28.51805221013589,-110.13803902958082,899
IMG_06053,-23.20187487872502,28.343042126880107,712
IMG_06054,55.33773847363696,2.655563007538348,488
IMG_06055,47.833701103759694,5.123101576464791,381
IMG_06056,28.330347749786995,-86.34945306155564,234
IMG_06057,26.813747590888823,90.82734010269913,697
IMG_06058,-4.504812323025305,28.457199906957044,398
IMG_06059,55.074920466453705,-6.087544640022372,248
IMG_06060,-34.81862062898286,-61.31051545419777,439
IMG_06061,52.87937724728465,-123.72865364582223,536
IMG_06062,-29.347906817350747,-67.73767781810724,310
IMG_06063,51.57481904345593,69.11612793029127,564
IMG_06064,32.05285668224072,79.2497865516525,112
IMG_06065,63.11474789249763,28.15488416925359,992
IMG_06066,56.29113303654154,-112.7989784443814,151
IMG_06067,27.88386675298125,94.29854716019211,419
IMG_06068,61.29886178802434,11.89265246222925,121
IMG_06069,48.49170498236356,114.08500808111984,393
IMG_06070,67.05438226507505,15.812366433207274,622
IMG_06071,-4.726685245996833,-36.98306291366157,344
IMG_06072,61.04637993855002,31.394189747581837,57
IMG_06073,-6.876857629951843,71.32816678641669,95
IMG_06074,-42.27470848007039,-70.46361394708099,109
IMG_06075,43.07853134535921,-111.777263932394,973
IMG_06076,48.85450140890055,98.94720444282746,493
IMG_06077,26.67098422938753,72.73109583996148,879
IMG_06078,-16.579403714843536,-65.12876990277914,468
IMG_06079,-10.142870274130246,100.1781595123722,887
IMG_06080,-27.141025649664265,-62.5648199280534,683
IMG_06081,47.016937824516106,110.79964101873009,393
IMG_06082,47.61247511957004,68.56219406282418,336
IMG_06083,36.7006317567834,42.94975893873476,217
IMG_06084,6.9035218348183065,37.06828568941265,864
IMG_06085,57.2762373508246,-122.18925393171168,113
IMG_06086,40.81219950766408,-115.36901259342945,300
IMG_06087,59.905647620657646,-131.45138014198417,800
IMG_06088,-28.56253125733513,151.81613527504803,35
IMG_06089,-24.81825468826352,-60.62879138984803,222
IMG_06090,33.15581270530255,-119.50647156946212,474
IMG_06091,66.53019015553673,-95.03135149768411,964
IMG_06092,-19.699727098244693,113.50388317645798,986
IMG_06093,-7.102532842773826,-38.51197410391384,557
IMG_06094,-29.593679743051183,-59.98365840932469,810
IMG_06095,-29.333356892241056,-47.77941709149317,294
IMG_06096,-17.66501256555354,135.7701482055278,658
IMG_06097,46.48894259349939,77.27699945207917,14
IMG_06098,38.60186289425221,-97.13015114533778,708
IMG_06099,49.37024164968386,-120.2488487863398,242
IMG_06100,9.384723145471298,39.440181576245294,192
IMG_06101,45.782789705369765,-8.144822560920773,903
IMG_06102,-2.5556716139097944,-60.23133535553566,207
IMG_06103,26.93890984133,76.38296077738119,268
IMG_06104,37.19357363654339,-1.0036200044380903,727
IMG_06105,52.46330030083831,8.447125675921086,145
IMG_06106,10.320623305778623,-1.531675235830278,295
IMG_06107,69.93132621061636,-123.7501539909523,923
IMG_06108,-17.472488239869165,-55.23734393367705,476
IMG_06109,-4.42843969770513,-54.44260103443887,456
IMG_06110,44.02394162787911,-86.83428792802746,32
IMG_06111,56.31902474075855,35.21736714794446,279
IMG_06112,47.82912756944097,90.22580270485844,449
IMG_06113,55.18977076934482,0.9460422505573548,488
IMG_06114,56.01238781874167,73.81295625173846,569
IMG_06115,-31.047745560014448,16.96321765192451,732
IMG_06116,61.278520157559655,26.080556716461444,811
IMG_06117,42.73217141091968,-95.6045985379005,751
IMG_06118,57.33300862129073,64.29470298373832,556
IMG_06119,-6.138985934301417,-49.02100381081161,352
IMG_06120,62.255061901237184,75.58714621834054,435
IMG_06121,10.342342215165983,3.363615814082607,929
IMG_06122,-4.880517325385412,32.27433402118007,237
IMG_06123,6.1948876925901,7.312671998146072,183
IMG_06124,56.67790894636809,65.61441705107148,878
IMG_06125,39.61453234170321,70.72100218104524,834
IMG_06126,-28.83039104216876,-60.75629808007233,683
IMG_06127,-28.15349707797144,133.4466401026163,816
IMG_06128,49.68576128956656,89.27799459402792,740
IMG_06129,45.911589407015015,81.21365796191822,656
IMG_06130,48.86634041533526,92.46049026465728,740
IMG_06131,56.76819451779437,39.07850552557406,412
IMG_06132,9.20862855845614,2.6848380083214067,929
IMG_06133,-28.953908944926155,-49.6344676402876,545
IMG_06134,69.18545484829389,-133.65524698216834,162
IMG_06135,31.5926704256035,-110.68526744804444,225
IMG_06136,-24.2848216856888,140.31400987721122,128
IMG_06137,65.392656772615,21.675053823076382,807
IMG_06138,49.2789980863416,-115.78483464399336,227
IMG_06139,44.56811495182524,21.863099875689443,120
IMG_06140,-25.468285896271794,27.182460504824604,629
IMG_06141,50.491787166157394,42.595142523092335,794
IMG_06142,68.37095481745297,35.73494034478665,494
IMG_06143,36.14528782207367,13.253555599642652,920
IMG_06144,-25.53711457012072,-47.17664221911082,356
IMG_06145,56.120595680527,-5.263108707722012,988
IMG_06146,41.66611019680244,42.54206024789022,25
IMG_06147,53.31419205127017,34.427161055105415,131
IMG_06148,-4.63657065974715,-63.39313037573257,745
IMG_06149,44.31424393511122,-94.69701063801504,376
IMG_06150,61.20894178347476,43.54485598696306,195
IMG_06151,9.258957020226871,-14.025049453582255,335
IMG_06152,59.14239271665707,25.375792219149417,368
IMG_06153,46.72546288344256,-124.42549466216856,639
IMG_06154,-14.323714342970176,-45.77407168663194,229
IMG_06155,43.15994774773,-120.44453572341745,447
IMG_06156,-31.91654489278477,120.22656788701283,31
IMG_06157,64.09421429571154,80.35684963892265,301
IMG_06158,-19.051506508617507,138.3271395771833,709
IMG_06159,60.21962568676776,-7.964667854292429,642
IMG_06160,32.1508166735708,79.49602696857642,112
IMG_06161,36.10861704934186,-86.09816271639878,139
IMG_06162,30.36550849066353,-85.51317445895711,234
IMG_06163,-13.605147424856868,-37.85724959986024,588
IMG_06164,14.41212918656568,-16.49928518282661,649
IMG_06165,48.71181366444978,-123.55854437382337,319
IMG_06166,-22.443730491586194,24.90974667220766,886
IMG_06167,-0.244291625850991,-44.46755367907417,902
IMG_06168,36.01795754275837,17.3308932250996,849
IMG_06169,37.27835038366959,-99.23046822704262,708
IMG_06170,-23.88699574439505,-65.18643199094527,343
IMG_06171,54.04981416201463,-127.54402266458573,224
IMG_06172,28.57037894719258,-101.59003688580236,580
IMG_06173,10.891556239411043,121.55459839564467,905
IMG_06174,44.39704065971432,79.93496628539907,299
IMG_06175,43.90236082634419,-114.25701654442886,973
IMG_06176,69.96898683244913,17.715900652628335,297
IMG_06177,-5.455324611767964,105.0505445069678,504
IMG_06178,70.0826366351998,38.3145686333109,933
IMG_06179,-22.791553940985125,28.963834602185443,712
IMG_06180,56.07467967642589,12.368308190615494,60
IMG_06181,43.67743077410407,79.52678629580055,299
IMG_06182,45.16628804925821,14.673935631253784,674
IMG_06183,57.24961019779164,8.248068422835587,837
IMG_06184,-26.04293629479234,-60.92144504586419,222
IMG_06185,-4.818573951282133,-61.68225011202617,745
IMG_06186,56.11142507639971,-130.76339011592435,582
IMG_06187,60.8203282742212,23.569006594228483,166
IMG_06188,-23.885676125543757,152.4724688058169,689
IMG_06189,-22.246669043084665,-62.39651750480482,910
IMG_06190,-20.68105657075165,18.534792979634236,538
IMG_06191,-19.47670282314705,-47.07137814458375,777
IMG_06192,47.10030656943678,90.4294233331998,449
IMG_06193,-3.4478361976927943,-62.06934489551365,455
IMG_06194,-16.812274407368875,-68.87358968227393,358
IMG_06195,55.07787933572016,112.92082980393764,399
IMG_06196,51.20127133753226,101.98591173253442,930
IMG_06197,51.94797780991115,79.12595662147356,496
IMG_06198,-4.329142781868256,-79.2958149495614,525
IMG_06199,41.34827314044787,22.54622960938687,342
IMG_06200,0.4924509254507825,-73.01369422134451,360
IMG_06201,63.78646877393547,15.191128430181408,597
IMG_06202,49.32907230681295,92.13045574966787,740
IMG_06203,-13.490572731178844,-49.70730914553306,506
IMG_06204,56.26572380014534,38.36481683156592,279
IMG_06205,45.63432907310482,94.5738634916206,37
IMG_06206,62.60965128197509,8.734626225717989,791
IMG_06207,53.02802208524244,15.788675112516074,278
IMG_06208,49.12857397109684,39.43954189569217,372
IMG_06209,51.860750717899776,-127.69047483565352,93
IMG_06210,49.89728850897416,-123.74215250674828,783
IMG_06211,-31.31566615337965,153.65832900477955,523
IMG_06212,-7.376003727704997,-62.81503171438456,247
IMG_06213,-34.26791163857715,24.522027277731357,876
IMG_06214,41.9716513553056,-95.24996701614842,751
IMG_06215,41.04771253210703,-7.694555534432368,337
IMG_06216,-39.715680441305565,-67.35832545889016,710
IMG_06217,44.02917898015221,46.35419928536626,180
IMG_06218,59.78108317064874,85.10452211781296,753
IMG_06219,-25.2264306191928,-75.01941492562369,174
IMG_06220,-1.549769897059491,-55.87087255008473,760
IMG_06221,58.86520011716766,-122.12126003963976,827
IMG_06222,43.17135221410064,-119.0965831316142,447
IMG_06223,64.96224393355814,40.44751624991156,463
IMG_06224,-10.488362300838162,-76.1825673605308,679
IMG_06225,-40.76284710505588,-63.998192211614,103
IMG_06226,47.59239025549172,-88.69953002262517,500
IMG_06227,35.16833400134841,10.218694221085173,490
IMG_06228,50.41877817560024,97.87908508821296,963
IMG_06229,0.774090949923675,-83.63213264846442,370
IMG_06230,-17.469257942120095,16.485709712631177,808
IMG_06231,-19.6364558380382,-41.08182562819261,106
IMG_06232,41.928394443593135,-98.49874272205068,175
IMG_06233,51.7784316576074,31.03253962707953,13
IMG_06234,39.00339946948833,-84.68333290799623,932
IMG_06235,62.14200595746149,15.568989253259332,571
IMG_06236,50.966918023356186,-110.3415945197622,641
IMG_06237,-0.0179692183890267,-56.01205112624682,375
IMG_06238,-36.3473461645396,119.00935357682698,949
IMG_06239,-8.152928574844879,-43.939495805051536,163
IMG_06240,5.809085861062201,39.3245469194986,519
IMG_06241,-15.532053512887728,122.11509021368876,253
IMG_06242,40.9513168139577,28.313063725260207,590
IMG_06243,65.41488956378171,25.731851766615332,503
IMG_06244,68.33307095325637,25.73199739857563,680
IMG_06245,-11.061094823963856,-54.561388391635575,306
IMG_06246,55.74142364099589,97.2733866558201,755
IMG_06247,13.658373707283031,28.183022384036065,948
IMG_06248,59.60069634340033,31.80068776747777,57
IMG_06249,44.6279529734845,-120.89525752510372,447
IMG_06250,43.69066808854228,-4.052891468346303,685
IMG_06251,-19.583146310630568,140.8129382315306,709
IMG_06252,-20.144041403289464,134.10532051250038,161
IMG_06253,56.2392400524098,-117.28624208202964,937
IMG_06254,-30.173685195811444,-56.55174596563416,155
IMG_06255,-3.1043592110983127,-46.98973113917162,743
IMG_06256,27.102070979613018,80.7676478291695,24
IMG_06257,-28.58690555715428,131.7092413324445,816
IMG_06258,45.693217953770414,-1.793684349493731,164
IMG_06259,-12.20168417909261,-46.08466810313013,702
IMG_06260,35.35954926767607,-84.99487667629683,898
IMG_06261,-29.41381940188521,147.2019425020481,244
IMG_06262,49.68791801402935,-5.717424172389514,498
IMG_06263,-37.97119278164588,120.9348591377472,949
IMG_06264,-29.747784322394665,31.66793155201233,467
IMG_06265,60.36286695639012,42.78337063922163,195
IMG_06266,-19.73962222960661,24.355804133029835,219
IMG_06267,42.25897886920387,74.92875116355816,157
IMG_06268,46.71900557218317,109.9279886202438,711
IMG_06269,-4.768152265104533,-60.64739187461244,840
IMG_06270,62.95770821355572,-124.4604732070622,50
IMG_06271,41.93170386720891,-3.1117544205216063,142
IMG_06272,-19.82894429697346,23.912865132232128,219
IMG_06273,62.19564951603815,78.77042361664729,589
IMG_06274,47.71075432411823,39.02598687771589,700
IMG_06275,-35.255524207963525,148.08294798256475,546
IMG_06276,7.859768933277934,-58.68235575714982,508
IMG_06277,49.30050277982065,34.6200812550353,262
IMG_06278,5.827973005493462,-8.048857509784682,838
IMG_06279,64.16387562810746,76.43682425402375,839
IMG_06280,48.80858567989645,1.092838607592881,340
IMG_06281,10.164003234059107,10.504173390282888,742
IMG_06282,26.617265642555324,-114.80376722484256,353
IMG_06283,48.98716377312536,3.8047537438188215,946
IMG_06284,-43.19081022469565,149.59295872286083,906
IMG_06285,45.87808227713373,11.995024211952623,674
IMG_06286,34.317057983250464,-115.8574346149203,307
IMG_06287,51.53361180168659,65.51596626097688,564
IMG_06288,11.925783023124067,9.703066833845412,156
IMG_06289,33.52257413720369,76.04917945241107,511
IMG_06290,-15.459515796153651,29.344939498321736,947
IMG_06291,62.94490058830334,114.07950077662974,194
IMG_06292,-21.399228822868096,-58.67831875353679,46
IMG_06293,54.03231317503622,-98.085645216004,239
IMG_06294,-14.08665782998051,-60.00074591708395,581
IMG_06295,47.68430742458713,-3.899909324934754,534
IMG_06296,-17.690011918243187,-47.92855580956808,7
IMG_06297,-37.36749029677219,-37.91962854515964,274
IMG_06298,45.56189172887713,75.29433762793778,974
IMG_06299,-19.42580742474948,-59.989621234271,715
IMG_06300,-20.96807916690547,-40.94365783702338,298
IMG_06301,35.656065412552465,-2.9360777080624416,366
IMG_06302,64.85998411173784,71.09951834074235,48
IMG_06303,34.29718929098502,-92.13141950901677,918
IMG_06304,53.38273982165123,-122.25335649829609,536
IMG_06305,49.10984694158429,71.73076112869677,264
IMG_06306,46.91892678558512,-104.36753306602998,526
IMG_06307,64.52244867127027,38.61790127265638,463
IMG_06308,-3.667307032219142,31.287944147987616,237
IMG_06309,43.07948750806415,10.647920785687234,17
IMG_06310,63.533919938019295,2.8596991536855114,791
IMG_06311,-22.864131365825045,27.06935808059086,886
IMG_06312,48.978966854671455,113.77840275825918,393
IMG_06313,-18.952558128103465,53.64616936570542,97
IMG_06314,34.57972816527628,-120.8694047091778,761
IMG_06315,48.88733725244032,101.57703658558091,85
IMG_06316,49.86022518639635,28.72793353386342,688
IMG_06317,57.98359351395783,18.556394413319964,915
IMG_06318,-18.793682206476035,-51.72448682841352,969
IMG_06319,38.75914145497888,-86.15241409394027,932
IMG_06320,-4.35371732415058,-41.641835968139645,22
IMG_06321,50.45037156633373,-116.33230289760174,650
IMG_06322,-27.896911534195944,24.90902928007924,62
IMG_06323,61.657336435408325,12.411440507971632,121
IMG_06324,38.3361820978881,-104.34357547374084,345
IMG_06325,-12.09683692381428,27.32998754079489,63
IMG_06326,40.15816387459444,4.978820139162849,953
IMG_06327,36.86633935130848,-111.372419094224,179
IMG_06328,-18.63964554134506,21.946134582014366,621
IMG_06329,38.16272097985987,-8.499669964033899,457
IMG_06330,-27.11420617215944,-31.698088741389768,994
IMG_06331,39.50067146499271,-8.467401039884976,337
IMG_06332,40.412087478098414,78.44077315438653,909
IMG_06333,45.59556657289005,-107.279867758093,993
IMG_06334,-18.65815899581891,144.7237196335218,871
IMG_06335,2.4887004583209063,28.98985876620989,560
IMG_06336,-4.660961603603596,-73.94279357244022,676
IMG_06337,47.573469209284895,41.79480622808313,750
IMG_06338,43.16092570417038,-101.9777452591423,430
IMG_06339,49.36814201346624,-95.26460420899453,693
IMG_06340,-26.64408019956449,-54.38801405649865,233
IMG_06341,63.82980220780857,76.01932001803027,839
IMG_06342,7.726634669417166,-4.071158410368895,200
IMG_06343,45.35402967655656,38.65757152031091,925
IMG_06344,1.1520472583171395,-79.76700051807934,169
IMG_06345,35.544006028900355,11.920528748959155,490
IMG_06346,-33.085168766050955,115.91656275536718,238
IMG_06347,60.60596906107429,37.34581961321203,554
IMG_06348,35.1124816533776,32.80348303188464,173
IMG_06349,55.69909681926251,38.25303908998046,279
IMG_06350,29.327229690293365,91.98495416683778,87
IMG_06351,-25.67996610623933,139.33942183230658,128
IMG_06352,59.11184053528399,82.54858754712643,203
IMG_06353,66.02310178319934,84.80829007790732,746
IMG_06354,63.73718479193366,28.764331684910843,992
IMG_06355,-41.56407450322213,-80.05909699973866,573
IMG_06356,47.82512214654227,14.2181696080128,201
IMG_06357,63.99397384041095,41.02988113601751,463
IMG_06358,50.5122090693921,-118.2608891549855,650
IMG_06359,69.16766057266818,-132.3311683580089,162
IMG_06360,-29.632786961024465,-70.44145401622782,462
IMG_06361,58.05079762122176,21.12315385703539,856
IMG_06362,62.63176910555063,-8.074931196306665,884
IMG_06363,62.96970018827602,39.94953927725746,463
IMG_06364,-36.2782713888449,-65.94044156614271,196
IMG_06365,-13.864175328261725,-71.00116151023833,98
IMG_06366,56.60531490979645,-102.8520589759156,583
IMG_06367,-25.520960088820985,151.15121918434534,689
IMG_06368,62.47331093320776,25.38148588697362,364
IMG_06369,-4.695511132505544,-36.396917641434726,344
IMG_06370,62.81367303831098,-98.20826079342928,870
IMG_06371,54.32526289938329,-84.93751063046054,814
IMG_06372,11.746462281378117,38.21815939356685,77
IMG_06373,-28.413201672150407,142.00006808423353,643
IMG_06374,34.366660376440606,-91.72839051550122,423
IMG_06375,48.99844690773719,33.13005832141249,414
IMG_06376,-26.23255324224468,16.927504599665042,100
IMG_06377,-31.387694705008958,166.9609244220572,784
IMG_06378,37.88705345482013,11.964450196730724,5
IMG_06379,28.745646626629096,90.22638094112165,87
IMG_06380,38.95304483919426,-95.57643864647255,635
IMG_06381,7.680214962046335,40.24948333833305,519
IMG_06382,48.57790302618338,-109.0525458727944,821
IMG_06383,53.23796963670256,-131.74452682639492,551
IMG_06384,52.18119768520927,82.73105306392506,998
IMG_06385,47.94661898682301,-88.17962909497122,500
IMG_06386,-15.06760229450272,-65.71471430811921,468
IMG_06387,-8.519070563291606,-39.914519147368765,603
IMG_06388,22.005828519357195,91.8128241065885,313
IMG_06389,-14.84503994258064,-42.106284216444266,66
IMG_06390,61.54562146360976,19.749894033378357,571
IMG_06391,-14.139479172709445,-38.45202296086581,588
IMG_06392,6.716874289621245,9.32750470685852,84
IMG_06393,-26.965209193655724,27.506857477321205,587
IMG_06394,-14.70896134469777,133.38473622427625,453
IMG_06395,28.246901918489755,89.7572127391532,87
IMG_06396,15.012918059465576,1.1021790935558613,483
IMG_06397,-6.027899347019471,-72.71208549753032,130
IMG_06398,-2.337806568049899,29.337280696213128,904
IMG_06399,58.725856947256176,-4.000073045007497,901
IMG_06400,6.419444961812488,37.24826006181462,864
IMG_06401,53.32448930658751,-86.97909581676825,361
IMG_06402,48.09303358915105,99.51027371914232,493
IMG_06403,-41.473082629480096,136.85142783206072,714
IMG_06404,-4.074762750700415,29.03066319655096,398
IMG_06405,47.7542549073458,-1.4361788686837826,534
IMG_06406,49.02476237918489,-119.82399647892936,242
IMG_06407,5.408948254234119,37.48060937356544,864
IMG_06408,60.75723494226844,78.58189401340428,589
IMG_06409,-18.519571092698072,16.029883389066896,808
IMG_06410,38.48516365023693,-114.15991467726448,796
IMG_06411,-29.138075765306752,-53.89541983203996,602
IMG_06412,44.15206776747786,27.012385326046317,236
IMG_06413,39.97325140497208,21.97777770697684,436
IMG_06414,48.09994303338058,37.698870300672525,262
IMG_06415,-11.92682096313277,-47.17736025875371,515
IMG_06416,59.77321600104705,93.6044745824364,20
IMG_06417,-12.312259769260464,-57.75402406738412,610
IMG_06418,-38.665136689089074,-57.36535146552552,928
IMG_06419,63.80660479308966,16.980105109308397,21
IMG_06420,53.226274978611485,-127.16369146527308,224
IMG_06421,39.62836588517419,41.314386063770655,717
IMG_06422,61.21820415250181,112.94443922337882,194
IMG_06423,61.17597362818765,-126.02049979730928,600
IMG_06424,-22.54084352210093,115.77908072663467,146
IMG_06425,45.7019197886554,26.396379397398704,236
IMG_06426,35.337255351470745,-9.104092958272789,457
IMG_06427,48.19294625068852,-109.52592594564722,821
IMG_06428,3.245778028626546,125.37340125649696,936
IMG_06429,-9.914833123833889,-69.04912651194387,148
IMG_06430,39.553483253402135,-104.14250408134282,115
IMG_06431,38.5859216007629,-117.96217061845935,96
IMG_06432,57.89350829989422,-113.01442492603348,151
IMG_06433,-20.24426988677581,137.97903149552943,709
IMG_06434,-22.557535172217456,-84.2048726741279,357
IMG_06435,-22.261698476712183,-44.354621704810086,284
IMG_06436,-22.93446882801689,29.294199530874096,712
IMG_06437,-2.170188795366883,-46.18146914116053,902
IMG_06438,42.56895260289758,40.86244047517704,25
IMG_06439,59.68995048244494,-0.7821463226958087,766
IMG_06440,46.69727488286691,-120.63186981725016,19
IMG_06441,43.871512431861305,45.938953412539234,180
IMG_06442,-17.052815371115003,-65.68801913971353,468
IMG_06443,-19.964385936791885,-56.562890073922034,46
IMG_06444,-0.4089776919988424,23.37206924277575,738
IMG_06445,54.597365447816514,95.2363279996527,914
IMG_06446,43.59372598490103,3.3014849355124056,757
IMG_06447,53.013564139769386,106.21453453945496,669
IMG_06448,70.58032148179436,29.248106475159773,123
IMG_06449,-15.60306885638343,-45.69578514722048,790
IMG_06450,-26.41360313563583,118.55976403244324,752
IMG_06451,59.644660911064,17.071680684121816,354
IMG_06452,56.3977521144584,20.21072657127721,646
IMG_06453,29.773204166108897,93.92524216648076,419
IMG_06454,-24.3230970050827,154.04518374106908,689
IMG_06455,64.9808370275139,112.8400206986613,194
IMG_06456,45.50715033269304,-103.71531769547224,993
IMG_06457,47.17306950909244,-84.07414277744887,397
IMG_06458,66.69432246989447,83.95711042178277,746
IMG_06459,-12.149462244057773,132.65576321116873,26
IMG_06460,-39.92842094041468,-58.83331171676366,928
IMG_06461,-5.111620745801687,-61.27728438278295,745
IMG_06462,65.64230375,28.311045967248333,75
IMG_06463,-27.936066239938903,-55.984430229354615,602
IMG_06464,57.8617928433768,26.37990769296806,368
IMG_06465,-1.00727332330149,-42.422145700288354,421
IMG_06466,60.70145470364256,22.35612805652977,166
IMG_06467,52.720639824620434,33.949325323526296,604
IMG_06468,-30.326289299859525,-67.81325306531708,310
IMG_06469,27.404482680350043,-107.53053280699248,725
IMG_06470,54.89176261525199,3.189455314062087,488
IMG_06471,-22.11503097085219,-63.64201700569676,910
IMG_06472,27.81996069831871,95.09129220722564,419
IMG_06473,-14.429216997084112,-47.83323102230901,229
IMG_06474,-29.22127938851732,-66.81578592179397,310
IMG_06475,-33.179666768493675,-59.76519826542148,806
IMG_06476,-13.89492260259155,-69.65501762580175,98
IMG_06477,-23.320720181384104,143.03016545257776,348
IMG_06478,-2.2780407130818787,-78.19319657339511,64
IMG_06479,40.73631920454196,12.94988590238586,985
IMG_06480,38.83954460207795,27.674184541442628,56
IMG_06481,63.46815295164188,14.634622052622774,597
IMG_06482,-4.402145973354124,-41.92614854644248,22
IMG_06483,47.32904436464429,98.06238175233608,493
IMG_06484,30.169408510223636,-106.31245087366854,725
IMG_06485,-10.449057729887784,49.1848385890101,996
IMG_06486,-18.911743058200216,22.8289461557072,621
IMG_06487,50.44575834508928,103.398584488724,85
IMG_06488,26.56112867577518,-105.77533972988572,38
IMG_06489,41.67443483588804,-108.99827542540643,408
IMG_06490,54.3374463890994,30.07619002329432,960
IMG_06491,-17.858835183256005,27.76421014939109,122
IMG_06492,-35.3963639946906,141.99978297463338,908
IMG_06493,-28.02092862238011,-56.10140423666765,602
IMG_06494,48.70353065908802,78.47309943898,14
IMG_06495,52.62000936139623,-106.81932863044896,847
IMG_06496,50.993176042766265,24.445604876959067,383
IMG_06497,32.457022641551944,-95.14953157319968,127
IMG_06498,50.31873573590411,39.72919404550595,105
IMG_06499,-31.624028656596124,-60.95493844955895,318
IMG_06500,44.180761857521134,-86.29498833866646,608
IMG_06501,52.7215006001984,-10.94427605957506,912
IMG_06502,50.286918383620815,28.110249713783247,688
IMG_06503,-9.317945725345368,-66.11796929065721,148
IMG_06504,-30.283061275847288,117.68035483965063,509
IMG_06505,35.99965298365068,-106.73941423626016,47
IMG_06506,67.24386278525827,74.55987176232338,431
IMG_06507,-7.734916664837101,-77.62787543269965,528
IMG_06508,-43.66131104667697,-69.53439230174814,907
IMG_06509,-25.16420168949081,139.22071905147027,128
IMG_06510,-21.116553692643578,27.07004786259404,413
IMG_06511,52.36068649826496,-113.62817028113652,351
IMG_06512,52.765879510227,105.94850242163386,669
IMG_06513,44.6533966021766,6.672769270610047,686
IMG_06514,-21.8113281971645,133.34113730185993,271
IMG_06515,56.784669522019584,70.7794928251225,569
IMG_06516,-2.479038132965286,3.399601118246096,317
IMG_06517,9.21486343229327,38.58484930014811,192
IMG_06518,-16.838712661268772,-47.76674480959127,790
IMG_06519,61.624963808690296,-132.74216013480333,231
IMG_06520,29.92652122904228,-107.2906403089317,725
IMG_06521,42.32461754453516,-6.803542577542032,565
IMG_06522,-15.936160572482263,-61.50476563071474,715
IMG_06523,59.1859554735382,-108.11351861555518,733
IMG_06524,46.44463184359103,45.53611300581122,707
IMG_06525,-5.898516137744636,109.3967261842712,153
IMG_06526,45.94524746999952,-118.08488804665431,19
IMG_06527,51.197540228316086,87.8390017963307,92
IMG_06528,53.11447688525405,80.9559638088723,998
IMG_06529,-15.82390964835696,49.36888326564417,97
IMG_06530,-3.5224958373921997,-64.82433852493232,455
IMG_06531,52.19997908833133,90.09304078675206,246
IMG_06532,-25.977724495623505,-65.5958350668415,620
IMG_06533,38.9348445042005,-117.9348534850837,96
IMG_06534,63.228320871255306,18.47043430423304,21
IMG_06535,-3.4764241116339463,29.784666704250697,398
IMG_06536,-1.4031715462291174,-81.33027115780055,553
IMG_06537,-0.0416638736151924,5.426530433291049,317
IMG_06538,52.37721724374657,-95.45690859661664,448
IMG_06539,28.56557277582786,77.25035193323532,978
IMG_06540,29.623149133780032,113.66626735802453,434
IMG_06541,-18.71438776492253,-65.83921455453299,842
IMG_06542,54.43028735919083,109.25336630457628,669
IMG_06543,11.441934827527804,-11.202525635721004,942
IMG_06544,-20.409790153192237,-69.66719709562581,51
IMG_06545,53.58936545044452,13.220530327799793,644
IMG_06546,38.33290785625735,10.9453969884068,489
IMG_06547,51.88977717338173,-114.45792745539792,351
IMG_06548,33.03973840620796,-122.7158652873026,74
IMG_06549,-10.001164993386254,-69.6823135985347,459
IMG_06550,65.27551555846927,66.54616548264875,584
IMG_06551,-20.10029952243656,-67.08656566085324,842
IMG_06552,60.64344491343479,79.12147937863386,589
IMG_06553,-20.1125053194278,54.70317293255843,58
IMG_06554,-16.760269592168896,-61.42504555790208,715
IMG_06555,30.1827090004666,-95.84237417309603,529
IMG_06556,30.877219473228408,-90.07304972597572,637
IMG_06557,36.821611089307225,70.98324531163152,411
IMG_06558,40.12029216580285,-89.64087455197254,852
IMG_06559,13.06628163873431,29.56801446470357,803
IMG_06560,-26.18381764170956,25.546521995685737,62
IMG_06561,65.67287264481104,76.00843200560524,839
IMG_06562,-8.615728005333722,-42.1725565162696,603
IMG_06563,-0.1144983956011884,-73.37941512453001,624
IMG_06564,66.83631997490971,14.06533131445849,622
IMG_06565,-17.03229496083665,-73.33789031865832,924
IMG_06566,39.07234490964476,27.30799686260312,56
IMG_06567,55.70470825548034,113.3714061053388,399
IMG_06568,-9.400351346682529,-74.42467425524399,679
IMG_06569,70.72344559357197,-115.76928203694077,923
IMG_06570,70.47339337939619,11.929060466863518,626
IMG_06571,60.543892830004864,-116.00665083785672,276
IMG_06572,-16.193388190876874,-61.13769750741047,715
IMG_06573,61.25622471329382,42.774973357075055,195
IMG_06574,48.73568213169386,-5.800881906582447,437
IMG_06575,-15.927893947611352,-49.75863319203938,869
IMG_06576,-20.61286587967477,-63.59401728135092,143
IMG_06577,39.93535579931128,11.370310991610893,489
IMG_06578,-11.807224091149152,32.24273065502243,464
IMG_06579,60.64989074053318,67.84914363685698,290
IMG_06580,60.42047610942933,34.375394136145474,554
IMG_06581,61.89052018848918,29.132449242600927,992
IMG_06582,45.241748555591045,66.88180695727226,739
IMG_06583,-17.9296866868562,-62.37330003049294,715
IMG_06584,63.95445972700247,32.90745943508455,288
IMG_06585,-9.592917248392157,-69.0282098996026,148
IMG_06586,10.866080131379732,0.5809476444265442,295
IMG_06587,-11.063345911756995,-49.78299119334207,891
IMG_06588,40.673870695283966,19.64162875750023,436
IMG_06589,57.11542822550592,103.4735847748064,61
IMG_06590,-13.34348222952896,-54.90414924618656,612
IMG_06591,36.78648446452988,129.8663853858887,829
IMG_06592,61.82004056423051,20.90095068149745,166
IMG_06593,52.32859862402387,44.77407835454429,260
IMG_06594,47.37615033448572,26.526575582632148,692
IMG_06595,52.41539152391667,39.06243494964539,59
IMG_06596,49.60368534967367,32.79362535563638,828
IMG_06597,-10.007868246874352,121.45155622257266,797
IMG_06598,-22.38390058181878,120.13202174038724,69
IMG_06599,57.64251470345724,10.788442706798804,659
IMG_06600,61.02597069939799,24.63337694341496,811
IMG_06601,-15.828299506796055,-64.18037434668632,468
IMG_06602,27.955467978299524,96.4243759646073,181
IMG_06603,-26.425423581467054,20.67143176018783,314
IMG_06604,8.155923030902443,-80.18838541075445,190
IMG_06605,62.23749303132792,71.00408088021882,104
IMG_06606,45.18393748911376,27.804823579658034,236
IMG_06607,61.75955267281006,21.0317056416294,166
IMG_06608,-31.226014693048956,15.107374353731643,732
IMG_06609,-7.994859822470417,-78.93571975151475,528
IMG_06610,40.2842401318631,42.30597042243099,25
IMG_06611,55.83045804189712,68.9219424978885,878
IMG_06612,65.6493674327051,25.247179951304503,503
IMG_06613,-36.490339148774495,139.59708004020126,126
IMG_06614,-21.85894757248033,123.79321328257193,69
IMG_06615,48.38948912218632,-87.53179681570194,500
IMG_06616,49.07060551927543,102.95839239991189,85
IMG_06617,46.7345048925782,80.85127442574793,656
IMG_06618,66.9779507618997,80.32910649116309,746
IMG_06619,-17.078159248224324,-51.61906364859647,221
IMG_06620,-17.823215356572845,25.854055429466285,426
IMG_06621,40.91398916529124,112.10480032417796,627
IMG_06622,43.2856602236306,3.5365608233524317,757
IMG_06623,43.898109114272415,-4.458439060254278,685
IMG_06624,-26.98962833909601,146.41964696246805,542
IMG_06625,6.362259206740077,37.98876633544381,864
IMG_06626,43.90877826262982,-6.753222640544408,685
IMG_06627,50.01796324937629,19.309407106255605,53
IMG_06628,43.86789215254686,-119.86945285503558,447
IMG_06629,33.008303660383945,-85.65995576227121,579
IMG_06630,-13.914351247258535,118.3947931421378,522
IMG_06631,13.938352311610643,24.83003484032889,948
IMG_06632,-14.58839080289755,-42.874067243662125,66
IMG_06633,48.14657317118241,18.911437834608307,605
IMG_06634,-8.201525187556854,-38.23534222139156,557
IMG_06635,62.38468712509527,24.121855937728128,364
IMG_06636,48.04875193457377,74.25430907253778,14
IMG_06637,42.16707605962222,-3.5253002187440643,142
IMG_06638,67.99288259981361,-95.9203640382361,964
IMG_06639,64.18540618860004,8.097432315738786,791
IMG_06640,-0.0455828733706198,-52.52898962449541,283
IMG_06641,-9.628120740647605,100.17463708807384,887
IMG_06642,66.21936647086025,19.421500760576293,807
IMG_06643,-21.174392339874345,-41.763215112874775,298
IMG_06644,41.85334756279167,-90.9317069333424,188
IMG_06645,63.98399017638883,47.28998507954967,154
IMG_06646,52.132474274912056,110.86399655027289,254
IMG_06647,54.95842843004772,67.03580046276761,73
IMG_06648,55.7550777972574,-121.83996830409605,380
IMG_06649,-10.41105413474436,122.45951538426432,835
IMG_06650,43.18352552360119,-88.89940984214206,32
IMG_06651,32.20255909826518,-123.44907344251814,74
IMG_06652,42.14432596144826,-90.78900546158847,188
IMG_06653,39.45052366224178,10.156944008387596,489
IMG_06654,-13.260141040582369,-41.24996605579207,836
IMG_06655,51.93842851802586,97.15698353196706,593
IMG_06656,8.288374962141603,45.05617340302993,433
IMG_06657,42.73313765229557,-107.02125782750484,592
IMG_06658,66.52862506598473,-121.76270557106145,735
IMG_06659,-14.721599501880476,-58.09511736953257,149
IMG_06660,57.85621461808256,109.6269817885606,981
IMG_06661,13.231849000070367,-16.910649892204674,649
IMG_06662,51.08645630974971,81.97456522881635,496
IMG_06663,51.76084737323077,22.05785601117361,875
IMG_06664,-32.5868466354607,-66.06306831721955,67
IMG_06665,-18.832511289082063,-69.5433324433835,358
IMG_06666,53.38503321614448,47.77407798694239,260
IMG_06667,-36.59550525763648,-70.47161605890611,999
IMG_06668,34.372075486847365,80.56024265070124,730
IMG_06669,11.935171702434872,76.92197164933032,338
IMG_06670,46.13329473578381,-2.890278150254744,164
IMG_06671,26.52743780274345,76.11375956347774,268
IMG_06672,39.85504458237648,15.31379540548133,208
IMG_06673,32.64343328043802,-91.62375100558648,423
IMG_06674,55.33375851626701,105.70490954550336,805
IMG_06675,-19.871953361870865,20.495912865078022,621
IMG_06676,-42.42245595364593,156.47778973821312,548
IMG_06677,58.00072056629216,24.266686578594488,856
IMG_06678,36.83190200256348,-104.0033999019216,345
IMG_06679,42.661244579678936,-104.4761838039206,430
IMG_06680,55.416739829423534,80.18400907270365,140
IMG_06681,29.790832640487324,-91.4009967398087,637
IMG_06682,41.97848444300291,77.19294391039273,518
IMG_06683,65.07346785470227,80.60032192331755,301
IMG_06684,-20.69011940149342,151.54799052423618,415
IMG_06685,-9.278577992982278,106.36839865138931,346
IMG_06686,47.23144864878253,39.82234350454976,700
IMG_06687,69.5338467788811,24.863032727602477,123
IMG_06688,-21.55198728478828,-64.22866276190634,910
IMG_06689,-8.285466383739902,-49.830212216464645,72
IMG_06690,-29.871014712920093,134.97991659612126,513
IMG_06691,-26.13979566870084,28.659094146112864,235
IMG_06692,1.703075771580643,31.493435153831967,240
IMG_06693,47.348709663972784,-2.972962920294151,534
IMG_06694,9.10434087106708,37.565098033620274,192
IMG_06695,51.32114584039911,44.030623599308086,794
IMG_06696,37.84916654764146,12.62932130637344,5
IMG_06697,-34.196313935490075,139.5462322994257,706
IMG_06698,40.57437961151456,17.876138760048093,208
IMG_06699,-23.23515442281092,29.053409570589903,712
IMG_06700,-27.5382427422488,27.087570849196084,587
IMG_06701,-30.28188348699604,-54.40069409068533,155
IMG_06702,-15.65452767330251,28.410238943452757,947
IMG_06703,43.0930268949119,22.98937594059336,695
IMG_06704,54.99834944023067,20.121126508194465,445
IMG_06705,-15.242924728586004,-48.117613250013335,229
IMG_06706,39.13417927490673,-112.9152207456142,796
IMG_06707,54.10429609792601,81.12542285705774,998
IMG_06708,-41.7558751975828,147.03658974490526,487
IMG_06709,-21.71292858926887,-68.3367675421375,51
IMG_06710,4.3569666634539885,-4.243034413686445,444
IMG_06711,16.262819551833488,-4.335401356124464,897
IMG_06712,60.950122871186494,-9.431559778442365,642
IMG_06713,-44.56655381147233,147.6565445095845,906
IMG_06714,44.49426759897528,27.580393014412635,236
IMG_06715,-28.047830133071187,26.293427372002384,62
IMG_06716,41.73927377716436,-87.02291100738407,968
IMG_06717,55.973367751281984,-6.896283429627545,248
IMG_06718,-38.39285645927893,-68.57655200691727,322
IMG_06719,26.37343458411128,91.13639013413348,697
IMG_06720,-9.113733295263074,124.0830736241158,116
IMG_06721,49.82337622811605,75.68629183431611,926
IMG_06722,63.83131572517567,73.5151961884983,48
IMG_06723,37.63287147202746,82.19305344221243,539
IMG_06724,34.76444613344032,-104.38782675698148,632
IMG_06725,-10.325728925828898,104.89322331680432,346
IMG_06726,38.53768154523095,-91.82376892817966,293
IMG_06727,52.88872456567904,-101.99135187615848,82
IMG_06728,-14.592301013374964,-75.997637542393,945
IMG_06729,-24.700123959095407,27.0827726395778,10
IMG_06730,68.73565460207439,28.201408642938134,123
IMG_06731,-24.240593175424607,-58.60690277724592,815
IMG_06732,-34.62251163930544,18.99609360962637,618
IMG_06733,-9.617745996840426,120.83850060110832,797
IMG_06734,-28.11156819294236,-70.42008827684242,713
IMG_06735,10.516818365361855,28.97798307964192,594
IMG_06736,-32.916206996275804,-65.17987842909172,67
IMG_06737,52.91744820824573,-102.5567614659719,82
IMG_06738,39.36569929315348,-85.13481748550375,932
IMG_06739,-26.691728113322235,26.25635599224745,62
IMG_06740,-10.257108266647576,-63.25599004269208,853
IMG_06741,56.95778912605482,10.181717506146526,659
IMG_06742,47.32631609428819,3.518903203261175,334
IMG_06743,53.85025429802931,96.50422097392963,914
IMG_06744,31.1645863141562,77.16561464275469,112
IMG_06745,65.8404063749264,16.82767899127714,807
IMG_06746,-13.610132044142262,29.003485037938844,464
IMG_06747,62.39938865936682,-2.1475098483081183,78
IMG_06748,33.935859328121154,-101.66256378171744,450
IMG_06749,-9.08706138977628,-57.59155185958984,28
IMG_06750,46.44868462734604,81.11333776294441,656
IMG_06751,37.75009673880679,-126.39853322438384,694
IMG_06752,-41.828693571200525,145.63748960003642,487
IMG_06753,36.35307851795629,22.132764703052715,655
IMG_06754,8.417416578323042,42.82776110501578,420
IMG_06755,48.12485064313108,32.50390527329483,414
IMG_06756,-17.78894930808343,50.32313946487997,97
IMG_06757,-37.733978440848055,-65.92641101897738,772
IMG_06758,5.627329522322924,2.6146627489686693,555
IMG_06759,-21.45453034405554,144.49943431923924,871
IMG_06760,58.641110713106,-113.75946658830097,151
IMG_06761,60.94819179442953,68.56047736787468,290
IMG_06762,-21.25782262291608,46.5753541766033,934
IMG_06763,-41.99467914022348,-72.92762651878198,573
IMG_06764,61.90354744753572,16.808903227769065,571
IMG_06765,52.853833083093775,16.000484543304225,278
IMG_06766,8.59892556259038,48.31581378899432,433
IMG_06767,67.7879072430849,24.547284011571776,680
IMG_06768,-14.417691534889144,148.68787359758443,275
IMG_06769,64.77236796692051,32.25106917671758,782
IMG_06770,-0.497181738831955,-78.12126199432493,741
IMG_06771,42.43261876363465,13.97736714859019,955
IMG_06772,-5.847944720946515,-46.12638107106025,657
IMG_06773,56.16926696356887,7.232952297261306,837
IMG_06774,4.780969514009286,5.150981364480543,868
IMG_06775,-15.310866563304316,-40.87714411727495,66
IMG_06776,-26.38329643682726,-63.46839241157125,620
IMG_06777,-12.567219037100555,-41.2553742552343,836
IMG_06778,54.26199504139018,-109.9458794245594,517
IMG_06779,51.67821501613187,-8.527941444825814,912
IMG_06780,31.588091889846297,113.83236269311038,434
IMG_06781,46.28434412091309,107.7416395638536,711
IMG_06782,55.33433582911991,101.35031854937732,226
IMG_06783,53.53679460225726,86.24130548972039,425
IMG_06784,62.12192738837507,97.14051057058424,20
IMG_06785,50.83873792621955,41.98560371303432,794
IMG_06786,27.897855454113557,76.88922154963018,978
IMG_06787,48.1186571385669,87.96652273966271,449
IMG_06788,-19.669576659815377,147.96126467266777,159
IMG_06789,-27.19319734915566,-46.76569915555899,356
IMG_06790,55.83297460872731,103.7988027122808,226
IMG_06791,68.3996181788444,-115.5898613143969,471
IMG_06792,26.9290044738068,-118.29954026636356,976
IMG_06793,-29.344916286699984,24.341214817236136,576
IMG_06794,47.88965796757253,-111.45897547227882,821
IMG_06795,47.0994684595058,6.903226505679925,381
IMG_06796,2.305422419197953,98.49072389974458,867
IMG_06797,-44.85625415304761,-60.691973307932585,939
IMG_06798,56.41223536947189,-0.5524375462167654,403
IMG_06799,48.33348184413492,42.6810007218927,750
IMG_06800,34.39700001206165,-91.44607168685516,423
IMG_06801,37.90378532714399,-103.04064930014168,345
IMG_06802,65.32294524126561,16.109381796628128,807
IMG_06803,53.82904666321133,32.74765598395254,960
IMG_06804,50.325109694751546,-107.32783459403598,302
IMG_06805,3.778221672696418,98.26762734287728,867
IMG_06806,57.597109513851166,102.49800899607168,716
IMG_06807,35.21683162174067,88.06188992241385,539
IMG_06808,48.08102117450056,66.74936262383329,336
IMG_06809,57.63647937956307,-111.33830084910912,151
IMG_06810,-9.865421235173756,-38.24925147244912,177
IMG_06811,38.36649453805339,-106.96053669922183,722
IMG_06812,63.50484928861064,24.596488825688084,364
IMG_06813,-20.361949146217967,24.873045539681016,219
IMG_06814,58.19108759568053,-7.693139933347197,243
IMG_06815,-26.1382025975039,-51.4142844932467,984
IMG_06816,-21.97062825723356,114.77750016573692,146
IMG_06817,52.10554408623256,-128.18647512421165,93
IMG_06818,65.2525747759671,77.9799152441962,839
IMG_06819,-10.352674611680754,-58.81410607752284,610
IMG_06820,37.57762056754463,-108.99424366269628,722
IMG_06821,32.42318871489087,71.62626826857115,305
IMG_06822,39.902440515021226,-9.164149474539611,337
IMG_06823,55.87629278721391,37.4761496471873,279
IMG_06824,2.514116606353824,29.106172002410347,560
IMG_06825,-6.584555624407443,-75.49776775982698,888
IMG_06826,4.28025604233801,-4.535306969451455,444
IMG_06827,44.5429156439607,-108.55141192133496,592
IMG_06828,37.1926353538889,35.98647792232211,99
IMG_06829,-8.679455367467881,-36.28684746494156,927
IMG_06830,65.96243875625419,-84.7052734753645,452
IMG_06831,58.34830179149861,11.030234307853078,779
IMG_06832,-13.12744820652506,-60.065380076250406,581
IMG_06833,37.93961203077112,18.396477368098488,849
IMG_06834,49.4939001003512,-120.97918220990373,242
IMG_06835,59.00102504358625,36.94054791318726,734
IMG_06836,44.92806955850057,28.59937004904384,236
IMG_06837,41.2543215233911,32.38694402265372,308
IMG_06838,68.18418655450449,31.51730731760836,494
IMG_06839,55.84502747837979,83.6432863522054,373
IMG_06840,68.98207201750199,28.781230491108488,123
IMG_06841,-17.439477626726955,-70.91982553489589,924
IMG_06842,58.82701872729942,24.561706023818743,368
IMG_06843,-2.5482662239305967,-44.19365197593444,277
IMG_06844,53.18205050213223,-120.49781322132117,536
IMG_06845,-11.236816849242445,-73.15797869356888,558
IMG_06846,58.8327122201614,-108.75574349011208,733
IMG_06847,47.51873148331066,100.06216352203744,493
IMG_06848,51.58678586023586,105.81302854468538,930
IMG_06849,-31.14852238523976,-51.558246012592974,81
IMG_06850,-23.46890995593354,28.682612175588677,712
IMG_06851,-39.47797137786896,143.1958299909116,972
IMG_06852,41.895960211281135,76.23848985983557,518
IMG_06853,47.60139716918877,15.28338026920727,201
IMG_06854,-9.41395484173431,-39.16806669598893,177
IMG_06855,65.01640540009876,14.62052597241572,396
IMG_06856,-14.57734632027001,132.12291046432858,453
IMG_06857,-21.22946961192335,-43.20065513937547,284
IMG_06858,63.00134946631451,76.62076212152431,839
IMG_06859,8.603803862551516,3.4804942617194854,929
IMG_06860,5.361345982317573,37.37746246849531,864
IMG_06861,53.07688751644872,19.78060609052733,445
IMG_06862,11.668630973848591,39.27730946384787,251
IMG_06863,-26.192696825923733,-41.58615548116762,721
IMG_06864,-13.652697868686149,-41.65873359784882,836
IMG_06865,49.035546364597735,72.24644105489853,264
IMG_06866,-24.211125500350303,-51.288438752063456,984
IMG_06867,48.37104204335384,76.36176077874654,14
IMG_06868,52.58867953969156,32.83330517987807,604
IMG_06869,68.2358955292598,19.23708034731129,736
IMG_06870,-17.428784588806394,26.479911455813408,426
IMG_06871,45.93906332191506,92.3727477624816,37
IMG_06872,31.58425533266113,66.67868069029441,485
IMG_06873,38.74627746352303,-1.3404215701216913,727
IMG_06874,-7.122197113647104,-67.05916525471079,640
IMG_06875,-5.963554509708686,-38.67575908659461,557
IMG_06876,-39.13530288195203,-74.48167902375057,395
IMG_06877,62.77948505595316,105.36189508022944,634
IMG_06878,55.708817811599175,36.65637905877415,279
IMG_06879,36.88034530662753,-89.41630244551223,911
IMG_06880,62.54652898186271,28.644662721192333,992
IMG_06881,-17.733092693984844,-50.23835640776207,969
IMG_06882,35.71915027887209,-121.04023479940084,761
IMG_06883,45.15030138761381,-122.00858903275004,639
IMG_06884,34.18922171218563,-112.65315757561042,591
IMG_06885,38.153414030538414,-84.70233278219179,932
IMG_06886,-9.574980607743967,-70.38441402265485,459
IMG_06887,45.90747822138101,20.65007027810429,120
IMG_06888,56.12759655779681,88.0418760559781,373
IMG_06889,47.96437617053127,-120.32225324824036,242
IMG_06890,66.18233265869637,23.43454335523876,503
IMG_06891,28.7773875329504,-97.03858685988835,529
IMG_06892,32.598305248479164,-85.68932126891838,579
IMG_06893,34.63036737310348,-98.08941521372508,327
IMG_06894,-31.61966186031969,-48.09214874669567,570
IMG_06895,41.51677603065088,-88.25281732940782,852
IMG_06896,4.074492369899858,98.3504838069473,867
IMG_06897,54.9597001138952,66.89659941839722,73
IMG_06898,-26.40012908726072,28.90003759244783,235
IMG_06899,50.93054412005745,-117.73839334523228,650
IMG_06900,58.738322630960624,-124.85111477436996,113
IMG_06901,-15.1900302590345,136.85084789708662,658
IMG_06902,-19.13712801862934,145.42258705776942,871
IMG_06903,-4.768231841650504,-39.68339376911425,22
IMG_06904,34.32088906955485,95.1419062809622,785
IMG_06905,36.27508117258708,-90.1595203394258,911
IMG_06906,28.54328430946606,-99.73870478932076,980
IMG_06907,54.97825046963891,99.26297426183912,755
IMG_06908,-5.669289198308292,102.62093604186612,504
IMG_06909,-29.045951999781792,17.292604791601406,732
IMG_06910,-23.087260997763707,26.138135791456502,886
IMG_06911,-25.534717873009782,28.231968373128524,629
IMG_06912,57.032942598925445,12.84759307825246,659
IMG_06913,61.13660540350472,79.42520962581165,589
IMG_06914,50.089519137038906,-95.1963084266936,693
IMG_06915,36.76407363476372,41.07747662136367,217
IMG_06916,39.39549808174692,15.712045976653144,208
IMG_06917,-5.449783718476013,-77.46255566691663,888
IMG_06918,61.0299033974253,65.78417279621902,290
IMG_06919,45.07768388344618,40.08868191257355,418
IMG_06920,-32.57720660806635,-64.6778716547989,67
IMG_06921,61.58510570697808,23.167115107697555,811
IMG_06922,61.20388512557295,25.22816467067369,811
IMG_06923,54.27440088733201,90.45052612861832,859
IMG_06924,-15.89872721666515,28.010129316504504,947
IMG_06925,39.079455095626,-84.32338509290308,932
IMG_06926,47.662587827513846,71.74834286169522,264
IMG_06927,-29.34573644988077,-56.95985298812316,533
IMG_06928,-21.557625809336884,-70.90993397412657,51
IMG_06929,47.90275431857594,18.99577873819973,605
IMG_06930,10.360433511153389,28.69244953751036,594
IMG_06931,61.24807111649267,-117.3712182992528,276
IMG_06932,45.88694787660347,-109.8538438798232,198
IMG_06933,-13.475408686189382,-65.00844233800775,401
IMG_06934,51.44745889057927,76.81287797318157,926
IMG_06935,55.19510487452223,39.14355768644657,478
IMG_06936,-33.887696378243646,148.47690465074857,546
IMG_06937,56.76798975421218,-6.677750000143703,901
IMG_06938,-6.722543982677649,-38.61672668337545,557
IMG_06939,61.41659284863766,-129.14872115913244,231
IMG_06940,-29.73243218183515,117.85359107083237,509
IMG_06941,-18.018694981376555,-74.40040817097812,728
IMG_06942,41.43092936179721,-110.12694288864252,408
IMG_06943,37.47601662369624,6.607375102632005,252
IMG_06944,-42.404970197401184,145.05009642401234,487
IMG_06945,68.10784995407136,74.77156662500602,431
IMG_06946,-27.5101085651142,-59.19049514523103,533
IMG_06947,-10.776523729581784,-50.1826536516613,891
IMG_06948,-17.495172812564334,149.17402932243442,275
IMG_06949,40.06026006774664,-122.35964667900112,970
IMG_06950,28.98925476015944,107.77969838508238,52
IMG_06951,52.32455311752486,84.4419862334791,425
IMG_06952,39.10981819037528,-0.2011255657345998,727
IMG_06953,49.4207148877062,-93.35796228475002,693
IMG_06954,-41.681108478937766,-61.478053042465206,103
IMG_06955,53.75496366072761,90.0125919441607,859
IMG_06956,-27.58295282557755,151.69019799888088,280
IMG_06957,-16.497014166130057,-39.25341758687597,432
IMG_06958,49.45818957246672,-107.61107263221994,302
IMG_06959,-20.34459211206766,-63.01203845876879,143
IMG_06960,4.8399805389902895,-14.914275217054351,335
IMG_06961,55.22749773101336,-1.5539760001384764,861
IMG_06962,50.81844383381628,92.47145660341364,740
IMG_06963,7.343799930936086,-12.042142357520447,335
IMG_06964,39.96362551906896,16.956002163681944,208
IMG_06965,50.66276684139814,95.92000713846346,316
IMG_06966,-32.91797990345309,-73.63288535672336,979
IMG_06967,49.52865768159336,-101.32688803800325,663
IMG_06968,53.45999770158852,44.73864529871048,260
IMG_06969,47.67060706495377,-122.37686733017227,319
IMG_06970,-31.526211340184062,120.55885524025648,31
IMG_06971,46.07172181031319,-124.91400585509652,639
IMG_06972,-23.43588299274998,137.52854014175017,850
IMG_06973,36.41780196947471,12.763276495995626,920
IMG_06974,-46.36193634107027,166.9274288644421,232
IMG_06975,39.90249001549256,-86.64911867537262,440
IMG_06976,37.24167466667073,34.76680956980124,99
IMG_06977,59.03506788093301,77.06696251922074,967
IMG_06978,-50.737887766084114,167.69297484661593,232
IMG_06979,35.473163794125355,-91.65138876067152,911
IMG_06980,-24.81157256262898,25.66712034189121,371
IMG_06981,-23.97676221496536,127.77043103752754,831
IMG_06982,14.056439303950526,-17.574403085112323,649
IMG_06983,-15.432704478079105,-48.51858909127438,229
IMG_06984,40.426208062730296,38.29020159848503,717
IMG_06985,38.10167611098734,-89.67319670310825,404
IMG_06986,59.19387095718821,6.66812055551091,379
IMG_06987,51.16058582798439,-119.19601948497024,650
IMG_06988,-9.28447782998235,-51.85275824837481,72
IMG_06989,-2.936408978232379,-40.73850547542463,22
IMG_06990,-19.31402048332504,128.19703675621855,846
IMG_06991,-1.4809784214668582,-54.234289368320844,760
IMG_06992,27.8969749530564,-105.43727434781024,725
IMG_06993,46.75509308021185,34.34972479831572,414
IMG_06994,54.05545673318238,38.60187988403118,848
IMG_06995,49.90218880556719,15.198801175207675,477
IMG_06996,53.007735775567085,5.0534381903341625,363
IMG_06997,-34.29074941859666,-72.3867761591832,23
IMG_06998,67.85003855330311,32.43161393543741,494
IMG_06999,44.46510512313552,78.29760215591682,299
IMG_07000,-3.6530252396639193,-39.30341310527413,719
IMG_07001,-2.2586434336186585,-47.10805223696309,168
IMG_07002,55.93599787455159,-7.362964676252517,248
IMG_07003,55.44900012733677,-116.34290621064632,937
IMG_07004,46.46919216271255,-4.8947433672258,903
IMG_07005,37.54592246031683,-112.10422238730996,179
IMG_07006,-18.633930437180865,27.40405298951188,122
IMG_07007,49.51738441630874,-89.01463230756964,645
IMG_07008,53.12163318140796,19.58209571794632,445
IMG_07009,58.28745392121593,15.726843935951052,354
IMG_07010,59.171933719126514,4.64271571336684,379
IMG_07011,60.99136806264914,113.76910303311443,194
IMG_07012,-37.3956639334051,-66.04550508649373,772
IMG_07013,5.038636546450334,39.31182710747794,519
IMG_07014,-43.06546965207519,-40.5013275396874,274
IMG_07015,-0.0529075880622542,104.01516958538082,216
IMG_07016,27.544197313738906,68.90604385693803,568
IMG_07017,42.75888007237475,-1.6350716237006964,362
IMG_07018,3.8303933220534816,7.902678973396036,995
IMG_07019,40.98968222366884,-103.89500566557776,115
IMG_07020,44.88690595558785,0.4970754606528373,362
IMG_07021,-20.22982948685744,30.833941191063104,900
IMG_07022,27.65011957270012,86.19859342546329,697
IMG_07023,-10.52133173451304,-142.50374193482398,347
IMG_07024,40.50181947090442,-84.96108169612532,968
IMG_07025,-18.935784453058545,-61.339040967847694,715
IMG_07026,-20.694529469075107,-86.93092442290845,357
IMG_07027,32.48036798333513,-113.43503319163544,819
IMG_07028,15.787379490097903,-22.075213268343845,41
IMG_07029,11.020381658983837,44.3069504142168,862
IMG_07030,3.9096169808605614,4.1568178728160206,868
IMG_07031,-22.01615389674953,29.09678852028472,712
IMG_07032,28.75030732986835,79.38367999098512,458
IMG_07033,47.67695131416065,10.810878531826972,628
IMG_07034,45.79956440214562,93.91236252905924,37
IMG_07035,28.551533880997425,98.73800636923306,181
IMG_07036,54.34562219232936,18.1146328884314,971
IMG_07037,53.042251513219696,70.98205673878826,465
IMG_07038,45.02557814587823,-100.76867816868828,666
IMG_07039,50.80532466755346,39.20058577240218,105
IMG_07040,43.28657314497298,21.496445358523346,695
IMG_07041,31.43066000050869,-104.20599887012288,137
IMG_07042,11.937285488216446,25.310979302543476,948
IMG_07043,-34.0126684224186,147.34022305892324,857
IMG_07044,34.99880152488157,-102.61723981640684,632
IMG_07045,61.89886996790639,-6.023162005880892,884
IMG_07046,-36.45578324437386,113.46310309221826,668
IMG_07047,58.80755551625566,18.40334025735251,915
IMG_07048,65.9912155376361,21.6568514418714,503
IMG_07049,31.07604295885463,-98.99342136908054,822
IMG_07050,-33.00228518346948,118.09677169372536,480
IMG_07051,-21.051520523712824,-132.59493646516145,88
IMG_07052,-2.5683723363626143,119.18427340919152,204
IMG_07053,39.090754231637874,15.86605148859553,208
IMG_07054,53.90477052318715,102.26713894824212,226
IMG_07055,42.7875627523276,75.57030414856496,157
IMG_07056,60.57211099589779,109.66193209754874,981
IMG_07057,-16.226074622173613,27.20695091445458,947
IMG_07058,-24.44087864207724,-56.86445929636314,815
IMG_07059,39.85829764288496,2.6362379270883025,213
IMG_07060,29.91551384986788,-113.37470933703923,391
IMG_07061,-13.276889780629858,48.449644329161,996
IMG_07062,63.42192788447304,64.60108103540887,723
IMG_07063,-14.382031310936682,-141.79447134507782,347
IMG_07064,-17.516425732302935,-50.45214047049069,969
IMG_07065,-35.72296215590423,-53.03849042626538,987
IMG_07066,10.74732726627468,-14.830832862423309,771
IMG_07067,56.91897031623898,86.10770882742418,373
IMG_07068,49.25129863510824,-96.8793785675116,693
IMG_07069,52.97547790339178,4.602679703000462,824
IMG_07070,58.93881519153817,46.63341168933019,586
IMG_07071,32.85314132258776,-106.15044867507515,613
IMG_07072,-5.239950088970545,-56.076418272640765,456
IMG_07073,-25.736709106006003,-64.64477979104325,620
IMG_07074,-29.08112649876479,-57.853570206991606,533
IMG_07075,-18.253255744947467,26.19960456889009,426
IMG_07076,42.60208645787088,-112.47773971943003,973
IMG_07077,62.01454220863954,8.198429751299358,791
IMG_07078,-19.447919474154617,147.994802680364,159
IMG_07079,64.6549949607138,38.2612406227349,463
IMG_07080,54.706649685998,-130.3742681388037,224
IMG_07081,42.60683935280807,89.44684703218132,286
IMG_07082,48.99520734051456,-0.3205506284107002,534
IMG_07083,54.35461155373548,34.31475713367553,131
IMG_07084,-15.423437419542978,157.2484211158225,330
IMG_07085,55.14471263795102,-111.58441346053112,517
IMG_07086,41.591018640247086,31.028783446566763,308
IMG_07087,11.092790422005748,-0.8905256940430775,295
IMG_07088,-4.889603840584783,-37.44491484270796,344
IMG_07089,11.151439078276267,27.1134466385256,594
IMG_07090,-21.558332853443236,-69.83017992281572,51
IMG_07091,49.99023265432564,22.777766550977677,383
IMG_07092,38.73650878994255,-108.48341280453414,722
IMG_07093,12.443344961084634,46.727861020922376,134
IMG_07094,-1.2831635113161326,-48.34542012860584,168
IMG_07095,-45.22387265049839,166.4000890496961,232
IMG_07096,-2.664477064147917,5.828116544069559,317
IMG_07097,11.948992751717242,26.83144571482069,948
IMG_07098,49.61573409718972,-108.02578240118542,302
IMG_07099,70.5809411391557,13.758706107152364,626
IMG_07100,49.58740767344358,-99.46056969706976,663
IMG_07101,60.87834479463481,18.62182496718788,571
IMG_07102,46.76919693807736,-113.8334356100962,609
IMG_07103,61.44319451288732,-130.58154955792656,231
IMG_07104,48.58432667661634,22.928403994073108,860
IMG_07105,41.21955052811512,5.750844210238682,953
IMG_07106,-25.29219022677941,28.06809048930012,629
IMG_07107,69.43916498000212,20.165532428767364,297
IMG_07108,7.020488903404527,-7.246216963803761,838
IMG_07109,45.99900628731277,-85.48246174261271,397
IMG_07110,-19.845452248691643,144.3407579311871,871
IMG_07111,-17.51582442813742,24.952306857499053,426
IMG_07112,58.5271832899042,100.59757726449118,716
IMG_07113,30.393227259841822,114.08157450871056,434
IMG_07114,66.37787137060417,14.707817561180178,396
IMG_07115,11.019288390292814,26.531470139592017,594
IMG_07116,-16.152186200037832,131.40676320741687,453
IMG_07117,58.138556805371934,31.264705521626183,962
IMG_07118,-23.440523738854665,28.93791526258877,712
IMG_07119,41.85608417090958,35.32306166018239,152
IMG_07120,-17.9560441850618,-44.1183117071009,601
IMG_07121,53.09007111114329,-7.095493977170804,720
IMG_07122,53.73525393501336,-8.06971050960567,125
IMG_07123,29.28247197334952,-91.26947715400912,563
IMG_07124,47.10244622374688,43.282206793969806,750
IMG_07125,-12.241065933850138,-37.46027765371659,699
IMG_07126,-18.1247081206852,141.385315798112,39
IMG_07127,32.86853302485585,-94.79837514971528,127
IMG_07128,36.72968333137831,-112.6055857589418,179
IMG_07129,-33.77334191956729,138.05594524549298,706
IMG_07130,36.57719712528858,11.223053001584702,490
IMG_07131,-22.924107384385596,28.282469850803693,712
IMG_07132,13.43856684601137,7.940593199762191,747
IMG_07133,50.0713331608676,5.527713629570599,946
IMG_07134,64.35248799943324,6.880076087712155,791
IMG_07135,-34.01847697597256,-58.19519183641782,667
IMG_07136,-24.33050913945023,145.4939152976683,507
IMG_07137,31.2669814880622,-108.52346854804853,407
IMG_07138,-34.80165381685678,-57.15386813207516,9
IMG_07139,35.26380235137458,14.789988532217537,920
IMG_07140,5.939898256539252,37.518704384188425,864
IMG_07141,59.77666569621513,64.302863773801,556
IMG_07142,-32.46027408696382,129.65707297345796,756
IMG_07143,62.197918289740926,32.762302413006665,288
IMG_07144,60.41605957513269,22.2809060357784,166
IMG_07145,45.06140837862688,-99.95823998324366,666
IMG_07146,57.32003062191481,111.22470397086909,399
IMG_07147,-19.393725440141765,24.981981550237577,219
IMG_07148,16.28110876910017,32.710507818081794,803
IMG_07149,49.9121857167716,-0.0665217765319425,919
IMG_07150,49.213882183709416,71.33724981465372,264
IMG_07151,5.091777225340749,35.95713847343569,864
IMG_07152,2.958614235068921,-52.93998982443186,94
IMG_07153,44.1128478124983,37.0716874230894,925
IMG_07154,-9.165880522920643,28.777905008382334,544
IMG_07155,55.887329546284604,110.65886804333992,399
IMG_07156,-11.092261342827952,107.74132803972964,346
IMG_07157,33.150758854485915,-121.02417544309816,74
IMG_07158,28.21807669873293,-99.27509123026618,980
IMG_07159,49.74026710065476,-123.85897974441392,783
IMG_07160,39.03619692772543,-90.33858159910297,404
IMG_07161,47.56664782264875,-127.00390063031364,982
IMG_07162,55.08076927953147,70.09390030350471,465
IMG_07163,-11.92010165793775,-77.49284136897596,0
IMG_07164,40.43179667207704,25.744658150541085,56
IMG_07165,-22.89264165971157,111.51074727712086,146
IMG_07166,35.94139232779483,7.11944490917071,349
IMG_07167,49.38984918703753,36.9870579948647,262
IMG_07168,-0.4612821348903679,29.26047974549408,4
IMG_07169,-18.49995842175092,-62.556378808890514,715
IMG_07170,-20.32003615398929,26.60010598718435,413
IMG_07171,45.6621527944381,-0.8388353549927956,164
IMG_07172,53.66819671339249,27.143688444735403,176
IMG_07173,42.31235234748192,-4.205178458231046,565
IMG_07174,70.11549710195214,20.548782532439876,297
IMG_07175,43.163074253350544,-102.80054096991068,430
IMG_07176,55.51934223539763,-112.19243583474618,517
IMG_07177,-10.142096083990154,-41.52941793697048,603
IMG_07178,45.31711984618849,108.24732661085297,132
IMG_07179,-16.005558753195544,-67.48184432017366,468
IMG_07180,61.53812288926224,15.4070606932261,571
IMG_07181,57.766029410335136,88.66192148764623,373
IMG_07182,39.69133492736268,112.981935815508,627
IMG_07183,-12.253514803843842,-36.09090823670456,699
IMG_07184,53.926289166816616,72.20580212704954,858
IMG_07185,64.43191398625208,7.58883438526172,791
IMG_07186,48.08248976208134,-98.774131485826,281
IMG_07187,48.983690328090745,107.51909259867034,158
IMG_07188,57.98908735358543,-116.81775903596514,937
IMG_07189,68.6949417741302,26.25787110433282,680
IMG_07190,-26.900489724015216,141.30569506814675,643
IMG_07191,50.7429369733095,100.17898217756982,963
IMG_07192,35.712230146191445,8.073862407519613,349
IMG_07193,-15.663922113489376,135.43801643798167,658
IMG_07194,-2.5961526996845663,-70.81183923939138,698
IMG_07195,3.160703905083551,-70.53336901003239,360
IMG_07196,2.223573606008131,28.993172725247238,560
IMG_07197,32.1199386795556,-94.34057718355496,127
IMG_07198,55.1452632715704,-3.622416265718954,861
IMG_07199,-1.6306184317442671,120.70018960074547,204
IMG_07200,-25.614824863268467,145.0871971825547,542
IMG_07201,-13.138989059835708,-56.1129805793472,306
IMG_07202,39.78449646019507,-86.61623053192518,440
IMG_07203,60.24415366335623,92.2824685630244,20
IMG_07204,-20.75397433223435,-70.88644161036403,51
IMG_07205,46.40847527756188,31.770730505029547,989
IMG_07206,-19.92415574024173,-157.6900824911436,776
IMG_07207,8.00465094471788,37.22917362348869,192
IMG_07208,-29.961389031489663,-61.01011769115388,318
IMG_07209,46.97992290995637,43.03579337556178,750
IMG_07210,29.0266141329261,80.46193712334923,458
IMG_07211,28.782792844636237,84.00518828483541,438
IMG_07212,-44.59315364248327,-58.82153860163848,481
IMG_07213,66.51710421272716,10.84934297717075,199
IMG_07214,46.2953161864898,103.6313622601926,931
IMG_07215,31.56627406542995,-110.2519794653574,225
IMG_07216,13.294675665471743,-15.49375842261611,771
IMG_07217,63.80737367022212,7.849105780583756,791
IMG_07218,-35.85657567148569,-51.47764295845704,987
IMG_07219,-14.3438412177547,-73.69716095817195,289
IMG_07220,12.60653495321742,8.057672044486651,427
IMG_07221,12.339815071389893,40.72344518169248,251
IMG_07222,-18.14795134028354,-55.33978039974906,476
IMG_07223,-28.293944596844284,-69.97847233573395,713
IMG_07224,38.29771314079369,22.08180228100298,655
IMG_07225,-23.63124355788165,25.204720599038467,371
IMG_07226,40.79550047406113,73.52412007712331,834
IMG_07227,51.136913130374126,-95.26078628713152,448
IMG_07228,50.26977945282337,-110.79703441479016,641
IMG_07229,0.0473969739043695,-75.8569887631193,624
IMG_07230,48.51719471860261,18.23135290981645,605
IMG_07231,-25.440236471668783,25.91995495958153,371
IMG_07232,58.35895088673857,23.30941850249096,856
IMG_07233,33.6113810468251,-120.29479542446806,474
IMG_07234,-22.43006984328477,27.135822716718792,886
IMG_07235,-28.77136777453037,-50.023339983489336,545
IMG_07236,9.128743476256886,85.18182231881127,160
IMG_07237,37.602152146859865,-91.39170530604804,293
IMG_07238,-2.281868261462208,53.39184747062569,30
IMG_07239,40.73050159475119,-127.44100822220112,694
IMG_07240,-28.499030171629443,14.780914892816952,100
IMG_07241,40.17199167919313,-101.09348604268796,885
IMG_07242,-21.302662788868787,-56.94027040837955,46
IMG_07243,35.9780054389656,-91.9113212909926,911
IMG_07244,-0.0260538432910095,-82.51511618506339,553
IMG_07245,63.37963009522099,10.163499294993244,597
IMG_07246,8.744627532626382,116.24660528652896,940
IMG_07247,34.88715250802156,-127.00635875142898,257
IMG_07248,51.68485191978027,18.0580140356127,623
IMG_07249,58.32953269031015,42.37322477268037,921
IMG_07250,35.71827611193417,-89.97056691931138,911
IMG_07251,-7.6523845443611265,-55.32468686837559,975
IMG_07252,6.920701378906244,-1.845943371428234,200
IMG_07253,-16.073799525999164,130.14423130855232,304
IMG_07254,31.29376857061436,-84.55427542286313,579
IMG_07255,27.867355597374456,79.59654406312814,24
IMG_07256,59.74383940431324,1.7571809204580688,766
IMG_07257,18.137078669626103,29.23498122585329,461
IMG_07258,62.464474154132176,27.486115330330733,992
IMG_07259,-34.59859118481317,19.29817931817246,618
IMG_07260,62.94442123291083,-130.42964737561655,872
IMG_07261,53.14273269942271,30.405137619473663,13
IMG_07262,40.981252373942056,-90.01404135226733,852
IMG_07263,57.01723191332064,6.369819826523383,837
IMG_07264,70.18445610830523,32.6534807211205,933
IMG_07265,42.18726571324535,12.764951040676664,985
IMG_07266,68.2670722706946,13.70992821076743,622
IMG_07267,27.178889865690408,75.16738822000966,268
IMG_07268,48.621321242404605,-102.20393851785184,526
IMG_07269,32.371355274359445,-120.01755388966012,474
IMG_07270,-31.731251447314023,140.21603327703025,312
IMG_07271,46.09445566515649,29.04558329425521,236
IMG_07272,41.69439583565972,47.57210166794752,180
IMG_07273,49.55912990201497,21.08612655357186,53
IMG_07274,50.52691232735484,-103.4809347890764,302
IMG_07275,58.345657691481165,-117.94379686054243,937
IMG_07276,-29.533109366495797,-58.73759674798727,810
IMG_07277,-33.03004345429683,23.84971686851901,876
IMG_07278,35.58006769352757,-111.88012074041474,591
IMG_07279,-24.327915098320343,29.26194678056973,386
IMG_07280,8.960295586071325,3.8303706023147015,929
IMG_07281,-9.790878041899743,104.32080460786985,346
IMG_07282,8.800251622827489,80.68787411863843,997
IMG_07283,37.53849169399268,13.763407217147858,5
IMG_07284,64.75402942797169,35.53748350801115,782
IMG_07285,60.47845185453633,17.858158237774802,354
IMG_07286,-10.110510563091196,-71.84085072429869,459
IMG_07287,-28.605970267122657,164.12304119046087,784
IMG_07288,44.38639287775956,-86.18232023410424,608
IMG_07289,68.99386703657058,21.39488297119664,736
IMG_07290,53.58878368661743,87.8402345416336,425
IMG_07291,-10.377807155791132,-72.2950736553664,459
IMG_07292,0.0123483883873234,-77.93430836310823,741
IMG_07293,36.81716859354755,40.835983963958654,217
IMG_07294,-18.50338630613872,-47.629018454020525,7
IMG_07295,-37.531907824844566,121.3144114808727,949
IMG_07296,-21.38812128506784,22.962405026439853,951
IMG_07297,61.74080647893777,42.23420827135729,195
IMG_07298,-23.72556998001336,115.75811265769528,146
IMG_07299,54.61824464806932,0.6306577502960806,488
IMG_07300,56.20806799004927,46.12855077019273,206
IMG_07301,11.871848152420398,7.1409462564215005,427
IMG_07302,58.38662457376384,69.63402755310938,228
IMG_07303,11.37843947238484,42.17755447451569,420
IMG_07304,-35.622408825182035,-71.52408927395177,23
IMG_07305,50.759294950792736,11.38032546694177,477
IMG_07306,56.60319135131997,-86.5703755365534,814
IMG_07307,10.51120171354603,120.35379528076692,171
IMG_07308,37.064588758191846,27.391145176256543,892
IMG_07309,65.60527750923137,31.14427567082953,75
IMG_07310,-5.603707249328522,-43.7985764015184,657
IMG_07311,47.485986086516704,113.08382487888592,393
IMG_07312,-4.977322046817832,-41.12304972071976,22
IMG_07313,-15.906794928455952,-72.31300716856379,924
IMG_07314,-33.90637774258656,16.15137118421177,651
IMG_07315,51.71162898263148,-9.770258659173749,912
IMG_07316,42.8376958502158,2.367256685521397,757
IMG_07317,-32.57260788070283,144.7974090177471,90
IMG_07318,59.91900699372252,-127.51493724412178,800
IMG_07319,50.52410488208005,-131.4719150329622,551
IMG_07320,52.19564705142341,-4.006333329730637,215
IMG_07321,62.1496959424623,47.5953407466161,677
IMG_07322,-19.611688796867483,-53.391134639288666,575
IMG_07323,-28.30847824420129,28.365694696340825,587
IMG_07324,44.42747482014545,106.19114533041729,132
IMG_07325,-22.30913937369087,26.616360068790385,886
IMG_07326,-30.32910662114452,18.43224963547885,732
IMG_07327,44.49330712385392,-118.01561278706276,19
IMG_07328,-7.86934298214031,-70.71446831399057,459
IMG_07329,-44.76222912273038,-68.95639629530179,907
IMG_07330,-10.404226349753486,-36.33505624594386,699
IMG_07331,7.535266210812665,11.698932984884353,742
IMG_07332,42.86372874535397,-119.39759182014164,447
IMG_07333,-7.324885098665845,-64.36318806875465,247
IMG_07334,55.2837185888709,71.22560957514474,465
IMG_07335,60.961948394167365,76.02769326441887,435
IMG_07336,14.321047000784674,-1.276240830502957,483
IMG_07337,-20.339658379490345,-46.71772657314392,777
IMG_07338,59.95374176001371,94.27001230128974,20
IMG_07339,-22.384558049814373,-72.55392066254872,801
IMG_07340,65.89652616926915,44.24506943956209,258
IMG_07341,49.29787468864493,-126.3186094734104,982
IMG_07342,47.50659629069179,91.58164628425914,449
IMG_07343,69.69625286996046,19.208009661644667,297
IMG_07344,44.21501700977808,-91.81885219471874,567
IMG_07345,54.55508890441729,-109.00372742080916,417
IMG_07346,43.94495225720164,76.39124100437124,157
IMG_07347,50.43759518025081,44.28559485518318,794
IMG_07348,54.46759747477845,-93.55807917559984,361
IMG_07349,-32.849026605693425,-68.04924793462072,577
IMG_07350,38.9218819692947,-84.19863111793995,932
IMG_07351,6.056684093884655,-10.753381827794954,838
IMG_07352,-13.80209926791619,-70.7558033835688,98
IMG_07353,58.3513991409672,-0.9385863684340164,403
IMG_07354,-23.0036572925132,133.65475610570945,271
IMG_07355,35.48515034349066,101.29327514593469,443
IMG_07356,46.072583277728455,103.24737005926818,931
IMG_07357,27.40606816521543,109.66530550085588,832
IMG_07358,-34.800885460348994,-56.6626198130174,9
IMG_07359,-27.36140936115126,-67.89898460135385,713
IMG_07360,-8.614756886597974,-62.0459784156176,247
IMG_07361,9.324263202252723,8.327178983553523,566
IMG_07362,-8.897508004370593,-73.13874071772966,459
IMG_07363,54.891869286059546,-102.44165212610572,583
IMG_07364,39.317291149860125,-108.871190378872,722
IMG_07365,-36.17290671767479,-75.75000766404273,223
IMG_07366,-17.078040461458585,-40.93093872656684,106
IMG_07367,-25.296384676315355,28.56093789756082,235
IMG_07368,40.13525699106464,-94.48782444850544,635
IMG_07369,46.75011917394696,-95.6033481823522,108
IMG_07370,39.68580154689764,-114.09343094368312,300
IMG_07371,36.654672255729366,10.52083590977992,490
IMG_07372,33.56839956104386,99.0491800776722,333
IMG_07373,-17.044975985611543,-46.89762947099035,790
IMG_07374,69.96491762926178,15.02340765478104,297
IMG_07375,54.843244857597085,-116.26922069268846,40
IMG_07376,56.13478580743907,-86.20510357555352,814
IMG_07377,31.08946518841246,-98.05518880500154,893
IMG_07378,67.33040203516055,-117.74614138882067,471
IMG_07379,-9.67450636844184,-51.61320682693258,72
IMG_07380,61.890695813459786,13.23341549941901,121
IMG_07381,59.9269731060086,92.20681663810086,20
IMG_07382,-34.41318421525956,-65.64990629979822,664
IMG_07383,-24.537253882059147,143.33353587885114,348
IMG_07384,37.80222820004994,-86.04680105347637,932
IMG_07385,53.6550101465146,19.51235919395569,445
IMG_07386,53.86495424113818,96.7465464548116,914
IMG_07387,46.48956948245956,-115.69152031105152,609
IMG_07388,45.55240789744039,-102.39253733359632,526
IMG_07389,-29.651938238250395,16.342369096499596,732
IMG_07390,53.98228243791408,85.42263319544844,425
IMG_07391,-22.08144480915145,-40.92249720865164,298
IMG_07392,26.01189118077761,-101.17775370219168,384
IMG_07393,-18.47885197348793,26.322607492245535,426
IMG_07394,52.428102542616045,-125.28801127409758,93
IMG_07395,3.0112822982210616,-60.50544569578916,952
IMG_07396,38.40957635891164,-116.52289339889148,96
IMG_07397,36.21656173596716,-96.18295608265112,12
IMG_07398,50.19940750763664,-6.410865854542294,498
IMG_07399,42.05687708743011,107.1435387604172,770
IMG_07400,57.36789402018468,19.12637207747181,915
IMG_07401,-2.722403316462433,41.98015427885139,675
IMG_07402,32.20560081888377,-119.2180991446651,474
IMG_07403,39.79954261715011,-96.9638680496006,635
IMG_07404,68.27194335229112,-105.8165159529246,662
IMG_07405,-43.1321862918013,-63.29584585843794,939
IMG_07406,-7.057427986101018,106.74161960281856,504
IMG_07407,35.86817873835568,-120.84071168180373,761
IMG_07408,-3.0782018794075725,28.79660148973537,398
IMG_07409,38.05461103030936,20.71656885891349,655
IMG_07410,-22.9005839664334,-62.97433248473048,910
IMG_07411,46.5168986087053,64.91652778575695,739
IMG_07412,52.42751526503528,-3.0027314901252,16
IMG_07413,65.09052286146613,11.324115080468829,396
IMG_07414,46.6847700144271,75.38966084928973,974
IMG_07415,-33.5094713805824,154.45162897065688,691
IMG_07416,-25.263788802990064,149.43831351383585,549
IMG_07417,-36.37798235923983,-66.5453870485247,617
IMG_07418,43.71895695436248,72.8162988951961,157
IMG_07419,38.5316422373364,-108.6542501339574,722
IMG_07420,56.4980575779598,100.5820973822614,716
IMG_07421,69.69658053277203,27.76276649845113,123
IMG_07422,50.687694920978856,10.310881056678,145
IMG_07423,-19.363647279251367,-2.3018461095473413,296
IMG_07424,-37.64398549977122,-74.51337083934688,223
IMG_07425,-3.2577905207462834,-37.12486228635126,719
IMG_07426,30.83313818310248,77.0489852945496,511
IMG_07427,-11.923507879506444,110.49911173587668,153
IMG_07428,35.57447010649636,0.063813344181824,366
IMG_07429,65.70819843872238,22.489826605752256,503
IMG_07430,2.2002853421665804,35.10386254527711,825
IMG_07431,52.8886703975825,88.8649902185175,246
IMG_07432,-20.7077402481343,27.930147082348327,413
IMG_07433,-25.96773469230851,120.41238974663474,752
IMG_07434,-18.995366631656,29.13674510237968,122
IMG_07435,-5.461172868650237,-55.92717266266078,456
IMG_07436,26.2665013617806,-105.32135201414454,38
IMG_07437,41.456938427482925,110.22185659625076,6
IMG_07438,46.36732944005428,-5.361100813726949,903
IMG_07439,37.016596381297376,35.1304491985764,99
IMG_07440,-17.26204473740347,-75.43562996613066,728
IMG_07441,45.24400848244386,68.55837167839246,596
IMG_07442,-36.34140875014153,-70.52794401609592,999
IMG_07443,59.68183807976232,74.64789060164793,435
IMG_07444,35.735873743229575,43.867807979714655,329
IMG_07445,64.50940062622999,16.459171587901096,21
IMG_07446,63.46295559047155,-126.94897219825803,50
IMG_07447,42.03262221876241,-110.50908690956555,408
IMG_07448,-41.92106565762205,-65.0524041063026,269
IMG_07449,1.5554034018388734,-61.18586068867084,952
IMG_07450,-15.9988035149278,129.13682355877722,304
IMG_07451,56.77067731862513,29.430216605621865,451
IMG_07452,-8.013533241330578,38.24434516651712,387
IMG_07453,62.47075965372176,13.085686827345086,597
IMG_07454,51.77430299693705,98.46437588039856,593
IMG_07455,-32.20200644902918,29.475827299367158,764
IMG_07456,-28.20753693083843,-65.97818522561955,114
IMG_07457,56.84343448611003,-119.43764371564748,937
IMG_07458,40.757541616332446,-4.771930364878898,565
IMG_07459,43.003487599976495,104.142314271558,678
IMG_07460,44.52189172984211,2.875368546285017,757
IMG_07461,-24.786601920837768,25.43560388520353,371
IMG_07462,-26.755511552551305,115.4423776957978,245
IMG_07463,56.62519584800828,101.41491193254876,716
IMG_07464,-15.63551378244037,-39.46016750024822,432
IMG_07465,-24.986110877645984,28.58118696704838,10
IMG_07466,46.33986323007278,-100.00065189176492,281
IMG_07467,54.62257382239605,37.270254112916064,848
IMG_07468,-20.62107190886354,25.349022383171786,219
IMG_07469,9.34341420146464,-86.97139351575751,718
IMG_07470,-43.84459638818606,-66.90505966584533,269
IMG_07471,35.93009797583866,25.66330157772424,369
IMG_07472,32.85678572455029,-96.56140138672708,127
IMG_07473,53.01363945158136,-113.41985553291224,351
IMG_07474,-23.65125494699491,147.0666190342215,507
IMG_07475,38.89652076612509,-106.11592166816148,722
IMG_07476,-43.59900166170894,-69.7361187495807,907
IMG_07477,55.20880380794719,26.262682777760038,451
IMG_07478,59.57689822469666,29.861669668942056,57
IMG_07479,-7.693803728796709,-37.022230885479416,927
IMG_07480,-11.13818204981807,-68.88938134991938,841
IMG_07481,-16.413839330519465,-51.26608092934839,869
IMG_07482,51.10081305268957,103.21505703477789,930
IMG_07483,69.56443781258065,25.361963165906616,123
IMG_07484,-17.30770135278368,-44.66728084463969,790
IMG_07485,50.58989694407302,41.65307297026607,794
IMG_07486,-25.71700543558255,-58.897706222372335,815
IMG_07487,-13.280671635694688,-10.56721650150442,922
IMG_07488,-34.83540170921852,-59.04377695455256,667
IMG_07489,40.51520345932539,39.64985158029452,717
IMG_07490,12.080096002202096,0.3737793167017003,483
IMG_07491,-16.929389456218757,132.7405432597776,453
IMG_07492,58.74774298013364,-110.02739456291302,733
IMG_07493,-18.25691756682829,26.128390420258683,426
IMG_07494,-19.9485087557388,-71.74022758722595,416
IMG_07495,55.06143657764005,99.2816186465882,755
IMG_07496,69.17315750107181,-123.55035324633342,923
IMG_07497,-24.057307402059365,-57.24599478292352,815
IMG_07498,44.422779645681885,7.681243634064629,686
IMG_07499,46.88569958029109,112.89000725457475,393
IMG_07500,-9.112974654922922,121.04905535454644,797
IMG_07501,9.908058909369885,0.3409219613943435,295
IMG_07502,-10.747989283663998,108.3149526222079,346
IMG_07503,45.06450617423761,65.13744143550673,739
IMG_07504,55.48745628185924,72.43287478474028,569
IMG_07505,54.84186653268199,-3.227139751051737,861
IMG_07506,-10.078851942598192,103.3420249935217,346
IMG_07507,50.19590605799635,23.95257355817336,383
IMG_07508,-14.13164053176169,-51.2332281225622,506
IMG_07509,-12.73954930869111,-66.05528487607833,401
IMG_07510,-1.2465643742964971,-54.69085523405997,760
IMG_07511,47.50847302641176,-96.21269716934428,693
IMG_07512,-18.311021609904927,-41.27893412456615,106
IMG_07513,38.66454425414767,15.201323333175282,208
IMG_07514,-36.80157974370562,115.75347633538354,668
IMG_07515,26.818370032251124,-114.14084637523432,353
IMG_07516,-34.75736663580096,-66.08384939754595,664
IMG_07517,34.438893316749045,74.48586825776911,305
IMG_07518,-4.910622854707086,-40.72806421954997,22
IMG_07519,-36.8085277552044,-69.17820316148418,617
IMG_07520,34.728516993824584,-111.9982205490504,591
IMG_07521,61.624657558193945,32.021701484964154,57
IMG_07522,-13.687858242163315,-6.074415127650696,296
IMG_07523,55.24839238820024,108.11174699404376,805
IMG_07524,60.79498739428448,-116.9993823522458,276
IMG_07525,36.16253075504704,33.6906514276929,173
IMG_07526,49.03012895779648,-90.74742562687652,500
IMG_07527,-4.59094748925871,-80.16092173703856,684
IMG_07528,42.88708557839158,-5.823070102226751,565
IMG_07529,48.513426472799694,36.47692208537856,262
IMG_07530,-29.97731660765278,-70.10075229242976,462
IMG_07531,-8.711247362119451,-58.71745495531016,28
IMG_07532,-30.06050734561751,119.09488822620985,509
IMG_07533,-5.027376202844266,-80.49703405213054,684
IMG_07534,50.11631422754903,102.05636919723042,85
IMG_07535,-1.8135352329903327,-58.2311516324401,375
IMG_07536,-22.21243304093666,28.58660307678562,712
IMG_07537,47.58782504429763,64.49674297533679,739
IMG_07538,67.31526347007684,-126.21635226238963,735
IMG_07539,46.857980261838605,47.926806795980525,118
IMG_07540,8.586695041704445,24.599265997072138,71
IMG_07541,44.59462118379014,37.79310835862381,925
IMG_07542,63.76875036806845,22.347288875959062,364
IMG_07543,-9.664419012246556,-54.08480549900354,975
IMG_07544,-11.750086193885522,118.6860036075296,522
IMG_07545,39.85791411517161,-87.67178627048492,440
IMG_07546,-18.90839986079527,-47.58350978863777,7
IMG_07547,33.92202713977095,-111.47463554826604,591
IMG_07548,-22.69144112861672,25.233244186718537,886
IMG_07549,5.37200572592144,38.575309604286616,519
IMG_07550,-41.31085333751263,139.22341343585788,714
IMG_07551,59.51334184651108,31.521274476919785,57
IMG_07552,-29.947104118507998,-67.73954378200645,310
IMG_07553,-29.866026578305856,-67.51771092048135,310
IMG_07554,47.2397091460565,93.71855599216474,37
IMG_07555,56.47131979103932,25.7466248789778,451
IMG_07556,60.91175452505422,40.8837455621977,195
IMG_07557,10.557175745827095,143.70717132917207,186
IMG_07558,-38.43748635030792,-70.43123496912631,322
IMG_07559,3.383827133642143,104.686932798484,216
IMG_07560,58.55753168862873,47.964793848678966,586
IMG_07561,-10.768525320519018,95.70907970789682,65
IMG_07562,-31.24771907814261,-52.43086603439984,81
IMG_07563,30.07328101960563,-102.9052513043938,580
IMG_07564,32.07201802219495,75.94789439818913,511
IMG_07565,32.81111479551481,-108.5852075048515,613
IMG_07566,0.1922053462599251,-72.86782049132432,360
IMG_07567,58.37769949178738,5.318341918239298,379
IMG_07568,57.36263433248428,-4.861700892517177,901
IMG_07569,-3.7875474569214873,-33.71519155274558,167
IMG_07570,-22.826816964788197,26.84987900249536,886
IMG_07571,-13.678163248372089,-72.31477340051923,289
IMG_07572,42.93521657316177,-113.48114035526254,973
IMG_07573,26.23755069012566,96.76214782277192,181
IMG_07574,-9.70565751156994,-38.556073508191474,177
IMG_07575,43.45987224217444,3.7770115079977984,757
IMG_07576,28.79857482817694,93.51171730610464,419
IMG_07577,40.56822951284494,29.93139178033681,590
IMG_07578,38.36745375400386,41.71871979922011,217
IMG_07579,-35.897103158349324,-72.19956127222045,682
IMG_07580,30.278931258990667,70.72859680389905,729
IMG_07581,68.08031914318678,15.611252347929224,622
IMG_07582,-29.86923781468591,142.91356309496086,643
IMG_07583,53.16198525980042,73.16641980977474,858
IMG_07584,-30.400428844481,33.39784310214671,467
IMG_07585,35.0264719229788,43.03848987276558,217
IMG_07586,8.87820949325831,41.77154514549847,420
IMG_07587,48.057005377036575,-106.10587410115173,3
IMG_07588,63.776069329520624,32.63592143955918,288
IMG_07589,-33.39565461965756,141.13424373551868,690
IMG_07590,29.49829647389842,68.33939023907135,70
IMG_07591,3.3791046748238216,-74.51797384897569,282
IMG_07592,55.30655806930724,82.25611874364739,998
IMG_07593,-31.307631780418436,115.94730522744896,615
IMG_07594,10.887538847791587,43.116819046651614,420
IMG_07595,61.93476647154375,-132.5033565002534,231
IMG_07596,1.3471142810968215,-79.90635422604201,169
IMG_07597,43.56161533480798,101.27594198046046,678
IMG_07598,55.816592761805225,74.53456340607266,569
IMG_07599,-20.450243828953845,-46.9829704733807,777
IMG_07600,-34.295346375771686,26.4155253455649,388
IMG_07601,-21.545675559912556,31.20158148369552,900
IMG_07602,-5.571896922910696,-40.11013840591701,22
IMG_07603,69.43665717102408,37.471325950782216,933
IMG_07604,45.783695849316814,102.50232709581924,931
IMG_07605,-3.1205706137246096,27.70895505367281,904
IMG_07606,58.19794945241858,-133.5154131756775,800
IMG_07607,61.75189287647908,26.13675761110508,811
IMG_07608,41.814988859285336,43.70922118227455,25
IMG_07609,-22.376068474733927,-54.37675212107011,813
IMG_07610,56.2345855435396,17.40069623113473,971
IMG_07611,-10.7752245874006,106.31899055513104,346
IMG_07612,51.84908644898368,47.371807523651086,882
IMG_07613,-33.388264493494674,-51.66263988399152,392
IMG_07614,11.646670885435014,-74.75750013547156,681
IMG_07615,33.22264920710607,-86.98884686716595,54
IMG_07616,6.423613834972088,118.40542658327765,311
IMG_07617,44.16166036955588,37.1827732818291,925
IMG_07618,-14.43996882787802,-0.7525535223957718,321
IMG_07619,-14.397903820096488,-48.37762355261265,229
IMG_07620,65.86144580440305,21.752507297979093,503
IMG_07621,52.57918975127277,101.1375980494347,930
IMG_07622,-28.789858124075096,25.496745396406567,576
IMG_07623,61.08382520045595,20.141077427961392,166
IMG_07624,42.89407305351284,68.87047046061582,210
IMG_07625,-24.83175449057421,-52.195273859122665,984
IMG_07626,-20.77177574606881,118.25164293009038,454
IMG_07627,30.56207694683461,-102.50575819367924,205
IMG_07628,-21.71165133639667,-44.19341106137978,284
IMG_07629,42.520163136524616,-121.8057358935805,447
IMG_07630,-27.47513563008166,28.980734663406167,587
IMG_07631,40.3860843022984,10.633165158328865,489
IMG_07632,52.25927732372688,25.477884500574504,176
IMG_07633,40.37031076869914,-89.1046646995411,852
IMG_07634,-35.714555291345924,147.34166548438816,546
IMG_07635,26.786271392389324,84.67007539067981,798
IMG_07636,41.522119516964096,-7.068391334854766,565
IMG_07637,-25.645442239934823,148.8905268155362,549
IMG_07638,36.1950702320858,75.86971285151549,730
IMG_07639,-15.410654108788478,-69.70077005577805,98
IMG_07640,56.71113310729507,-109.39647088439774,417
IMG_07641,35.528523406808574,6.60341457430539,349
IMG_07642,-25.79904057511953,25.36502032292759,62
IMG_07643,59.82993368474331,21.65216192303842,166
IMG_07644,43.65950596106708,-88.28160313218204,32
IMG_07645,40.81205790047636,-97.8915256521991,917
IMG_07646,-21.330334832389667,27.832935594842468,413
IMG_07647,54.742022746677634,18.064671363259865,971
IMG_07648,54.03466441842568,10.01062766605844,644
IMG_07649,-3.1081573856896227,-51.16146703487718,737
IMG_07650,-25.06853958007852,-70.00892257627922,633
IMG_07651,51.56272397196659,-133.47671090820552,551
IMG_07652,56.15739427596921,-120.03008359480296,380
IMG_07653,-5.622794896626601,-47.05098450382445,352
IMG_07654,53.63159490043572,3.264331596556275,363
IMG_07655,59.31073013120215,0.145651984933778,766
IMG_07656,-27.307910977811275,-48.65176375628363,339
IMG_07657,-16.267530906328773,146.31385667370995,606
IMG_07658,64.86177458998876,19.256639305140084,807
IMG_07659,-13.635010970302716,-54.79024456361306,612
IMG_07660,53.98722304799426,86.40028333945963,425
IMG_07661,10.329213376955096,46.67914978750463,134
IMG_07662,-21.74111962744999,27.251408182684315,413
IMG_07663,28.868076278316806,80.68888427285083,458
IMG_07664,-12.385710589751085,-4.736732758674577,296
IMG_07665,39.36929410844533,-87.43235367974745,440
IMG_07666,49.95779451409891,101.31264960174856,963
IMG_07667,53.637602519615626,-117.88195760807288,40
IMG_07668,42.95505411240245,45.99720488329166,180
IMG_07669,60.81407570349654,79.58627398907822,589
IMG_07670,41.97183593589477,75.70303682969461,518
IMG_07671,44.71077258416474,111.32025519316784,938
IMG_07672,50.84325615939258,-3.205557355912532,215
IMG_07673,67.18353717879307,34.00441134774704,494
IMG_07674,29.44774542316057,-93.64047445790357,89
IMG_07675,36.8573326414124,-89.68025214633819,911
IMG_07676,-29.72395465049796,22.110416162256055,957
IMG_07677,66.89665000114059,-105.36926703770384,823
IMG_07678,46.64952257079989,-108.98773764370723,3
IMG_07679,61.270098692262366,73.01554138542241,435
IMG_07680,45.07506557213742,17.517248333262557,374
IMG_07681,-19.93579396108421,-43.53312731379154,601
IMG_07682,-30.04159051969144,-60.09395637338284,810
IMG_07683,43.80907626298088,73.77583866567676,157
IMG_07684,32.77493091683979,-106.35545358609974,613
IMG_07685,45.70272240285317,102.2796385154652,931
IMG_07686,-2.8049205620150985,10.952758689365112,652
IMG_07687,27.866273857501795,76.83146980632063,978
IMG_07688,53.60788082581325,94.95077689641914,914
IMG_07689,31.122305930944265,-115.28099676431889,178
IMG_07690,65.17650114053293,26.92748010311152,503
IMG_07691,27.019982564090768,-97.27645145799266,384
IMG_07692,45.55914764706648,-118.29101797914124,19
IMG_07693,32.16167890355737,-92.21442640004396,637
IMG_07694,-3.6608127241481583,37.06311216595651,672
IMG_07695,59.7431467975662,13.060997071431473,779
IMG_07696,47.37052549975442,-125.3172090534919,319
IMG_07697,39.496461213339785,22.712726973587397,436
IMG_07698,1.4526441380274375,-81.31691113369335,768
IMG_07699,-29.398339206920888,-70.06057262793465,713
IMG_07700,62.5066934399712,72.50270715121485,104
IMG_07701,36.09335376865954,105.6939274475285,443
IMG_07702,29.346534055652725,107.30131477232844,52
IMG_07703,52.56535747198433,30.41207444831298,13
IMG_07704,31.6594356289926,75.52998478950417,511
IMG_07705,66.23282927989652,24.63729653875822,503
IMG_07706,46.878373845087054,7.869022997493516,381
IMG_07707,50.36107441233102,-113.07706845435162,351
IMG_07708,51.88484769572409,-109.87426398756422,641
IMG_07709,56.81471001425365,90.6443197927614,187
IMG_07710,-28.792572330929907,149.43951622700718,35
IMG_07711,49.90902824359097,-117.36692806942324,650
IMG_07712,-11.685110519985358,27.36851819542892,63
IMG_07713,-31.080278128692434,-53.655589839373306,559
IMG_07714,44.494089048709554,79.28618453599404,299
IMG_07715,43.21352724109392,107.17183984209998,132
IMG_07716,39.2806943594976,43.5313683992658,703
IMG_07717,29.79201262202784,-97.33714938070108,893
IMG_07718,38.82565403866784,74.55981803407079,411
IMG_07719,37.13246568000461,8.261332193971128,349
IMG_07720,67.14142123800582,-102.87133433591244,823
IMG_07721,-5.069660887037344,-42.723231634158026,22
IMG_07722,63.10219514120885,-127.67956911684634,872
IMG_07723,-21.571839327164795,29.685860760985207,712
IMG_07724,-21.261496664235157,-72.13106795517847,51
IMG_07725,44.60031501293645,-3.664795150039936,685
IMG_07726,7.423521371340996,14.309509858024056,325
IMG_07727,-6.3546036374484345,-43.18059580623813,657
IMG_07728,58.50360898319812,21.04581520750375,856
IMG_07729,60.31491062897902,-112.9205516736448,733
IMG_07730,42.10014533558012,8.795150283930951,17
IMG_07731,60.51163178257372,-106.00785593718558,733
IMG_07732,-19.741950948147064,29.856045114090502,122
IMG_07733,36.10137347300784,-110.0519722188826,47
IMG_07734,40.89845105470869,-109.67724970898873,408
IMG_07735,50.99687820982362,91.74331855008444,740
IMG_07736,-12.44346455344288,-49.766204166838975,891
IMG_07737,-16.88771572258831,63.06215938035962,541
IMG_07738,67.93975607247842,-109.71672656471443,662
IMG_07739,-26.67401285762179,26.081795775422734,62
IMG_07740,35.38707815288248,8.939197981043378,349
IMG_07741,65.34465616576671,15.259408634311626,396
IMG_07742,47.373262034384055,75.05977274249486,14
IMG_07743,36.56854457524332,-96.13610671686736,12
IMG_07744,53.02333984225169,25.548719024209504,176
IMG_07745,2.8076986457217004,-80.67623469826431,768
IMG_07746,7.580328436400421,50.50055462120781,845
IMG_07747,30.58668175865688,88.50504312474845,87
IMG_07748,39.44324766843204,8.242421675125058,489
IMG_07749,27.268017342612325,88.71370682209636,697
IMG_07750,56.5562234867972,-86.72894718978019,814
IMG_07751,50.97320985894942,-100.8855966256771,663
IMG_07752,49.83461398940256,47.80306569771832,882
IMG_07753,-41.582131658415,-69.7917811761189,109
IMG_07754,-23.72158013301336,-126.12530496892654,88
IMG_07755,-15.795334349000498,-40.64726315653422,432
IMG_07756,-40.52776831222892,-62.0555691867348,103
IMG_07757,48.77487106950685,-104.96089400793174,302
IMG_07758,62.45170059177957,15.116561567632177,571
IMG_07759,-21.95709654147437,58.96680969940053,58
IMG_07760,38.1995960533707,-120.08964346463048,499
IMG_07761,-21.680145328146978,29.09050731489853,712
IMG_07762,49.194483966197765,30.53166973041101,688
IMG_07763,-28.25266331053718,28.303143143019582,587
IMG_07764,69.97644688266422,65.59059185142473,965
IMG_07765,57.51439283163933,-115.19128446359838,151
IMG_07766,33.50235196790854,-92.67588013497954,918
IMG_07767,47.43308057400088,98.05112598812808,493
IMG_07768,-6.219533851304135,-81.10981512990838,684
IMG_07769,42.88983630184805,-123.90221475162213,150
IMG_07770,43.19960324037305,113.19587538673876,6
IMG_07771,-23.88930937823369,32.598324497041176,502
IMG_07772,40.53532350303743,-115.82605974876094,854
IMG_07773,-20.386217421928976,-52.79638396450778,575
IMG_07774,51.38949013932768,81.48179061804137,496
IMG_07775,40.89117803372011,10.340605533547262,489
IMG_07776,26.72112768336932,87.41079253502528,697
IMG_07777,34.08269145514839,-104.9164292046678,137
IMG_07778,33.03493104594557,-120.29542159315412,474
IMG_07779,16.423478956983217,-14.764994787085527,331
IMG_07780,32.078577691053056,80.89635736783748,112
IMG_07781,-21.92440964403474,-67.09630947472213,343
IMG_07782,16.214822051824427,-18.47890412997876,649
IMG_07783,-22.04148602666844,-53.2148194922932,599
IMG_07784,-24.02147123156007,-62.53727356284067,910
IMG_07785,54.86157828896273,-125.276907233172,470
IMG_07786,64.28315281511726,43.417616483506464,258
IMG_07787,36.14927745740755,-120.1655907479758,761
IMG_07788,32.30030237143205,75.9436548942711,511
IMG_07789,62.23151522442467,-114.52851246097087,561
IMG_07790,37.58583341721257,102.71751194780416,443
IMG_07791,-32.77267483525846,-61.79390194161046,630
IMG_07792,64.18584483349014,100.70504157667688,634
IMG_07793,69.00423755929478,67.920693058268,141
IMG_07794,-5.631018578969986,-73.96976872196545,130
IMG_07795,51.58894001585665,-108.36847111276737,847
IMG_07796,37.60241345102256,-112.338750724563,179
IMG_07797,48.41440790174596,-123.20467501631694,319
IMG_07798,43.313582198330494,-1.1931567116774318,362
IMG_07799,29.41502021285835,-109.7732556231822,407
IMG_07800,-0.2463291521784469,38.19051906768877,136
IMG_07801,49.20407112364387,-106.58831091595589,302
IMG_07802,36.99499086886488,107.69857945955287,255
IMG_07803,-14.103452363852496,-50.879216496253406,506
IMG_07804,45.59669098169579,17.832073685363753,374
IMG_07805,-15.294458448309314,132.1897806022867,453
IMG_07806,-23.709756975630867,29.328062863094942,386
IMG_07807,43.89324671671153,103.26027463775506,678
IMG_07808,-20.44368987423455,27.182352766966773,413
IMG_07809,70.90376121933565,-106.87330846159996,320
IMG_07810,52.09162174562272,78.59018503840338,496
IMG_07811,-21.37052840724985,26.56200360597421,413
IMG_07812,50.425023294572526,-99.35733089660836,663
IMG_07813,56.77081316404701,-125.86942721450728,470
IMG_07814,49.673734461776064,6.255700928641943,946
IMG_07815,-9.85466230157624,96.40807281176684,887
IMG_07816,54.926626980019535,42.037738528696,478
IMG_07817,-6.12690444979205,-46.10921000925228,657
IMG_07818,51.49820293708126,95.35807306854632,593
IMG_07819,35.43685041044586,-3.007759227613235,366
IMG_07820,-22.898444095488514,141.59195237727772,348
IMG_07821,49.85937532169879,95.5564381552948,316
IMG_07822,54.97805905031146,99.7752422742841,755
IMG_07823,52.57018258175657,36.832085531256126,185
IMG_07824,59.06252109533372,39.727759052549686,734
IMG_07825,46.36436874617351,-113.0047951015879,609
IMG_07826,65.28561782987072,30.679140163917225,75
IMG_07827,10.68869422642993,3.286236576393748,49
IMG_07828,9.546045843321153,38.51763581892243,880
IMG_07829,48.20490576392069,90.49247573175212,449
IMG_07830,5.148577969469244,-76.72181293891967,282
IMG_07831,-17.80893377120364,26.87748199873033,426
IMG_07832,52.92507385029967,69.43396949621334,465
IMG_07833,37.69274174925442,-8.583173578846925,457
IMG_07834,3.70932904050089,8.696880806669213,995
IMG_07835,-32.27207039420175,-65.46237568510116,67
IMG_07836,46.5270565725981,35.49790403576688,700
IMG_07837,-22.11747058714643,27.579697355274675,413
IMG_07838,-31.1320646573744,150.46645970117214,990
IMG_07839,44.26991200224208,-120.61488140923002,447
IMG_07840,31.787152280865428,-91.5344022825989,637
IMG_07841,-31.127749782278823,23.32216086349473,957
IMG_07842,-26.13201952363015,22.663575454815145,466
IMG_07843,53.28132850648592,-130.79042912685392,551
IMG_07844,-20.9271850532452,-17.219975513443387,250
IMG_07845,-24.868049663327326,132.07054443780794,271
IMG_07846,43.84882789024704,-4.278758238496835,685
IMG_07847,2.939850182303985,-72.6273426022466,360
IMG_07848,61.97491034198677,69.53007873924562,104
IMG_07849,39.19000366132721,112.07868322156804,627
IMG_07850,54.874542405005855,-120.17204784486115,380
IMG_07851,56.56458424098781,-119.43024547280652,937
IMG_07852,-29.98964471105878,-63.5880011419184,881
IMG_07853,47.01612902009725,73.09948788194617,974
IMG_07854,48.0659503167806,-98.84909402232144,281
IMG_07855,60.99678397334321,24.088885783660373,811
IMG_07856,29.6322878448744,-109.50831554226396,407
IMG_07857,-34.19157362019212,-71.25089005983425,23
IMG_07858,61.31660769018751,79.15421695704242,589
IMG_07859,39.187377557961184,-8.572157995857367,337
IMG_07860,36.50430436837692,34.248384337238434,173
IMG_07861,-37.09233863727501,-62.74215941446214,196
IMG_07862,39.92071318700391,-116.04257671028758,854
IMG_07863,55.13861920535234,70.47813249164847,465
IMG_07864,47.20506067816444,43.12766662852857,750
IMG_07865,57.83417449482286,-4.33156298252834,901
IMG_07866,-29.880369176384704,27.353442361178598,524
IMG_07867,-4.658608165895032,-43.90864830985652,277
IMG_07868,44.85125707498944,102.55442021445674,678
IMG_07869,37.96259167975607,-114.72687818445829,796
IMG_07870,59.95241502052278,5.575875512880117,505
IMG_07871,-17.39665988782238,-76.2238725649367,728
IMG_07872,-6.940750348995195,69.36286982629625,95
IMG_07873,46.31298970702707,38.87651528171898,700
IMG_07874,2.579843028913217,-74.06937091564001,624
IMG_07875,56.67233890966082,-107.28731436290217,417
IMG_07876,54.09800752958864,-9.50830975793815,125
IMG_07877,-33.07426376746224,-54.6264512085467,559
IMG_07878,-33.1857495200383,20.574051760059632,110
IMG_07879,-10.565490866330023,-45.00252917001495,163
IMG_07880,3.3833216214194834,-73.24272895690302,360
IMG_07881,46.048948597004426,-90.08139464771196,501
IMG_07882,41.62855185192532,-114.11480558566036,300
IMG_07883,55.250082343410725,65.81560520002404,73
IMG_07884,59.889034429479125,67.64458087219583,290
IMG_07885,57.56068103670864,-128.78251035599013,582
IMG_07886,42.67047390771143,-116.4962710861932,973
IMG_07887,61.15356188192197,26.26481559015397,811
IMG_07888,32.78084484204629,-84.41747672337934,579
IMG_07889,40.207090709649776,38.26091013998379,717
IMG_07890,60.88380153294773,32.21201368335687,57
IMG_07891,57.87292846381388,-118.24915277623602,937
IMG_07892,-3.5062998031407915,-48.540350408881466,743
IMG_07893,42.9715765524862,-8.995743281300946,209
IMG_07894,53.9459214823471,-7.659724906748551,125
IMG_07895,9.166732892227458,11.433413711201013,742
IMG_07896,37.37931305672328,-106.49858301798898,722
IMG_07897,39.43263819970656,7.898034784271715,489
IMG_07898,39.95338778956989,-88.29234728233803,404
IMG_07899,49.18319383805414,44.56635639718132,118
IMG_07900,33.216362375496175,-84.84258573406872,579
IMG_07901,36.59892380570051,28.843910099905145,892
IMG_07902,-37.27708613117105,-59.42011163710092,527
IMG_07903,10.266057854264062,42.04309667441373,420
IMG_07904,54.9340817753295,-91.80387444316534,361
IMG_07905,28.398158780005176,-100.28610758084118,980
IMG_07906,44.22142537808324,78.56068016402844,299
IMG_07907,66.92308170467675,13.566697945081472,622
IMG_07908,-20.420091705390803,-64.01160110965742,143
IMG_07909,52.797912123494655,-111.16708981797235,351
IMG_07910,40.98043554235946,-124.72679381386524,150
IMG_07911,42.59397504639168,81.60544160752107,909
IMG_07912,-14.430176190831702,-52.846451854046194,506
IMG_07913,46.7987553533294,-106.6114964261508,3
IMG_07914,55.4578070711234,-9.935182812698912,125
IMG_07915,-24.624671477337188,141.82496824010963,348
IMG_07916,-13.48526054461827,-76.34324966294304,945
IMG_07917,48.59725427720258,-121.85372768405315,242
IMG_07918,36.06727499679181,-0.2587185150014761,366
IMG_07919,8.207747265475945,-80.33666144884444,190
IMG_07920,39.08220707277451,-112.28267215487357,796
IMG_07921,42.61184688392154,99.23068918562063,883
IMG_07922,45.08465797915969,8.609447476968256,218
IMG_07923,-22.03918168617014,-60.329279888000514,815
IMG_07924,43.7862124512973,2.425173973046185,757
IMG_07925,42.46836640138992,20.84096487198985,695
IMG_07926,47.74299465894484,40.63928488063479,750
IMG_07927,-30.327349477789937,142.0235297629107,643
IMG_07928,57.496057953262834,105.33933058450066,61
IMG_07929,35.53787423580414,15.267914932189228,920
IMG_07930,64.57651097854688,-109.44601987722098,823
IMG_07931,-25.13055994746364,132.46678335429556,271
IMG_07932,-40.68509026484739,-59.39749917957697,928
IMG_07933,38.26180839411364,-106.13775332700882,722
IMG_07934,39.54030986557245,3.0940769759020554,213
IMG_07935,26.849304159783728,-103.39374205512296,580
IMG_07936,-4.8691000470335695,31.2100096150061,237
IMG_07937,59.84618872454615,-116.6017748349032,276
IMG_07938,51.87748767335745,-106.0290038285928,847
IMG_07939,13.931711893535777,8.86890518739554,156
IMG_07940,-18.4869104792961,146.64674498728277,871
IMG_07941,58.448360247122906,21.55537591172572,856
IMG_07942,-11.046634829206084,122.5717188698423,835
IMG_07943,-30.93705984539634,-58.99446201339518,810
IMG_07944,-23.489790005030528,138.7286932028278,850
IMG_07945,-1.4881308904730162,-48.77979356528232,168
IMG_07946,37.12721623864856,-123.9146102445618,257
IMG_07947,-27.05475762198155,27.08982788025071,587
IMG_07948,62.25258190034029,28.19048149599857,992
IMG_07949,43.616094811664055,20.80998135911753,695
IMG_07950,56.69875427622037,-119.64117290975868,937
IMG_07951,40.78095091451976,-90.10897397610296,852
IMG_07952,1.6851022047771949,-71.16630557662778,360
IMG_07953,60.61243461453236,30.555496708604156,57
IMG_07954,44.66060104604202,-90.92867188278052,501
IMG_07955,32.11650646795346,-91.35950175873008,637
IMG_07956,70.13077084651843,32.26215499201251,933
IMG_07957,46.30764593303462,-88.84472469725566,501
IMG_07958,48.13428899069663,26.91721290645887,692
IMG_07959,-43.79027659763762,-71.59602810962741,460
IMG_07960,61.07953480331688,67.17193764577382,290
IMG_07961,-54.89374805539458,156.15965097172182,133
IMG_07962,40.54187868292706,-110.13596828245628,408
IMG_07963,-24.543570434698463,-64.50315401673626,620
IMG_07964,63.48452937664135,13.596810375026536,597
IMG_07965,1.9989310255917303,-57.764386533912045,952
IMG_07966,39.09187178536544,43.083365771997535,703
IMG_07967,50.31659706021958,20.856086517352026,53
IMG_07968,-17.560928699118634,-47.8548407478263,7
IMG_07969,31.53258085225997,-88.00818371824147,54
IMG_07970,45.32982044850496,38.11216413092152,925
IMG_07971,8.915736318143146,37.13842741143503,192
IMG_07972,58.976572781197206,22.61586277449237,856
IMG_07973,52.61540512033864,97.56297734950556,593
IMG_07974,-19.376192579652624,22.09580325972962,621
IMG_07975,-26.53867014575661,-69.85719186567039,633
IMG_07976,54.48775881727397,-116.15156977424718,40
IMG_07977,41.52768601162131,42.40607198353902,25
IMG_07978,55.42892936975514,64.99953615961792,73
IMG_07979,61.52285896107409,11.386220597105876,121
IMG_07980,49.88241980779401,-124.41734655789664,783
IMG_07981,-13.51090229166678,29.2326283110682,464
IMG_07982,47.58206521494898,2.094608013687605,334
IMG_07983,44.14575631889073,42.503870308541366,418
IMG_07984,57.74798166518025,-0.9364739025131428,403
IMG_07985,-2.252364734691525,28.57230496212901,904
IMG_07986,-9.683850792253764,-58.84617888647252,610
IMG_07987,-38.199574859812856,142.87226886267956,972
IMG_07988,35.20074940974743,102.013176409785,443
IMG_07989,45.67870995767393,11.705726373531462,218
IMG_07990,54.59887838298914,18.3411368961267,971
IMG_07991,34.87142138992634,-108.12444832406774,47
IMG_07992,53.65402416701326,-128.0952863202513,224
IMG_07993,55.7772133644682,73.60060172035816,569
IMG_07994,63.109298697155054,29.574375685720952,992
IMG_07995,5.737503200300381,11.85285591836498,84
IMG_07996,53.62505472920631,20.11742156992597,445
IMG_07997,58.32467534968831,-113.48949200976384,151
IMG_07998,-34.993144805547175,-65.30672042406997,664
IMG_07999,52.55810969131579,-100.7256647984895,239
IMG_08000,54.35597173657442,-133.31671003965164,551
IMG_08001,50.973050857056194,46.03464933054505,882
IMG_08002,-15.866096056870347,-48.27710876993592,229
IMG_08003,-13.909209832491186,128.46012557817545,304
IMG_08004,66.30662484780461,71.70847871664864,584
IMG_08005,50.537919709325536,40.92863151789314,105
IMG_08006,44.12029460515933,3.172698020632197,757
IMG_08007,-20.933357253001414,-40.24559087456623,298
IMG_08008,52.5561178046095,71.65128408774348,858
IMG_08009,29.70036561673805,72.13273680285391,729
IMG_08010,42.55923383659018,-3.849580204934711,565
IMG_08011,-3.462745740790794,-57.79311307316252,840
IMG_08012,41.119215536668975,29.370623952860345,590
IMG_08013,40.17928334243896,-116.23497049937872,854
IMG_08014,50.638101970408485,-119.24769695357163,650
IMG_08015,49.12237634269016,-0.645878953481855,534
IMG_08016,62.78199159600084,21.234696896333105,364
IMG_08017,43.54214062550102,-100.77011029266924,430
IMG_08018,59.246926102841456,13.65017335597841,779
IMG_08019,36.18987062227603,29.649479015966502,892
IMG_08020,-12.917047403433656,-66.15657377214467,401
IMG_08021,47.87776595606917,22.58789516329108,860
IMG_08022,5.740482632275416,37.21553047210355,864
IMG_08023,61.96809851685754,23.850271740006065,811
IMG_08024,54.671616312771306,102.82367879453824,226
IMG_08025,16.104933767722372,5.805756895402226,747
IMG_08026,36.49774957087391,-84.62093699172206,898
IMG_08027,38.141071151627074,-96.53427988521103,708
IMG_08028,61.34709461241528,71.25634073923317,104
IMG_08029,29.134913042061697,-100.154835390315,980
IMG_08030,44.900824379675015,-97.07877173198852,666
IMG_08031,-32.04964543816293,-79.5816525277073,405
IMG_08032,-23.19698060114652,-48.35538648190368,119
IMG_08033,42.77325164842557,-92.37037970157526,567
IMG_08034,55.95085984105077,43.22993562861584,412
IMG_08035,46.72506663072176,-84.66930340651163,397
IMG_08036,56.44620419614017,92.48902951339323,187
IMG_08037,0.492298243986923,115.51607565766614,701
IMG_08038,37.809759269602665,-120.81191924494306,499
IMG_08039,62.88376259124897,111.01082344359747,194
IMG_08040,52.67250633471588,-120.1587522038854,536
IMG_08041,38.174531234006906,24.234056186766253,56
IMG_08042,53.81395441536549,99.44445315075257,226
IMG_08043,42.75610376665077,-109.5519886280013,592
IMG_08044,51.34945358465024,21.962868854855657,875
IMG_08045,46.44600646997054,-6.974131595126664,903
IMG_08046,56.81319533646493,-8.325815859679238,243
IMG_08047,33.20334282035509,74.11842259967719,305
IMG_08048,-24.370814529510756,146.228673961325,507
IMG_08049,66.42282800237336,81.4659968596826,746
IMG_08050,-15.076093162611812,135.21973026369784,658
IMG_08051,50.6156708658267,33.76830479211003,828
IMG_08052,55.34508074785023,38.118214544573306,848
IMG_08053,-1.685119742101648,-82.76657765848559,553
IMG_08054,-29.67222207340433,24.563610814946173,576
IMG_08055,44.92719510114552,-106.0785234496825,993
IMG_08056,-11.515671170432938,133.43979271100363,26
IMG_08057,35.925305123811626,76.89364815411489,730
IMG_08058,-12.687447990834698,-64.0126201567636,401
IMG_08059,-29.760933056786385,152.27920322608043,523
IMG_08060,-19.37641051642385,26.36501647059606,219
IMG_08061,37.49490719464072,-8.564245130756888,457
IMG_08062,-24.466932389085656,-41.66336654853629,721
IMG_08063,53.500951633336825,-119.32028517792564,40
IMG_08064,42.75038479704543,-97.98048070490552,175
IMG_08065,-18.042527959745613,-45.1565064905252,601
IMG_08066,0.5418920342190745,15.847630096164096,767
IMG_08067,-3.09302283810203,127.52560808687002,611
IMG_08068,-6.492026006989093,-72.74087890428532,130
IMG_08069,-6.208084245169516,-75.66380184779635,888
IMG_08070,-18.0643548453678,-42.86064474184886,601
IMG_08071,-29.32005831920312,142.81296109338234,643
IMG_08072,47.27947226869145,11.768667565133171,628
IMG_08073,30.548900118323388,-86.76789198691867,234
IMG_08074,-20.78271180417049,146.08055907051858,159
IMG_08075,56.02034746086369,40.35995015849701,412
IMG_08076,51.34449043111562,35.77183761769015,185
IMG_08077,1.8874216056990747,-81.2382892604391,768
IMG_08078,-39.16538776275627,164.42946757766464,913
IMG_08079,8.751467648442542,42.486390144193166,420
IMG_08080,-12.132356995713138,-51.68160676035672,891
IMG_08081,40.1108048623002,-7.184845339223074,337
IMG_08082,9.045634094365823,13.016646978899502,742
IMG_08083,52.93284532522256,-119.8427402266829,536
IMG_08084,-32.74335321349626,156.4447290631304,691
IMG_08085,44.470526037560376,-109.024158978513,592
IMG_08086,67.4406979835581,23.4067273521668,680
IMG_08087,33.01625104381641,-109.0902636922709,225
IMG_08088,50.95389244602842,99.72759203702594,963
IMG_08089,41.04788050458762,2.7509667391661026,607
IMG_08090,61.69762735622149,29.7384411884392,992
IMG_08091,-26.797641712183065,111.45132624666894,660
IMG_08092,60.12549306601864,40.73698965189857,195
IMG_08093,-1.3856007108577444,10.252035282118328,652
IMG_08094,7.947084591564447,49.00498961438592,845
IMG_08095,7.627947242098116,-76.93398713214575,681
IMG_08096,63.91451574825277,-118.013624268162,820
IMG_08097,51.9054320761922,75.80922664360406,926
IMG_08098,-40.56513684084247,-70.98850243558152,395
IMG_08099,-15.7404474285473,-68.95738773786483,98
IMG_08100,5.900871004437079,37.31642899131404,864
IMG_08101,31.286185889226715,78.13118163529833,112
IMG_08102,26.96135335324729,108.8709545409094,832
IMG_08103,46.89293854354298,-122.72640854113028,319
IMG_08104,36.52565528691716,-1.4160706928149691,366
IMG_08105,28.59552821128794,-101.8413827621925,580
IMG_08106,65.95751501720446,68.78340171646408,584
IMG_08107,38.55744037553728,-102.4318290856383,345
IMG_08108,44.042603791023566,28.582906276341475,236
IMG_08109,35.74285948981989,-120.49800111446125,761
IMG_08110,-29.256576413103943,122.35545780362128,385
IMG_08111,62.841484592204296,4.699458387074515,791
IMG_08112,-22.212371021980147,139.4724653675737,850
IMG_08113,44.80100154277591,21.47400880343099,120
IMG_08114,-8.122444368591971,-39.058700462481085,557
IMG_08115,-9.588453579456882,-62.74836451675145,853
IMG_08116,61.94778029318479,-127.51543400151871,600
IMG_08117,28.41422599566262,-105.77472050971468,725
IMG_08118,-16.591835459436666,29.183728712909694,947
IMG_08119,1.42398096161061,4.017839187692772,317
IMG_08120,7.058515470493518,82.0480786177634,422
IMG_08121,44.229930161990296,-118.43225951946644,447
IMG_08122,58.26228351473554,27.350911014168503,368
IMG_08123,-12.764195770900642,15.61832987728431,780
IMG_08124,-1.8330321103672131,-46.611516561731776,902
IMG_08125,-37.65812465810564,-64.19280025889185,772
IMG_08126,54.86128924127715,-126.4601507912222,470
IMG_08127,-2.7716129394381994,-49.23759980243656,168
IMG_08128,0.5016521308227482,5.757948424645292,317
IMG_08129,50.54304209063008,29.237501356254228,688
IMG_08130,36.43623868141124,-109.21245745423434,47
IMG_08131,41.834410307250096,68.99017180209563,80
IMG_08132,63.01886427361149,12.756232587245163,597
IMG_08133,31.132635547627277,71.90540209009777,729
IMG_08134,56.85079520153198,105.3116075023142,61
IMG_08135,53.28504970008342,10.691006591485063,644
IMG_08136,44.17481177839545,24.962007088829267,950
IMG_08137,35.53918827531973,9.886942004246464,490
IMG_08138,60.85697005490442,45.267710191532615,677
IMG_08139,11.609375138263148,44.87259423281168,862
IMG_08140,-16.533113914249256,-63.64460530106932,715
IMG_08141,7.0165370935145575,40.648789115432834,754
IMG_08142,54.43602824368111,-118.08890130627992,40
IMG_08143,47.65613365042327,36.94167024603729,262
IMG_08144,-3.330782958761546,-51.54986067389538,737
IMG_08145,-5.576792057477263,-44.885937655309874,657
IMG_08146,57.84735043863387,6.202504828935531,379
IMG_08147,4.461219368765029,36.02650592560116,825
IMG_08148,50.89949295817144,-1.7408491478673511,215
IMG_08149,44.574277566343056,105.73947889628454,132
IMG_08150,-25.890147051227217,26.65740291531208,629
IMG_08151,43.77349033091394,43.96539141820583,418
IMG_08152,-36.44746023014671,-57.26645524948802,527
IMG_08153,38.1733561115949,1.9434868859764265,213
IMG_08154,-13.933393180737852,-41.049568803037374,836
IMG_08155,-27.378207122795477,40.85184500053262,789
IMG_08156,39.68859600138967,-0.6303000687987321,727
IMG_08157,50.75163527780717,44.43093592724378,794
IMG_08158,-21.536268677455496,-41.59283505496131,298
IMG_08159,40.79670778537411,-108.5540855167882,408
IMG_08160,-9.297601375198496,-71.54702297035048,459
IMG_08161,-21.87262115074641,-104.89161388106876,598
IMG_08162,67.18041411055691,31.33198027029084,75
IMG_08163,68.343347385181,21.201567896895483,736
IMG_08164,48.77362039641008,101.01824784561592,963
IMG_08165,39.54790790006018,-1.4099532765554557,727
IMG_08166,-25.09821780828784,-46.76351619879779,356
IMG_08167,28.62439024192946,-95.48778063693342,529
IMG_08168,39.33374219412627,90.3755610822613,512
IMG_08169,33.44956542744893,-98.29506452460475,450
IMG_08170,-11.787258989479511,-76.11707591066985,0
IMG_08171,44.27917370945451,-106.84412561863114,993
IMG_08172,42.82152217455459,20.64579398242012,695
IMG_08173,60.743012234704594,78.38773379180503,589
IMG_08174,-24.599087741477305,142.07561270948054,348
IMG_08175,-33.58033877042701,-58.516045327887895,667
IMG_08176,35.032026804588895,-87.85303352722003,139
IMG_08177,-7.258782518581569,-45.860716806331965,657
IMG_08178,59.92213903388074,18.914836064163808,354
IMG_08179,-4.100326168805083,-64.0825792931401,455
IMG_08180,-15.02042257055129,143.3468387081018,606
IMG_08181,35.31168402213031,-89.29827410840457,911
IMG_08182,70.31081488336659,31.95049842928674,933
IMG_08183,-0.1185044577838851,24.68107408421332,738
IMG_08184,52.34608115788822,-116.45613621337182,40
IMG_08185,-42.85340686819475,-71.71837940891831,109
IMG_08186,57.539887557400334,-0.641142495898265,403
IMG_08187,-40.0542657083805,-62.364017068017645,103
IMG_08188,40.07858937507967,35.01121786703612,653
IMG_08189,60.67048744120126,-129.98844867037542,231
IMG_08190,-7.47511890753006,139.25324782290176,749
IMG_08191,56.68227706945237,-122.29980833658097,113
IMG_08192,-22.01268511063074,-41.18882686806904,298
IMG_08193,-31.780123913080715,24.77987417188001,576
IMG_08194,-41.05147574688476,-67.93328540912606,710
IMG_08195,47.40345295432584,33.214934148810954,414
IMG_08196,31.57152479220838,-116.25931625647362,178
IMG_08197,41.41880481124025,-121.78407811895832,970
IMG_08198,26.779355045218157,-106.3702098928714,38
IMG_08199,41.62454459238842,-118.49166578410274,854
IMG_08200,-29.95191945383772,28.520647271584263,524
IMG_08201,34.15188167875888,-104.5055092917088,137
IMG_08202,-6.488104989675122,-51.44568781884018,804
IMG_08203,-8.98613915632518,-139.64349535005132,27
IMG_08204,52.98087548993567,19.19670385934677,445
IMG_08205,-11.41615499784598,139.25072375546506,954
IMG_08206,56.67477250298995,39.01848830185048,412
IMG_08207,-27.920446384280066,28.187002131789143,587
IMG_08208,37.09098272727164,7.591192508190545,349
IMG_08209,-4.494082706815803,-81.43695586932577,684
IMG_08210,3.067848871811464,-6.081688016572514,444
IMG_08211,45.50543766126515,-85.37865285380579,397
IMG_08212,-15.072789776638771,-77.26848187316885,945
IMG_08213,48.969089304169415,-124.9942375754576,319
IMG_08214,49.51994507069591,110.26630808727356,158
IMG_08215,66.62366856746053,-101.52532527589152,823
IMG_08216,34.01420304905291,-102.49021355570306,137
IMG_08217,40.1780649990902,-93.37165419520366,188
IMG_08218,54.86442939294125,89.89585262795026,859
IMG_08219,69.60369745639235,28.43749226784973,123
IMG_08220,42.88411144943916,74.37841879424406,157
IMG_08221,30.62879041835174,95.89288850192304,419
IMG_08222,47.884302045016,109.24441696154844,711
IMG_08223,-27.577464235692226,-63.185621256704536,683
IMG_08224,-27.15035200303054,-109.58211972183857,598
IMG_08225,41.21033900904746,32.513351888653574,308
IMG_08226,-28.30014892208783,122.798536030241,385
IMG_08227,9.470931738612506,41.98161249820117,420
IMG_08228,59.67605445591275,6.652480820863218,379
IMG_08229,54.71962761944232,-10.637000346555794,125
IMG_08230,3.938978262497642,29.997557338468766,560
IMG_08231,38.02703026508772,93.03019379669934,512
IMG_08232,33.122493626729664,-86.12243758444968,579
IMG_08233,52.18991292641394,-114.49376138537056,351
IMG_08234,42.32529196115496,18.44792040662168,374
IMG_08235,68.19153571491302,23.65424645508955,680
IMG_08236,26.246717488854895,-94.97231546444968,966
IMG_08237,-11.757223072599828,-51.758287255982026,891
IMG_08238,54.01693858490066,17.67952806696482,971
IMG_08239,-33.01765370318856,-71.00543667313542,979
IMG_08240,67.87869294920154,14.749288717091789,622
IMG_08241,-36.32827517532222,-63.20982617707857,196
IMG_08242,-15.922152131504134,123.31100563694156,253
IMG_08243,-33.00419655509249,-68.58576450491788,577
IMG_08244,52.57595288262456,-130.03151912666755,551
IMG_08245,38.2983889665216,-3.165774891218774,29
IMG_08246,-23.25081431041085,117.39422412714724,454
IMG_08247,63.6163457420802,-10.533358917051004,365
IMG_08248,36.11749035725356,-103.69630188645584,632
IMG_08249,-42.72255393938433,-66.42179020880596,269
IMG_08250,-37.68767376574812,135.07360936385373,400
IMG_08251,37.0928611734637,-90.95876312983007,911
IMG_08252,29.72162913373697,70.56626927502407,729
IMG_08253,57.24239265779664,31.671519935415745,962
IMG_08254,57.90046973044306,-2.906696028931691,403
IMG_08255,-20.876832156686877,145.190196250182,871
IMG_08256,66.65157322441988,31.762150475316275,75
IMG_08257,41.311470407109766,-122.76173937047322,970
IMG_08258,39.77778904920842,113.82796131586532,627
IMG_08259,-4.051744566320664,27.782963080637785,398
IMG_08260,41.95416629544542,67.32579321142089,80
IMG_08261,-26.038643933894814,-47.50040890843721,356
IMG_08262,-13.526405610532748,-39.21431339060035,836
IMG_08263,-3.124667388905692,29.49606101650346,398
IMG_08264,55.25435022408328,35.103586460537656,131
IMG_08265,31.39684187011936,-109.74168666272986,225
IMG_08266,41.50486390543523,-118.17033702478504,854
IMG_08267,43.50311827776068,-95.47764655041894,751
IMG_08268,-32.51180216478568,124.45919871546414,266
IMG_08269,57.143331387763,43.52459999153408,921
IMG_08270,39.51915623066526,-99.6110318801322,917
IMG_08271,-16.26230866429418,-72.42388798185135,924
IMG_08272,-2.4599529907981577,-55.79058264742022,760
IMG_08273,64.19751492614864,26.28756185425641,364
IMG_08274,-16.77209768220945,-37.61383605973052,432
IMG_08275,43.24921768697769,-8.965802421724135,209
IMG_08276,-34.47750875152617,119.62951874185605,890
IMG_08277,67.06109611385142,42.662023418010136,671
IMG_08278,51.31328241778019,103.6158790376154,930
IMG_08279,67.69578333972458,24.954248732600973,680
IMG_08280,61.40123091617937,72.33030189987062,104
IMG_08281,56.66901479008331,-123.26625314655564,113
IMG_08282,46.65917803750296,108.27836384728272,711
IMG_08283,55.84213083951573,27.64823082025936,451
IMG_08284,-32.54367963866808,135.10136134463608,773
IMG_08285,-28.64071795363221,19.40143448068693,314
IMG_08286,-33.0635476309567,-47.80153087881487,570
IMG_08287,-24.557246162150665,-66.18832928540864,343
IMG_08288,-28.703553499314573,22.045840070054453,314
IMG_08289,48.94686670391792,65.62599704598492,336
IMG_08290,64.94464451084758,18.467864172343354,807
IMG_08291,30.26814426163652,76.35862568227577,511
IMG_08292,38.525797358200975,-103.2745673281968,345
IMG_08293,-16.432078297323372,142.2773724317193,469
IMG_08294,56.24533904027044,90.33283758788548,859
IMG_08295,-15.60542909975348,130.11409577370114,304
IMG_08296,28.477252299502624,-84.92335347146658,234
IMG_08297,60.96807719802919,43.607953529155054,195
IMG_08298,67.09473881031869,13.532436838493991,622
IMG_08299,-13.291590753974248,-76.06830202268698,945
IMG_08300,27.32263332295828,-94.02195517403524,966
IMG_08301,39.27474121889552,8.744750343240383,489
IMG_08302,-24.031266140624467,133.00823562496345,271
IMG_08303,39.831724611545496,32.22206212212774,308
IMG_08304,55.95776412098141,-7.271158533495225,248
IMG_08305,41.40781013382818,69.15778927505261,80
IMG_08306,-13.958684525859212,-60.09248601232596,581
IMG_08307,-4.779038641822581,-43.2142088523332,277
IMG_08308,42.06636714283957,76.0008121054056,518
IMG_08309,54.80989598895394,16.744903608367622,971
IMG_08310,52.486772881476895,-4.356120493650707,720
IMG_08311,-22.59223954526621,-46.12182880367487,119
IMG_08312,36.41235394748893,-91.12971847236643,911
IMG_08313,47.447199799905206,83.47788332559156,656
IMG_08314,-33.317886082043216,139.76379960299892,706
IMG_08315,-12.792647400234287,-75.63205306602116,558
IMG_08316,47.5471801751919,29.98520050309554,692
IMG_08317,42.37551715598994,24.93913519791477,654
IMG_08318,-16.237463112975263,28.17199450135192,947
IMG_08319,40.0162572364824,72.69885912918087,834
IMG_08320,49.30817894592542,-117.72883419212202,650
IMG_08321,54.5073439596714,38.0363906289478,848
IMG_08322,46.4194284297875,-4.235850659579654,903
IMG_08323,-12.200400091845353,-64.0984342425891,401
IMG_08324,44.46663743039392,-110.9743303284976,198
IMG_08325,53.83972090501041,113.480207545351,399
IMG_08326,-33.26477485242988,27.40535116077297,388
IMG_08327,29.9569194574307,78.34797404392151,978
IMG_08328,-7.993878636347276,-5.175396966637777,595
IMG_08329,39.48095918304489,73.87558058319235,411
IMG_08330,-34.7294352305326,121.65148284004204,574
IMG_08331,-17.11932372239852,25.487634999711304,426
IMG_08332,8.203158632390725,39.13752862318782,192
IMG_08333,-34.8490959743088,-63.87097126774052,196
IMG_08334,38.253107634963214,-119.84908880902918,499
IMG_08335,45.91080559712304,-84.07271756426478,397
IMG_08336,56.19467755972127,26.623638287994083,451
IMG_08337,31.54822503660546,-95.46148119254168,127
IMG_08338,-26.36733301890436,28.270909495113244,235
IMG_08339,-31.36013105195255,21.99163599206105,957
IMG_08340,-28.017020983240783,24.26809194724794,466
IMG_08341,8.695146286749406,37.74550894548926,192
IMG_08342,11.98112945835078,31.180316548470984,803
IMG_08343,62.02790195233902,33.69991845185962,473
IMG_08344,36.98101105379695,13.737394790253632,5
IMG_08345,53.75672281493416,12.009977972370365,644
IMG_08346,69.84266901309962,-121.77727119124567,923
IMG_08347,42.43122707325944,-97.46897792658154,175
IMG_08348,-5.940742701952644,-69.16597975961633,640
IMG_08349,11.342355359792762,20.6074245286471,71
IMG_08350,58.09430726638436,89.9755688490036,187
IMG_08351,37.93670293883942,-110.3275335089557,179
IMG_08352,-1.0286293753916738,122.42375451028062,611
IMG_08353,41.98539343238582,-9.78608697354511,209
IMG_08354,39.51853885648853,-7.268256656419453,337
IMG_08355,68.03730561225882,-106.96782455657144,662
IMG_08356,-26.56575115698152,-72.74008231305561,174
IMG_08357,-11.82916984535575,118.83016384983694,522
IMG_08358,55.3586699954526,-130.70097534240216,582
IMG_08359,-24.22612065180741,26.797713247347843,10
IMG_08360,27.08613287092417,-98.69486122707482,384
IMG_08361,51.93887867445088,79.41795332349938,496
IMG_08362,69.89293674381528,23.566414091311827,123
IMG_08363,40.82500429960879,74.75751625770485,518
IMG_08364,-44.49552933319679,-63.445866232876526,939
IMG_08365,50.32580609231201,60.16346821456412,564
IMG_08366,47.071980178599375,32.87582456780149,414
IMG_08367,62.02428072798665,-125.36960041627512,600
IMG_08368,-4.672405312703717,29.54010988092216,398
IMG_08369,49.778639466625066,-105.39184507213092,302
IMG_08370,-24.250368491876856,25.365704577650572,371
IMG_08371,1.4370422419524118,7.695072472066954,687
IMG_08372,-40.86580902364895,-65.80593157957794,710
IMG_08373,-35.17792494419086,-67.02885455793,935
IMG_08374,-37.372854169522526,157.17392725102286,691
IMG_08375,40.780929795946406,70.5368467932073,834
IMG_08376,-1.446808659156659,140.18089895321327,291
IMG_08377,-9.654519983211287,-36.21000997346465,927
IMG_08378,-27.8266205079983,-63.89653107882464,114
IMG_08379,-34.38217181889449,144.4635127054961,857
IMG_08380,66.99817373391514,26.376627739962032,680
IMG_08381,11.478815923129416,13.456928629158682,325
IMG_08382,12.793322500380356,46.78413731954885,134
IMG_08383,28.242197440338288,109.52156947538384,832
IMG_08384,54.43347942514123,99.98690219889698,226
IMG_08385,53.81775400495917,99.25224080566426,914
IMG_08386,-29.39884988643358,-59.64323753793809,810
IMG_08387,46.23116758678805,113.04067938843713,393
IMG_08388,-30.365989634061307,16.571044141539346,732
IMG_08389,27.94216161736243,-105.58665507100974,725
IMG_08390,-37.02291053866708,-65.2839643566638,196
IMG_08391,47.182892453454514,26.078965633769545,692
IMG_08392,54.52597617642826,-4.384135483989979,212
IMG_08393,58.26804241433817,43.675561329301445,921
IMG_08394,53.87276532479399,36.6910418023665,848
IMG_08395,41.07474003222964,-3.5802611226756653,142
IMG_08396,49.59506989175128,-87.11558851648851,147
IMG_08397,62.77811778313156,35.27645119150918,473
IMG_08398,-5.594015207800652,-64.50518911943088,745
IMG_08399,54.121032439247074,89.11027839022381,859
IMG_08400,63.09770686165064,17.992903508042417,21
IMG_08401,-20.15697264882455,24.940400636751463,219
IMG_08402,-36.00320480227978,146.20347728493374,18
IMG_08403,-25.58968747513059,-62.95959839828289,620
IMG_08404,48.232761511325805,-104.47695534488696,526
IMG_08405,59.87752545525785,16.42434770658133,354
IMG_08406,45.65306011190077,-96.96482041409884,666
IMG_08407,-6.853976871798807,-79.11738141089063,525
IMG_08408,-42.23326160209234,-68.66659551439754,109
IMG_08409,45.83414144635984,90.76937884078684,449
IMG_08410,65.9505914098126,-100.73265713527124,823
IMG_08411,58.17464724885309,33.91544396054573,962
IMG_08412,68.77534452615373,-103.6539963842978,320
IMG_08413,70.40616438950155,27.30906305672229,123
IMG_08414,44.61927200445459,12.498697721905785,101
IMG_08415,-21.32337592105728,27.35018878457529,413
IMG_08416,60.242922071273085,87.03133256259957,753
IMG_08417,10.20299752921082,8.88074311397628,566
IMG_08418,-52.03315207205621,144.75905583004243,133
IMG_08419,51.43516752363041,-128.76131622116856,93
IMG_08420,-1.7869539418424267,-55.03733441747983,760
IMG_08421,-13.347704479436516,-46.77605338115998,229
IMG_08422,-27.873175443172435,137.03954358569695,513
IMG_08423,-33.229102836597164,-65.47905345682376,664
IMG_08424,-24.03314046769104,28.14886411755424,10
IMG_08425,-6.192574525152963,-62.81306181335758,745
IMG_08426,-20.426710967558748,-66.37877305620954,842
IMG_08427,-12.42509941296042,25.74304878670145,63
IMG_08428,37.95409573459287,-1.8145964522959448,727
IMG_08429,56.91631238944436,21.329497412720656,646
IMG_08430,46.03134431847769,15.206584982443305,674
IMG_08431,-9.58207960415976,-59.88900413983622,610
IMG_08432,-41.76197293585909,-70.34005706974182,109
IMG_08433,-9.143702678361592,-67.56553307041347,148
IMG_08434,-31.952737661483823,28.783243486665697,764
IMG_08435,-4.620663438968009,-47.61308721368073,743
IMG_08436,-25.82311304566053,-64.03415242521027,620
IMG_08437,-42.67735007558558,146.7365869983695,906
IMG_08438,-23.83450928019693,26.96157026562625,10
IMG_08439,40.15304291160493,87.47374205132473,286
IMG_08440,-21.27637370810038,115.32731796007069,146
IMG_08441,30.288210176126185,-89.37481908731314,637
IMG_08442,30.783929502655425,70.02428359798779,729
IMG_08443,48.36711368565818,24.6102285662667,860
IMG_08444,49.98256033306254,21.949524273998804,53
IMG_08445,69.14913132915535,85.97305153324487,189
IMG_08446,4.250494117165317,115.1608224700297,311
IMG_08447,-35.00121612761863,138.16551799591292,706
IMG_08448,-22.23572949923367,114.1966646240504,146
IMG_08449,-10.247896461947503,105.12435834255224,346
IMG_08450,62.38313200018143,65.58169519956229,723
IMG_08451,-10.229724522449416,16.2227299533059,780
IMG_08452,-19.7571852837288,-46.09999405117193,777
IMG_08453,34.486228649329234,-91.51431729211626,423
IMG_08454,54.180391428022006,-125.39210156319416,470
IMG_08455,56.98256181052184,3.958218380911063,837
IMG_08456,51.28044218700043,-86.09619513770807,147
IMG_08457,56.02818280620528,9.345085014555536,837
IMG_08458,50.04286017005387,-123.82881240676468,783
IMG_08459,41.95773478492106,97.676044784382,287
IMG_08460,-28.916452937654626,134.35505510497495,513
IMG_08461,62.8180706618669,65.32247233824643,723
IMG_08462,-15.593162700779883,-38.09427225842023,432
IMG_08463,-30.537736834869637,22.70587489274621,957
IMG_08464,-17.35685170169357,-67.23054338751757,468
IMG_08465,-15.577655384765464,-63.570694682220505,715
IMG_08466,-34.6209782808491,135.2524343007077,400
IMG_08467,-15.002239591876616,-45.618913076340846,229
IMG_08468,-4.666331254429593,-40.73421949671507,22
IMG_08469,44.619985134279744,19.667241320237736,120
IMG_08470,46.71194027859698,90.16500225680568,449
IMG_08471,10.976845033523944,-6.331944537736234,124
IMG_08472,-6.455817226673361,-45.77085409417748,657
IMG_08473,41.8925164792648,9.863068335766627,17
IMG_08474,-12.07718952387495,-69.21704226175397,841
IMG_08475,70.34351272412925,30.45047450760771,933
IMG_08476,64.72501444320008,46.61977839845062,258
IMG_08477,-21.092783487349266,25.717309331996177,219
IMG_08478,49.1095512830654,8.078484485314533,946
IMG_08479,46.90297624092187,96.40054962812678,493
IMG_08480,53.541684271220106,111.83671265816564,254
IMG_08481,26.55753901701952,-110.04017872890056,899
IMG_08482,48.194690160252605,-114.08265023624467,227
IMG_08483,40.94579299431376,-105.56333275341888,115
IMG_08484,-4.966586475332747,-47.60495999384872,352
IMG_08485,43.37408867540631,68.61397176849187,210
IMG_08486,58.69686051420973,-123.44618698382966,113
IMG_08487,10.201919220106788,44.48014478078659,420
IMG_08488,43.39245103549598,68.73298873232653,210
IMG_08489,-22.94474144914922,-46.78541427411258,119
IMG_08490,-10.83135382390688,-26.165266434970505,424
IMG_08491,-4.079148641571422,14.671661479540006,652
IMG_08492,49.792678910045765,-9.50002985399405,437
IMG_08493,51.04859657033478,45.4401592311624,882
IMG_08494,46.75865762618184,90.5560062008683,449
IMG_08495,29.196335345302742,-113.78670997538504,391
IMG_08496,41.72295819746574,-99.15530459462128,175
IMG_08497,60.207347291571296,30.14008013344809,57
IMG_08498,67.69670975532486,15.653409888182352,622
IMG_08499,-11.492318020688828,122.84939595420428,835
IMG_08500,-26.00102059767589,-67.109009394937,114
IMG_08501,52.91880683812937,102.1423640205628,930
IMG_08502,64.71981125270932,18.341240896929943,807
IMG_08503,-27.105562383896142,112.291758582407,660
IMG_08504,-2.7019210591817853,29.79796446634808,398
IMG_08505,-29.14618553996856,-60.19840127235969,683
IMG_08506,60.297416217663454,103.20700711084056,977
IMG_08507,37.340297934016846,-123.76326479106396,257
IMG_08508,37.610118055544135,32.583788775351394,230
IMG_08509,50.98771329422519,30.51271016972484,13
IMG_08510,8.430039659047651,83.48269497669173,160
IMG_08511,37.89704701282565,35.457771216673336,99
IMG_08512,40.01291474676316,-121.0005534236713,970
IMG_08513,29.57149398678956,-104.38943083877504,725
IMG_08514,-13.14784990676722,131.21383224014858,26
IMG_08515,-38.07118742579015,-68.45373676827948,322
IMG_08516,33.73504540122423,-101.8660836631562,137
IMG_08517,35.6974365575381,-125.38419066300406,257
IMG_08518,-12.562496727610124,107.64460133505683,346
IMG_08519,-10.683547235674029,106.14724949849392,346
IMG_08520,-2.660728880733629,27.30309656170425,904
IMG_08521,40.75069892291464,34.60282644844662,653
IMG_08522,44.19128431042944,109.34935749527392,938
IMG_08523,46.12713302263609,-84.92729145869691,397
IMG_08524,52.74105062562717,103.31958300393308,930
IMG_08525,46.047878685720434,96.38014157585404,37
IMG_08526,56.87315533534502,13.281756240457357,659
IMG_08527,64.96538059284543,10.755279415104836,396
IMG_08528,28.832711054022184,-94.62516624261885,529
IMG_08529,63.46560487828367,77.63309587789757,839
IMG_08530,63.75036044641814,112.91962317725633,194
IMG_08531,40.4421333660452,39.92084347023598,717
IMG_08532,54.03333583193034,-104.55768627379788,82
IMG_08533,47.81424669327578,-113.67171272491449,227
IMG_08534,52.4098362316314,80.18928445022635,496
IMG_08535,42.78396770088179,28.98385545938504,654
IMG_08536,47.111971550245045,87.0841066575872,449
IMG_08537,28.276381407665184,78.25553195129226,978
IMG_08538,-29.871384288477373,-65.23472794634978,881
IMG_08539,54.77772857517215,24.98585552112803,176
IMG_08540,44.41792323142869,-113.11582878611146,973
IMG_08541,48.024928963364005,89.56134107140014,449
IMG_08542,39.58891227337372,-109.40034184286596,408
IMG_08543,51.80606401639653,-104.70139117861667,82
IMG_08544,-2.3002451991529256,34.93220425842617,410
IMG_08545,37.643817069923415,78.72636822464295,730
IMG_08546,34.46966643664538,-95.7975262563557,327
IMG_08547,-20.41198135429056,-69.52448533789735,51
IMG_08548,-0.8082985250930079,-47.15477934842349,168
IMG_08549,44.47289952120545,-5.553384014593121,685
IMG_08550,32.26169278840223,-99.03270365028536,822
IMG_08551,-9.181237247197998,133.04554344992437,26
IMG_08552,42.53209172925818,47.66825800534903,180
IMG_08553,35.97697455199523,13.097888465874943,920
IMG_08554,62.28162312745343,32.4808664605639,288
IMG_08555,-32.10075487195308,-53.015935889721504,559
IMG_08556,59.51550826831982,79.4978883191049,967
IMG_08557,-38.19915699707766,-73.18646785514774,682
IMG_08558,59.17798147322148,-98.07673426670964,870
IMG_08559,55.331463006007766,-122.12449515957812,380
IMG_08560,-35.761774452436086,145.23818202193638,18
IMG_08561,-0.0010994855573471,29.21660180752778,4
IMG_08562,-13.962347331409134,-71.89143831625695,98
IMG_08563,24.414617204475448,78.12372512277108,983
IMG_08564,-11.52448564417712,-77.417414800537,0
IMG_08565,-39.02770014357926,-67.17806617455608,322
IMG_08566,56.64776887476333,21.781621732382064,646
IMG_08567,60.17477719170898,3.562224504826929,505
IMG_08568,-16.995680386465878,-42.86398189871068,66
IMG_08569,41.83357842096305,-114.52636949490856,300
IMG_08570,-4.295986734144776,28.40271504615319,398
IMG_08571,-18.98274974110112,139.58625492171325,709
IMG_08572,53.33249013601375,110.54743462270528,254
IMG_08573,-21.10090166797013,25.637195802547524,219
IMG_08574,-12.163131203459995,-70.66108192946841,841
IMG_08575,52.7631446215396,112.1876820203691,254
IMG_08576,-38.826279016697,145.50590527243628,285
IMG_08577,-22.93155175633809,-69.48181562827908,801
IMG_08578,56.55242583688997,-4.586434557133174,988
IMG_08579,0.6916442088656254,-87.83083632477317,370
IMG_08580,13.683080980000057,-15.786441845413776,771
IMG_08581,62.55874335041571,-8.097741463628722,884
IMG_08582,-10.474801290425091,-47.71768213990276,515
IMG_08583,-45.3724495665365,-77.08935780357231,45
IMG_08584,-7.379529957824062,36.346785664505205,387
IMG_08585,35.332987702232046,75.97432098184873,730
IMG_08586,41.78729967570581,-9.016939717164547,209
IMG_08587,45.05841009990684,37.77982015713221,925
IMG_08588,42.74511690155208,-0.435771709138919,362
IMG_08589,34.2899378705433,-99.40125469365329,450
IMG_08590,9.397808765908636,44.65086784352525,420
IMG_08591,62.42054140270022,-132.8854306232875,872
IMG_08592,10.65891772027318,42.735090250679946,420
IMG_08593,1.7991042055626565,-52.73234032636368,94
IMG_08594,29.24004012884313,-98.69305686448304,980
IMG_08595,-37.19893934887354,145.65443289735106,285
IMG_08596,-26.851531879819557,25.844905229079814,62
IMG_08597,-12.816380989271778,-51.93554539087995,506
IMG_08598,50.88936479317144,-96.08306343408132,448
IMG_08599,-36.63092420351574,-55.877787231280536,527
IMG_08600,41.944664124927016,12.051375569074452,985
IMG_08601,37.38039988535451,-8.012115312704054,457
IMG_08602,-26.59732391975342,-60.70822370091789,222
IMG_08603,-31.431256820190093,-60.63519067376512,318
IMG_08604,-15.844064219003885,147.42915270762438,275
IMG_08605,12.714446325910856,39.20111173676838,77
IMG_08606,45.01808504343094,107.6799954839912,132
IMG_08607,66.67501789610802,76.77156766268581,746
IMG_08608,27.99036665506941,-113.67092758266423,391
IMG_08609,38.90749787337762,44.34591504396096,703
IMG_08610,42.436632070017424,12.03080188452293,985
IMG_08611,-22.287831508053387,-53.43170189601014,813
IMG_08612,58.27155391120593,22.19590634123955,856
IMG_08613,41.88907773088568,-101.1015971206081,175
IMG_08614,-2.39363315191963,-84.89026429333443,370
IMG_08615,63.99261870951,-3.471664292802018,78
IMG_08616,-12.515530867199502,106.3102571595046,346
IMG_08617,32.10268283455625,-110.5693549740646,225
IMG_08618,54.714611726467695,5.36467716185183,363
IMG_08619,32.16970527978292,-115.73702731660237,178
IMG_08620,48.171693535062445,41.72507629723043,372
IMG_08621,8.447862839806064,10.4524671012459,742
IMG_08622,-13.630111539491338,161.23164539991996,330
IMG_08623,48.997938501692005,92.00858775341896,740
IMG_08624,-1.7238329161791626,-81.38996940314976,553
IMG_08625,28.02722715403037,76.17369911062406,268
IMG_08626,-11.44831339242836,133.35418858986532,26
IMG_08627,63.38589048146932,46.72702465497716,154
IMG_08628,38.90410528777068,26.668603636973074,56
IMG_08629,7.587109326925429,5.527595521808166,492
IMG_08630,40.66173371362166,40.67727372807556,717
IMG_08631,58.53269056060529,104.62873871982362,61
IMG_08632,-18.858667886342943,-52.7696864677076,575
IMG_08633,52.143023424821024,-121.43639129404104,536
IMG_08634,61.14368530245719,74.28960185792863,435
IMG_08635,54.68986873003641,83.02542555318047,998
IMG_08636,66.59139548177615,11.790873099150048,199
IMG_08637,1.9935300036864303,98.48128067357288,867
IMG_08638,27.98187866578114,67.56128873337599,70
IMG_08639,-6.366733412935616,-78.45677331213167,525
IMG_08640,-13.71100056150543,-37.23641149249258,588
IMG_08641,27.223715659152987,-114.83457159154644,353
IMG_08642,50.330309807442745,99.7805273307651,963
IMG_08643,8.949384093059905,3.527837593774421,929
IMG_08644,53.51769219305615,7.320617153966992,363
IMG_08645,-19.41320676329859,22.243244876946303,621
IMG_08646,70.93641396275137,-86.18880845969244,964
IMG_08647,-29.33345843477221,-70.98267874009005,462
IMG_08648,64.20689569976935,-118.20218313109652,820
IMG_08649,-23.05975546142064,-66.00476575325831,343
IMG_08650,37.03255272276057,-89.58580974296757,911
IMG_08651,3.2901554454273025,33.286054006874366,825
IMG_08652,30.581567118144207,-100.15510691787306,205
IMG_08653,63.847528369674194,16.608727843001873,21
IMG_08654,47.52828118395058,71.15467740955387,336
IMG_08655,58.67405650338799,-10.145819614919247,243
IMG_08656,70.59716804874446,35.08687798120468,933
IMG_08657,40.05881867793448,25.29333868673888,56
IMG_08658,52.31068578812671,-127.5796414548207,93
IMG_08659,53.034080798160176,42.37607614949346,59
IMG_08660,28.478453618765016,98.62992731493487,181
IMG_08661,-4.386918962145288,29.295793517120813,398
IMG_08662,51.20049450183558,-7.55620908043602,498
IMG_08663,-28.13549173837201,150.9368027649353,35
IMG_08664,-25.43016647200132,-61.66258923034045,222
IMG_08665,3.3535389961095063,28.218851970361925,560
IMG_08666,3.5736074647130067,-53.93471490237053,94
IMG_08667,44.17339449155884,-104.98496603212791,993
IMG_08668,50.163560703658845,84.88088299971793,92
IMG_08669,-21.94908195740948,137.4768517984922,850
IMG_08670,44.78844195092853,-5.598912384235604,685
IMG_08671,-6.892799534560396,-80.87291729876034,273
IMG_08672,62.92839711900319,-132.93111655062071,872
IMG_08673,39.67110002544516,-89.72673065029139,404
IMG_08674,43.0874957602874,-1.4334131154987515,362
IMG_08675,52.43787387902148,90.77657968751396,246
IMG_08676,-25.80319871633293,26.88739865164172,629
IMG_08677,-20.81203495798788,-69.26533134918273,51
IMG_08678,50.99988154958845,-110.92277113935543,641
IMG_08679,35.54078047693008,10.609034921725083,490
IMG_08680,57.584867139585015,25.24817708388412,368
IMG_08681,59.381038867091405,9.21980627435522,379
IMG_08682,-3.721636971814064,-50.88230337675376,737
IMG_08683,-23.03471258249496,26.05407400770011,886
IMG_08684,-26.20950471273829,140.3641743126912,128
IMG_08685,43.77291382323983,67.75223467442686,210
IMG_08686,2.2077378083550627,6.704277405221916,995
IMG_08687,-19.146333477977123,139.3838630121209,709
IMG_08688,63.48872352313185,20.717409989572843,21
IMG_08689,35.090355255020285,-88.39044233850328,139
IMG_08690,53.168371419423465,-115.96387347027355,40
IMG_08691,42.495866333276126,26.743511055206227,654
IMG_08692,-28.498694099291555,150.44521408053183,35
IMG_08693,-21.523815154058354,25.73839284067867,886
IMG_08694,43.7805767250363,103.5807044621704,678
IMG_08695,37.5811100185029,-101.19102355048966,345
IMG_08696,68.15508324437135,-132.62126264215368,406
IMG_08697,45.59265352007253,8.840406337294553,218
IMG_08698,49.08359053600125,-1.762941579752976,534
IMG_08699,29.188535319516845,85.17731730361919,438
IMG_08700,-33.240223390382226,-52.038393234466696,392
IMG_08701,37.34879091594172,106.35732426303376,255
IMG_08702,59.55732532517754,7.894688499125237,379
IMG_08703,61.35028990403771,6.6338650520419264,505
IMG_08704,56.621922108494346,43.949648256413326,921
IMG_08705,42.6429886800083,-126.00072304677538,150
IMG_08706,47.74464656334223,10.925004233306224,628
IMG_08707,2.218075620650368,27.63556713630686,818
IMG_08708,49.97218553750756,-124.60930612949169,783
IMG_08709,-29.923949879087505,31.0756418180477,144
IMG_08710,31.490503366227813,79.03883409638263,112
IMG_08711,39.60363313145251,-120.01753870103984,499
IMG_08712,38.246064116470535,102.22994233682827,443
IMG_08713,50.6042457556353,-109.6264811245352,641
IMG_08714,68.89821907029796,19.02312860092701,736
IMG_08715,43.12243171971181,-120.24239605353932,447
IMG_08716,53.40718113081371,33.59264141601784,604
IMG_08717,37.66720386267184,-91.67196684036156,293
IMG_08718,55.904610179886845,73.04297490605916,569
IMG_08719,-11.333203037720835,-64.70493746927414,401
IMG_08720,52.478026729936914,-129.4013969345242,224
IMG_08721,30.043356410778003,-90.75619017935966,637
IMG_08722,-20.146794827656397,13.381840913968633,552
IMG_08723,4.201109472930312,27.275355238508386,818
IMG_08724,56.6830381748234,86.066268587899,373
IMG_08725,36.775327382021615,-119.5909585623016,761
IMG_08726,37.37463373715629,-87.9803703451598,404
IMG_08727,-10.754559654991567,-45.35795780112545,163
IMG_08728,45.3720947676012,43.320260259432814,418
IMG_08729,54.837934738829546,112.2337020692712,399
IMG_08730,34.474839702424845,-111.80932674702984,591
IMG_08731,63.1004621363644,27.007135071528467,992
IMG_08732,-2.785622485849899,-47.61674446167214,743
IMG_08733,59.721768157443535,5.689567381903487,379
IMG_08734,-17.435444385395712,123.459112456488,253
IMG_08735,70.20892368552009,29.78033378726704,123
IMG_08736,66.33864256872079,66.1695588516356,584
IMG_08737,55.75265003461328,12.60047731417356,60
IMG_08738,-35.24482669350431,17.280472734165784,651
IMG_08739,-26.17338627050598,28.11496012491881,235
IMG_08740,55.80153657970556,-3.8380766512277935,988
IMG_08741,-42.682183734424,-73.40554878836822,573
IMG_08742,49.575992429051325,-126.97706710071576,982
IMG_08743,-20.407604805914303,26.32090553633907,219
IMG_08744,56.289993084075206,-128.8888498336633,582
IMG_08745,39.84364463156743,71.66076821419699,834
IMG_08746,58.5351678285216,-128.98333357095544,800
IMG_08747,9.1770195250013,-19.601932222990825,916
IMG_08748,-22.1502718782326,29.326709958558663,712
IMG_08749,-20.25036719585681,121.6699142794414,69
IMG_08750,10.180592380931714,-90.43883199765868,718
IMG_08751,38.87612321896327,-85.23827613349482,932
IMG_08752,-28.30058392711628,-73.60070851995363,174
IMG_08753,49.228279029616914,103.6889517438508,85
IMG_08754,-1.1176998382784404,-81.13572730107911,553
IMG_08755,58.28391694287271,19.37635237618423,915
IMG_08756,48.51449695024829,47.21852748324261,118
IMG_08757,-30.667212687556656,23.97446416069573,576
IMG_08758,-16.86796096176093,-74.12147142946796,728
IMG_08759,35.09008589718994,-122.42278425822346,257
IMG_08760,-2.0892118425850583,28.10727151187399,904
IMG_08761,32.80976923691355,-107.87667127875156,613
IMG_08762,-27.541485901371104,144.38145904549344,542
IMG_08763,50.72713651376921,17.93300289279489,623
IMG_08764,44.456534945524254,-7.778198372184221,209
IMG_08765,-37.52537739655944,116.2965701662738,668
IMG_08766,54.23210195779865,24.14957435097773,176
IMG_08767,62.68187000595378,47.82395981111964,154
IMG_08768,67.12292922161555,71.23875260387194,584
IMG_08769,56.58891531109899,47.008538020823806,206
IMG_08770,8.161279580305504,-74.70364223183498,681
IMG_08771,59.89933999178624,-115.3932936296072,276
IMG_08772,-27.602889465097064,28.387501478103214,587
IMG_08773,61.36820215131581,26.443197600458404,811
IMG_08774,-34.392224220759864,147.26586373129263,857
IMG_08775,-1.4570946688923954,-69.26429970030246,698
IMG_08776,41.342290408732765,27.133339999199396,654
IMG_08777,58.05333814623492,104.0141817491844,61
IMG_08778,47.27395714858409,4.066664822693497,334
IMG_08779,-16.781019006217377,145.53079594906023,606
IMG_08780,60.93109782231247,6.077800561576623,505
IMG_08781,-12.621540615127133,26.24687499758932,63
IMG_08782,-33.531511902100846,163.37218421326168,202
IMG_08783,61.27586445822331,18.067363710316727,571
IMG_08784,42.56884770500383,-108.59231362099172,592
IMG_08785,50.91764123386503,-88.62111504842377,645
IMG_08786,34.41796367497108,108.12623547723156,616
IMG_08787,49.61609135072479,104.18027315340612,85
IMG_08788,67.12020009950265,23.552553983528725,503
IMG_08789,50.48186585084463,8.340128346962501,145
IMG_08790,69.80822589742058,-133.89969627876226,162
IMG_08791,-32.241320937348085,136.59444978548004,773
IMG_08792,47.00093816120045,-90.65438238404028,500
IMG_08793,-35.05688162140382,-56.69884999815695,9
IMG_08794,-24.456559248990946,20.86207610329231,673
IMG_08795,-10.427456304542716,-50.39667479894459,891
IMG_08796,44.06777859113282,47.12343343646515,180
IMG_08797,-29.462796598270582,-59.21850056486957,810
IMG_08798,-27.68698965700096,-52.91015140403752,545
IMG_08799,-34.43842464376074,111.16099360506666,833
IMG_08800,26.62858605268069,105.81625222911616,832
IMG_08801,36.27992878163859,-4.686427568220211,366
IMG_08802,15.493245089665663,-14.846621647677182,331
IMG_08803,-0.7359449465840413,28.156469322738246,4
IMG_08804,-40.2412703580044,-69.06940504742992,710
IMG_08805,56.92032273515275,27.55991000620014,451
IMG_08806,-24.93023871173203,166.19244550771322,537
IMG_08807,8.002475627866971,47.98382917196881,433
IMG_08808,28.45568875992305,77.13663176577688,978
IMG_08809,53.85310249270788,109.33200477243588,669
IMG_08810,-44.869699372852416,-67.31005443456853,446
IMG_08811,-11.93017158931454,-52.73337762202209,891
IMG_08812,-0.7161475962525969,27.645620048998097,4
IMG_08813,34.784389549915176,-87.13117762221137,139
IMG_08814,3.2613287064183822,-74.15582495911512,282
IMG_08815,56.78973087246089,-3.871774139307604,988
IMG_08816,-4.080033744496888,-6.143688365074553,595
IMG_08817,12.770610836784256,44.947210720106455,862
IMG_08818,-16.766556469161856,-68.17525337034581,358
IMG_08819,54.06635743717837,17.833437246845165,971
IMG_08820,-18.65325315686812,142.60151903797777,39
IMG_08821,33.77637470910261,-89.29821232290473,423
IMG_08822,41.21231358363872,76.56452090095797,518
IMG_08823,-26.7349717399091,25.86287278487489,62
IMG_08824,-29.14359939548163,121.434772288403,670
IMG_08825,55.16297314317981,-7.426008979602813,248
IMG_08826,49.07913761649448,89.17673365215478,449
IMG_08827,37.17438051414317,-102.29890844598847,632
IMG_08828,46.64379924163086,-109.22058935457228,3
IMG_08829,56.15306925035711,22.70424474441367,646
IMG_08830,-23.053739487597937,138.13920228277175,850
IMG_08831,-21.999337660725782,25.501862328638595,886
IMG_08832,-35.563971657979614,-67.17564796190196,935
IMG_08833,51.30624980001889,-2.735655513004133,215
IMG_08834,6.816262509239181,37.96116211790081,864
IMG_08835,43.29288449761347,66.51766230582143,210
IMG_08836,53.16115882601099,82.773430338727,998
IMG_08837,-5.737463751427185,-47.74864281171892,352
IMG_08838,55.00440303287476,97.07299774282262,914
IMG_08839,-4.797233666693671,-78.85790964259272,525
IMG_08840,32.69449288198987,-92.95148437126969,918
IMG_08841,36.57249167803643,-3.886077809744876,366
IMG_08842,30.506712066241107,91.73530976970824,87
IMG_08843,27.03961515379315,82.51035261049697,798
IMG_08844,48.96601048192053,11.935578183802932,628
IMG_08845,52.62800289781961,-129.5434815671472,224
IMG_08846,9.83585645049014,41.31387202196905,420
IMG_08847,49.18975325165394,-102.06985424899604,663
IMG_08848,48.41722304607271,-0.2171558335223267,534
IMG_08849,45.96520717725531,17.940945602076965,605
IMG_08850,33.46331689506118,-111.45510686690064,225
IMG_08851,67.17377510557137,29.03290295400103,75
IMG_08852,56.87289069201023,13.144790656547144,659
IMG_08853,52.69337954512957,46.91892123406686,260
IMG_08854,47.28554633817774,13.871283471994246,201
IMG_08855,-31.41866955444289,137.84578821497684,312
IMG_08856,48.88759147638183,-94.79424977894686,693
IMG_08857,55.70738710265008,90.95372957544788,859
IMG_08858,46.570280663678176,106.29209874590202,711
IMG_08859,66.77187269253457,19.716765573925382,807
IMG_08860,62.62391856059617,-132.16706708148536,872
IMG_08861,59.39326650285688,-2.650030787337954,766
IMG_08862,-10.929077023357763,-61.11379015564738,853
IMG_08863,45.56418081759355,47.8148878177449,707
IMG_08864,-19.59471881811137,150.70563474776804,415
IMG_08865,-22.3156927522314,25.252289935843777,886
IMG_08866,-20.57018721897464,-48.97386783627758,390
IMG_08867,28.534465115728807,-92.75684444074022,966
IMG_08868,-19.43510436977741,65.59777637392648,541
IMG_08869,44.341855257600685,13.456287320269295,101
IMG_08870,54.87457717039064,-2.824699537841923,861
IMG_08871,15.403019615813122,-1.0353754353265856,483
IMG_08872,-27.53977246230568,24.707733624956063,62
IMG_08873,-23.30534976323142,132.96462674821532,271
IMG_08874,38.71163155105037,-92.56765555864072,293
IMG_08875,-32.21661925548899,-53.740448942208246,559
IMG_08876,50.09535988268044,102.70731194604866,85
IMG_08877,-25.379951056903764,28.04488437289362,629
IMG_08878,-18.661129309763936,-45.416320005844966,601
IMG_08879,47.82604893954286,41.94605767151245,750
IMG_08880,48.574648370702846,98.21513745335574,493
IMG_08881,42.77130226984707,86.0348484614318,286
IMG_08882,-21.43453054668549,146.36112989167896,159
IMG_08883,-1.5817071018254865,32.33861905057458,237
IMG_08884,34.74012363607875,-106.5403971836558,613
IMG_08885,54.98195058438779,-115.45435355617616,517
IMG_08886,32.26430783214279,-99.09550645280127,822
IMG_08887,60.14012447811808,-11.667687555274966,642
IMG_08888,60.49653520751423,110.50712327646386,981
IMG_08889,-24.500571617033444,25.726251473843604,371
IMG_08890,52.44163459984344,-131.9175859667271,551
IMG_08891,-17.35713407189175,-51.765700980649,221
IMG_08892,65.70691782868732,15.61707927747608,396
IMG_08893,-14.08547765711812,98.09215105476868,482
IMG_08894,-17.75732922080317,24.711754227634145,426
IMG_08895,58.79823891082378,13.40867687967318,779
IMG_08896,70.64938837036442,66.73964974070734,965
IMG_08897,-19.03205658539642,27.753201821315088,122
IMG_08898,18.084562630124395,28.478080903365026,461
IMG_08899,-35.71813100762276,124.08318930177713,574
IMG_08900,-6.522910783977352,-36.7489982364518,344
IMG_08901,-36.769400105278905,-62.90046529638337,196
IMG_08902,-31.044582145187853,115.51473429321368,615
IMG_08903,31.533114143272385,-97.74800542525662,893
IMG_08904,52.89540750050497,45.72831290624839,260
IMG_08905,33.6382968163427,-101.21912051004372,450
IMG_08906,-17.72809704916871,-42.273141457136745,106
IMG_08907,-9.41434396364994,-52.42579020589099,72
IMG_08908,-33.51333063678204,-67.52943073066791,577
IMG_08909,-14.3358817230626,-74.52222183767468,289
IMG_08910,50.07620794557792,-94.89405226264738,693
IMG_08911,47.30852998433812,40.43325058557079,750
IMG_08912,41.297316481760646,-119.21818426540274,854
IMG_08913,41.65547962885816,30.692338025670324,308
IMG_08914,34.975671943686564,-103.02753092575814,632
IMG_08915,-38.80026983005556,-68.47966666650126,322
IMG_08916,37.59630005389096,-106.41761669650676,722
IMG_08917,68.84648409377252,-130.06257863083968,162
IMG_08918,47.59967314790066,25.3302094294408,692
IMG_08919,40.07392524853907,-0.4784494028369295,727
IMG_08920,51.69162712591833,30.606943679056258,13
IMG_08921,57.23248873163513,37.87491066089365,734
IMG_08922,39.02972647293234,75.52740143973699,411
IMG_08923,50.33845078018982,-84.52178608894852,147
IMG_08924,50.33151103507103,99.29115488455216,963
IMG_08925,39.62998395096611,-8.511150884966952,337
IMG_08926,-32.009944564745865,28.32721451391339,764
IMG_08927,66.00588160143047,13.113771216760997,396
IMG_08928,-20.28948269792509,24.73725333764389,219
IMG_08929,-5.519683486901897,-63.18230047356445,745
IMG_08930,-16.893569930395103,-42.19985454110397,66
IMG_08931,-11.96636753392906,131.42645468201715,26
IMG_08932,58.07580564778317,-128.550317485284,800
IMG_08933,-29.84065476530597,112.32895735875512,442
IMG_08934,59.83473336317783,46.21389075922778,677
IMG_08935,52.20846057878785,3.071518863644144,824
IMG_08936,-20.65609174428548,-50.32970142197431,390
IMG_08937,-8.878928692471959,-67.80361833245325,148
IMG_08938,43.64009003317403,-4.792488985834154,685
IMG_08939,-17.63516312482136,-54.10323941938677,221
IMG_08940,-13.603890178842365,-51.36300957868596,506
IMG_08941,65.424912018362,-126.12797928785491,50
IMG_08942,63.08371521149337,25.814457956639476,364
IMG_08943,55.71155887238507,27.86670680400277,451
IMG_08944,62.23262445469152,15.819679535027715,571
IMG_08945,-4.782764774100002,27.428768994463155,398
IMG_08946,64.80105371036723,34.12972733806316,782
IMG_08947,60.86872375019672,77.49338643753691,589
IMG_08948,58.09245199099894,12.14647568779165,779
IMG_08949,29.88411823411012,79.69801628047594,458
IMG_08950,-38.54078846241046,-59.98308366608491,303
IMG_08951,-37.33577992580173,163.89545297632287,913
IMG_08952,63.73494701226923,-113.00057418501233,561
IMG_08953,-18.590561085464078,-65.57274544654679,842
IMG_08954,60.64692596086513,70.52902634434423,104
IMG_08955,47.033485466084045,-110.69565701904833,821
IMG_08956,57.56915037571301,-114.9060830346804,151
IMG_08957,-1.979522759242457,33.097414595500766,237
IMG_08958,-20.87236675341785,-70.67955548366649,51
IMG_08959,41.35584301385586,69.09235506800533,80
IMG_08960,42.85691719171848,111.79922465156072,6
IMG_08961,49.072823992005794,27.406272915034435,688
IMG_08962,49.03894097140039,71.47474066707002,264
IMG_08963,43.37016680773246,73.5447379792584,157
IMG_08964,40.16212980744561,31.662684820511146,308
IMG_08965,56.17702000275671,100.42028245880716,755
IMG_08966,-3.1729115336351867,-38.6769589995605,719
IMG_08967,39.58548133044425,-111.83505931909028,408
IMG_08968,56.95470494230315,84.41901550621623,373
IMG_08969,44.39019548822717,100.98094999771877,678
IMG_08970,-8.735272491101796,-56.55323234450708,28
IMG_08971,69.73003811098678,-132.1024688999579,162
IMG_08972,-40.59985981135614,142.22292819425974,535
IMG_08973,-21.361458260663724,28.114104211537693,413
IMG_08974,27.22916515611432,-101.15542365909972,980
IMG_08975,34.53383594064704,-114.05512372087172,591
IMG_08976,39.25156115596303,19.24871158492664,436
IMG_08977,-26.126318804164143,-49.59200592309074,339
IMG_08978,54.82606062200853,113.57872831994187,399
IMG_08979,-20.15229617613889,26.73450087552328,413
IMG_08980,58.13262489495952,64.41468963254658,556
IMG_08981,57.176040609823445,69.50622615083222,878
IMG_08982,11.224737487115618,4.091727152691647,49
IMG_08983,45.09265321098846,-107.65466885111644,993
IMG_08984,-12.161557760461378,-45.09404595767245,702
IMG_08985,-0.9666058648253112,111.38284890325576,11
IMG_08986,-25.75983112048908,26.340163678102897,629
IMG_08987,-16.15546392445424,129.1522360851488,304
IMG_08988,34.90152275947489,-96.86385866304651,327
IMG_08989,43.29054436298159,7.730151645596322,686
IMG_08990,29.03475645153601,-112.79896509847651,391
IMG_08991,-14.83763126560163,-40.46980652403573,836
IMG_08992,46.70376053636588,80.54828941079722,656
IMG_08993,-4.342913686506094,-52.67111505891029,737
IMG_08994,54.48301831736816,-91.95010726164318,361
IMG_08995,32.56511269169589,-113.31723194744175,819
IMG_08996,56.08781721782117,9.250944046389804,837
IMG_08997,38.50014772370452,-123.47887232912076,970
IMG_08998,38.67228926869871,66.73395671174202,80
IMG_08999,58.24403927831398,65.71102872400496,556
IMG_09000,52.312390778983485,-97.21560746827438,448
IMG_09001,-4.954009098882565,16.927379215452277,780
IMG_09002,-17.936239539700267,20.341951488345277,402
IMG_09003,9.885758082297826,43.85474808495161,420
IMG_09004,-17.934875276808384,-66.86258364975235,468
IMG_09005,69.49221465124694,12.269902783778036,626
IMG_09006,-26.05823053162944,-53.40614145462354,233
IMG_09007,-1.6184261374314417,-54.60707461623701,760
IMG_09008,59.86464423444255,-1.6787670570993214,766
IMG_09009,-22.0442790277836,-53.07178893590947,599
IMG_09010,56.494715623510615,-123.42897284094288,113
IMG_09011,-19.479196436446827,-49.83648290362217,969
IMG_09012,-8.318957442378746,-45.30908736958489,163
IMG_09013,43.22543064015022,39.83338450498218,25
IMG_09014,-5.311400848452692,-59.972513779302304,840
IMG_09015,58.94647312333103,93.67006192625064,20
IMG_09016,47.3344104112748,-91.88424758383528,108
IMG_09017,53.06645619198832,25.978641674255243,176
IMG_09018,49.73875718176876,-103.63384235709132,302
IMG_09019,-17.289736207547648,128.38546912603277,585
IMG_09020,-23.40588537581263,-70.64345218614207,801
IMG_09021,-26.90907819808085,-56.28511863647179,533
IMG_09022,-23.46301622171669,-66.26320928369348,343
IMG_09023,-19.904166272449658,139.14051477637395,709
IMG_09024,-23.3447239989803,149.85213354664182,549
IMG_09025,44.17822495182625,-96.43376595067346,376
IMG_09026,-17.42904674324184,-62.61804753214816,715
IMG_09027,54.17301704434792,27.12931231214185,176
IMG_09028,-28.073870112566524,-50.05682167942052,339
IMG_09029,-2.475743266058416,-79.60608312678825,64
IMG_09030,-32.608992132782575,-50.9659918735926,392
IMG_09031,44.52408068429983,16.671021752645544,374
IMG_09032,65.91041211112199,80.58307684158456,746
IMG_09033,56.14609580255791,28.22261778568972,451
IMG_09034,-26.23906165432413,115.80671066347936,245
IMG_09035,52.52472558898381,1.7511143793154815,824
IMG_09036,-35.41351114317571,-62.12758634429022,439
IMG_09037,-18.899763521248275,122.08376942597216,69
IMG_09038,38.60980525386833,-8.272527505679506,457
IMG_09039,32.99683776093164,-104.1700324734298,137
IMG_09040,46.86328158585985,-106.26503094251566,3
IMG_09041,43.15624596343935,-3.9011916920970577,685
IMG_09042,-26.654742857044376,26.61526222005827,62
IMG_09043,-2.601159086592702,-81.3639156019827,553
IMG_09044,60.96990632509545,36.725192804449705,554
IMG_09045,-16.860494911853948,62.38260377548869,541
IMG_09046,68.39141776451225,25.8765969032315,680
IMG_09047,-44.67888391837143,147.8945151210375,906
IMG_09048,-40.338040417986,-72.71427007320042,395
IMG_09049,58.536626270967645,23.41199695763333,856
IMG_09050,9.830631490657368,42.69707264691698,420
IMG_09051,-22.431713134175556,-70.16550772451006,801
IMG_09052,32.01319948785169,100.34279775611958,333
IMG_09053,49.41138325664917,-100.30941958413138,663
IMG_09054,-17.461955467274564,22.530839234684265,621
IMG_09055,-38.937497943499615,138.51736697208753,714
IMG_09056,7.158068122978051,101.01929534447343,341
IMG_09057,-7.558247921712677,-72.30231374475456,130
IMG_09058,55.06625046741294,89.21181322475206,859
IMG_09059,58.53762080090479,-102.99602904927416,870
IMG_09060,30.286012719179,-99.0667515201932,893
IMG_09061,10.320237325839727,13.899848130838931,325
IMG_09062,-18.21154103025762,-47.42079643746038,7
IMG_09063,-16.564281966362586,-65.96250556382314,468
IMG_09064,-35.81066219596855,-57.32056663556792,527
IMG_09065,36.91819125877674,33.27671928422217,230
IMG_09066,-28.580134289337806,131.68858500124912,816
IMG_09067,53.57494006016236,89.16526691130161,859
IMG_09068,-25.216030000097376,129.53736333248537,831
IMG_09069,41.45297084930897,-6.847770023965126,565
IMG_09070,-20.674988781845716,151.56435119312397,415
IMG_09071,61.62069753632119,-129.75299857680747,231
IMG_09072,45.02044228125018,10.2731326975655,218
IMG_09073,-17.35275536710111,138.87894114722644,709
IMG_09074,40.80436973603528,39.3926289490131,717
IMG_09075,-14.730431449418036,147.21493329187683,275
IMG_09076,50.16422526896622,79.2579856954261,496
IMG_09077,-6.993566894452243,-67.59638365652607,640
IMG_09078,-10.317722365038035,-59.72991612769528,610
IMG_09079,62.88123582152852,26.849406166390423,992
IMG_09080,-11.605686417818704,119.1189850535867,522
IMG_09081,-28.05767476004857,153.19311445554922,636
IMG_09082,-20.98846962351911,25.761745681598256,219
IMG_09083,67.5203308930088,76.85339308386699,431
IMG_09084,-26.23861289702196,117.28582886427682,245
IMG_09085,11.767780455306903,43.413093965911656,862
IMG_09086,-9.793341357565254,140.0576995708447,749
IMG_09087,60.99971624149714,-118.7923018459103,276
IMG_09088,68.02079190217572,-131.8714142502779,406
IMG_09089,-12.257626006181312,26.522847880898357,63
IMG_09090,-7.229458979322089,25.838360553530748,510
IMG_09091,42.51754595828032,-91.69423841220592,188
IMG_09092,45.633636327486414,-1.8866204861043627,164
IMG_09093,66.98609010424576,83.34401902344831,746
IMG_09094,-25.60537634064296,152.23308526134508,689
IMG_09095,11.21856774433516,1.5732758742887825,929
IMG_09096,31.32237317969748,101.46831654906453,333
IMG_09097,43.26643363705893,-105.53387193845596,993
IMG_09098,10.349310245161888,71.69993050213321,704
IMG_09099,49.12924612303286,84.59279434579616,92
IMG_09100,12.050452759984552,-8.017714243296751,124
IMG_09101,-36.22546790557869,136.13783067715474,400
IMG_09102,5.069554826031748,37.95410948440247,864
IMG_09103,12.76885545843001,37.967525370252304,77
IMG_09104,7.509531189187413,39.28903308436236,192
IMG_09105,15.38156364323646,11.07341413654214,156
IMG_09106,-22.295070544820845,133.83276859759826,271
IMG_09107,53.90146885805757,13.307915969932935,644
IMG_09108,50.385595337702114,-104.74918481003908,302
IMG_09109,2.050779952192244,-73.84392355986058,624
IMG_09110,-13.840136341628352,128.72875502315048,304
IMG_09111,66.65261496241914,68.17321158975841,584
IMG_09112,65.86865860988289,21.80960407681837,503
IMG_09113,40.413857176258034,16.729680639512054,208
IMG_09114,-10.202894457844849,-44.47038078378171,163
IMG_09115,-41.97754630654554,145.0018511129233,487
IMG_09116,58.23606961100975,84.58816315982676,373
IMG_09117,5.055206016276443,42.040556297734526,754
IMG_09118,-2.251139138807048,-55.19404793618729,760
IMG_09119,14.63499710933398,-3.168669498631118,897
IMG_09120,31.510289464245275,-117.46429052819023,178
IMG_09121,12.205910500559751,-18.83914779833117,649
IMG_09122,-10.461476718091276,-52.45793831594287,891
IMG_09123,-25.58551507033025,-44.04577696001587,721
IMG_09124,8.889683321084135,-4.331789094209256,830
IMG_09125,54.69513169282956,-107.23842096283884,417
IMG_09126,56.98219009073642,23.561102544158643,646
IMG_09127,57.87184663719563,21.46511798348752,856
IMG_09128,62.43791174890117,102.85043663166186,634
IMG_09129,65.72336271448955,34.59071023616457,782
IMG_09130,66.46476241091082,19.004831466301997,807
IMG_09131,6.655047722668641,38.0072786854912,864
IMG_09132,66.36829539229763,7.666986081453217,199
IMG_09133,-18.56818076533256,151.66795810157674,415
IMG_09134,51.02183362715277,74.59938480138243,926
IMG_09135,-33.69335499040294,-65.08570531011074,664
IMG_09136,56.92382389600391,-111.90501916781628,151
IMG_09137,-11.372739635884416,-50.77656877423343,891
IMG_09138,53.98415558263898,21.44896508571145,445
IMG_09139,-5.293660414589766,-70.61886440230418,640
IMG_09140,-14.405645409303515,-40.02540530887393,836
IMG_09141,41.92045887787191,-9.623251828762449,209
IMG_09142,-9.710822645127152,29.272371921479248,544
IMG_09143,62.25591601465277,-132.8613266266148,231
IMG_09144,10.854744239158832,76.71858422162677,338
IMG_09145,-12.166282617397016,-79.65482379772915,0
IMG_09146,52.59871890330345,80.65189370870837,998
IMG_09147,38.21060807832265,-0.776202518223954,727
IMG_09148,-37.05616620085544,117.22346661331336,668
IMG_09149,-14.979826390955113,94.58792071337052,65
IMG_09150,43.27059988444484,23.923821375640927,342
IMG_09151,56.58029210703714,24.452256627786085,646
IMG_09152,44.3427534391607,105.05239425912008,132
IMG_09153,-7.0255001823871055,118.7504758274755,797
IMG_09154,60.86933069286823,-108.30360840161374,733
IMG_09155,-10.18430146416928,-50.066854191300735,72
IMG_09156,33.40542672253062,-113.4378767443686,819
IMG_09157,39.199658533723465,14.772590162783814,208
IMG_09158,-24.284581346416047,142.53734705214998,348
IMG_09159,44.66219155825669,-119.55732278903582,447
IMG_09160,-16.995399516725143,25.24819453506683,426
IMG_09161,10.39903821248572,4.490671816109483,49
IMG_09162,-23.82245028918375,-50.11185333868397,984
IMG_09163,-10.23005000534178,130.6188899897158,26
IMG_09164,-43.78934940822525,166.12568306767696,232
IMG_09165,41.53244310366188,-97.37678425140088,175
IMG_09166,41.28287546892727,34.45185601197906,653
IMG_09167,69.21810505887805,-128.57617394003,162
IMG_09168,41.13126655274161,76.1304674186963,518
IMG_09169,40.495197528777794,-95.29077135493849,635
IMG_09170,-31.927575982949957,-85.83289097612655,405
IMG_09171,51.96018085129492,-2.171672922926632,215
IMG_09172,45.89543022057976,35.56827048750668,925
IMG_09173,57.47847558956804,30.50757849199624,962
IMG_09174,-43.45830124197625,-62.15872235659582,939
IMG_09175,-13.898739305392724,28.40008945120169,947
IMG_09176,29.614244467592613,103.0686829733496,705
IMG_09177,48.684990465651936,41.48419150275515,372
IMG_09178,45.35493657959197,-0.3326423395891993,164
IMG_09179,-19.36696684984973,-47.90326903859912,7
IMG_09180,-19.879678657557637,146.28751223693394,871
IMG_09181,-21.75437684657301,-44.69164509094432,284
IMG_09182,51.02854828620585,36.52190419235663,185
IMG_09183,0.5928792433683725,5.549189520436386,317
IMG_09184,-10.13463652550294,96.2547094525919,887
IMG_09185,52.88038663331509,86.69936017353064,425
IMG_09186,37.81794131305546,3.5721470896034475,213
IMG_09187,8.84054936651249,-0.7891452952220561,295
IMG_09188,42.08982730677195,15.19778133450052,955
IMG_09189,37.01427988372399,21.791401633953683,655
IMG_09190,53.2873744493798,-111.46944489732569,517
IMG_09191,9.432757665123477,43.51322683573366,420
IMG_09192,-28.774348403466547,117.2398774565262,817
IMG_09193,62.49896107295277,35.178584093945005,473
IMG_09194,-11.994625760121608,26.034501237787936,63
IMG_09195,31.067700302072552,-103.67774779939886,137
IMG_09196,65.76214124334251,68.84484017729571,584
IMG_09197,50.93954988575376,32.755897292137604,828
IMG_09198,-33.09619607536646,143.24164468962897,690
IMG_09199,11.90419149330657,100.01512387704838,341
IMG_09200,8.482471660036197,24.13481045140759,71
IMG_09201,70.00980345650663,9.50229370002168,626
IMG_09202,-26.942590802939712,25.08622043524207,62
IMG_09203,37.02559549732506,-98.93972608790308,708
IMG_09204,45.235515731385874,77.81199867422384,299
IMG_09205,-31.18444344704875,126.99095993803849,756
IMG_09206,-26.269294295120677,152.62042362026347,689
IMG_09207,3.683605405036346,-68.15058991000112,731
IMG_09208,39.38207191379615,-5.640615332000749,29
IMG_09209,49.13209816209789,14.03038820936652,477
IMG_09210,-42.38979739902592,-67.43864876713641,269
IMG_09211,43.63764896679555,-93.31340519656167,567
IMG_09212,-26.900472001203,-70.6226699613562,633
IMG_09213,49.83342716434424,91.64383277234651,740
IMG_09214,44.4845961345678,1.3460819588408413,362
IMG_09215,-32.07609076166149,-50.09579245434375,570
IMG_09216,41.64487857171622,-96.68548865394808,751
IMG_09217,-2.4971864618708395,35.456427445750705,672
IMG_09218,-23.75873331000554,143.4502308702679,348
IMG_09219,65.12781800937984,26.34339589218848,503
IMG_09220,27.75451024609815,-111.48242935002176,899
IMG_09221,-3.991973095081988,-72.84229330752508,676
IMG_09222,49.77851612799782,38.557096986154136,105
IMG_09223,49.773430343722566,47.81165904367376,882
IMG_09224,42.551213241741294,-118.0835929402163,447
IMG_09225,-36.63803468268227,-66.08450470592052,196
IMG_09226,55.61685095461996,-98.43613936948742,491
IMG_09227,50.19846817655744,103.77862812020491,85
IMG_09228,-5.569725340437429,-77.2819146327818,888
IMG_09229,26.76151444228759,76.62918674071182,268
IMG_09230,69.80917122285763,-132.6912672933234,162
IMG_09231,41.061130294668544,-0.0403253216475434,607
IMG_09232,-2.3115827323111238,12.14298443330344,652
IMG_09233,-33.42329923521542,-56.82001706122402,9
IMG_09234,-32.62776572443224,28.27225475523741,764
IMG_09235,46.372863596981205,-102.89259195127464,526
IMG_09236,36.34717940364349,31.790920818598124,230
IMG_09237,51.95837015696645,-132.12884298192066,551
IMG_09238,44.471588851891,-127.836802209851,639
IMG_09239,53.08295686937288,88.68009731015457,246
IMG_09240,-34.581210222841335,-53.71429639380199,392
IMG_09241,40.04929040607166,44.99120228110985,703
IMG_09242,29.159561100583744,-89.06308269627344,563
IMG_09243,42.73045639699015,25.871411578361347,654
IMG_09244,34.87050909184404,-114.00741950861584,591
IMG_09245,41.90660111721081,14.58399509456251,955
IMG_09246,46.78097382078656,13.096893242387694,674
IMG_09247,56.83943289793018,26.58892620627077,451
IMG_09248,-29.550545045934527,-69.09719384445897,310
IMG_09249,-15.288723458124451,-46.9683343853977,229
IMG_09250,50.51857532703144,82.33818745699318,496
IMG_09251,63.71647563663112,25.14015502766702,364
IMG_09252,4.192603337515692,70.92567549781214,211
IMG_09253,-8.934103816284974,-68.3843316667497,148
IMG_09254,-7.679782870136663,-43.19535644408407,657
IMG_09255,43.94161760858708,70.56039618467719,596
IMG_09256,-9.11615400519156,-50.20928880960571,72
IMG_09257,-1.3408096150011772,-59.53301301257434,207
IMG_09258,-11.288966869521516,-62.43952890676096,853
IMG_09259,6.382067653691877,-1.4077538343288154,874
IMG_09260,53.218350546767,-8.201952775249936,720
IMG_09261,-5.067327228884125,27.273220254994012,398
IMG_09262,12.27478673968568,23.719224390102767,71
IMG_09263,49.070807920726,-117.6377515411641,650
IMG_09264,5.653783588632663,39.01388493078676,519
IMG_09265,52.4447281688897,21.376894585197988,875
IMG_09266,-31.30837193311511,-65.05087807894856,881
IMG_09267,-29.299387342949267,135.09433641827258,513
IMG_09268,66.43951019574553,77.89046441617268,746
IMG_09269,29.14019564915409,-109.4734510297785,407
IMG_09270,-19.67011916373501,22.648953669778532,621
IMG_09271,-10.483585694284969,27.88912313727363,63
IMG_09272,57.8539111170704,80.19644276953369,203
IMG_09273,2.769211128791042,-72.0360949656173,360
IMG_09274,42.03839196713898,70.77007530813984,165
IMG_09275,55.38724530396576,-11.099062382492091,125
IMG_09276,-6.898240610575641,-40.23718825459247,557
IMG_09277,48.952413900342606,82.24551108266041,656
IMG_09278,-14.70068105758324,25.94852978478565,647
IMG_09279,47.77687610601205,28.25652297591745,692
IMG_09280,49.96563454861112,-101.00915658559168,663
IMG_09281,45.63304003749144,110.83198683343016,938
IMG_09282,54.7389442636208,103.3277183907266,226
IMG_09283,44.28940914647546,112.28718845100713,938
IMG_09284,31.468935345047825,-85.51668850509857,579
IMG_09285,48.20894323903372,97.09817069430642,493
IMG_09286,40.98237500714709,-97.55759339843289,917
IMG_09287,49.94408961785416,-104.54754915274964,302
IMG_09288,-28.68287478940636,150.70238813746886,35
IMG_09289,55.81347362028333,11.708869262796014,60
IMG_09290,51.09761711701924,106.95136344141063,158
IMG_09291,58.33800534121633,-1.9650143935100173,403
IMG_09292,-4.116332032481978,-69.81632096807732,698
IMG_09293,-12.313159489212625,-43.96818988112312,702
IMG_09294,-19.253937447421308,-67.58958320257035,842
IMG_09295,-34.429547285854014,122.53838658822345,574
IMG_09296,-7.067102483888846,-46.19922767492915,657
IMG_09297,65.05180606015526,30.05153391958788,75
IMG_09298,0.9375755982165545,-75.85925875670787,624
IMG_09299,60.30762636144146,64.41497917810904,290
IMG_09300,30.037709692181465,-121.61776531979989,74
IMG_09301,-14.216933522565498,17.38370338181241,378
IMG_09302,45.90072225693166,19.321489434371955,605
IMG_09303,55.16611855661904,-1.875924847336876,861
IMG_09304,60.78625088200283,35.20555867961272,554
IMG_09305,46.59579908491333,94.48544287682,37
IMG_09306,52.652474283198046,-115.93930020460309,40
IMG_09307,56.87042692883398,92.46973476592774,187
IMG_09308,-28.429554529160363,-63.64392291098406,683
IMG_09309,32.13383672080923,-106.32055888562444,613
IMG_09310,-4.863133585793875,-71.6334296989602,130
IMG_09311,64.01760370246893,36.287458735114456,782
IMG_09312,8.228363612960976,78.35693701085017,997
IMG_09313,7.842073417767011,37.76508063328328,192
IMG_09314,-17.724099602504623,3.7269719798641754,321
IMG_09315,-9.243978837078174,116.69224904847522,270
IMG_09316,-27.06285592583214,118.19553053535373,752
IMG_09317,43.17635105382669,-106.99285463798547,592
IMG_09318,10.14828065048536,48.976508256886746,134
IMG_09319,-22.27475437847258,-142.0284846705637,265
IMG_09320,54.84699208271204,23.61854661940521,176
IMG_09321,70.38978970471436,74.88096982371985,431
IMG_09322,50.89620091628549,75.74732773583929,926
IMG_09323,-21.71170371582272,164.20140176645253,537
IMG_09324,52.63393000116565,76.87536596587586,858
IMG_09325,40.85071150080799,0.1032157562158886,607
IMG_09326,43.49271330599365,17.16292532356232,374
IMG_09327,27.09559562384102,70.41362518221692,568
IMG_09328,-30.96844310000418,146.20971498071714,244
IMG_09329,-31.212741811045632,146.86225629466708,244
IMG_09330,38.74493226421305,67.54693677143672,80
IMG_09331,44.96521037729247,-97.02364565516284,666
IMG_09332,-29.026920861037425,-65.09567659544074,114
IMG_09333,-21.03503171630311,145.76825337690224,871
IMG_09334,-37.329206931556335,-73.29773566910401,682
IMG_09335,54.7266977845492,18.83895334661611,971
IMG_09336,48.40738969070264,85.31101511079629,92
IMG_09337,-30.80427096180784,-55.193106337970974,155
IMG_09338,53.99011867251153,-5.40476750877221,212
IMG_09339,53.972155598054485,109.21800760761062,669
IMG_09340,-25.423982721657893,27.4199033239712,629
IMG_09341,-20.519535948549247,24.67852490930477,219
IMG_09342,43.66675690206415,0.822003674774038,362
IMG_09343,46.0822052183951,4.206087322652678,76
IMG_09344,-0.5522389673425323,-70.71666559868255,698
IMG_09345,-17.116291795291602,15.918206823622882,808
IMG_09346,55.4195366734117,-2.867491063081502,861
IMG_09347,-31.1428801530906,-58.36505178008216,810
IMG_09348,48.27237922208781,-104.1194111867801,526
IMG_09349,-29.089883553986677,-52.17695941263234,545
IMG_09350,-28.87102972523805,20.78493456856137,314
IMG_09351,41.46797371738285,40.20411883587738,25
IMG_09352,-14.52413578703394,-37.76488731310735,588
IMG_09353,-19.796889950941875,-40.46636785968866,106
IMG_09354,48.31554043942569,18.573562002465337,605
IMG_09355,54.14300939269541,92.08157269556636,859
IMG_09356,69.07575051504836,31.02959432684642,933
IMG_09357,56.09122911218816,36.53889025461859,279
IMG_09358,49.28753994355955,-0.1321282402666099,340
IMG_09359,40.485618506383815,-95.69287145695438,635
IMG_09360,52.891913751772506,41.09956215636669,59
IMG_09361,57.865952955435546,-121.48454943778592,113
IMG_09362,-19.961543808850564,25.502986396378247,219
IMG_09363,-1.250594716492074,-79.03856753286189,741
IMG_09364,27.936869901064966,77.31959546699898,978
IMG_09365,-37.59047148714853,-58.390805474386255,527
IMG_09366,30.85312318437731,-107.558330074009,407
IMG_09367,32.49966665181829,-95.29858868838656,127
IMG_09368,62.72304080850469,23.05061969046204,364
IMG_09369,-28.62313784233335,115.94383139357149,817
IMG_09370,-7.836303372744737,118.18214473577382,270
IMG_09371,54.5041856395446,-4.756355530427356,212
IMG_09372,51.48349608475823,-116.64732653455768,650
IMG_09373,66.88177343050347,-133.51585349939074,406
IMG_09374,10.242987768105776,87.39105209327886,160
IMG_09375,43.44366830500093,-122.58149902374956,150
IMG_09376,42.15862890771683,-123.44652269101468,150
IMG_09377,41.85968358359463,-113.27548510539008,300
IMG_09378,52.92005791499531,-125.60956195144662,93
IMG_09379,-10.810043822146753,-42.61860346143544,603
IMG_09380,53.741906996954185,-110.0575357669141,517
IMG_09381,-42.98562296052349,140.48376838418733,535
IMG_09382,47.56621620400532,27.359583829648017,692
IMG_09383,-8.739301150906897,-54.53702848082477,975
IMG_09384,28.41832726667081,-102.7706235798396,580
IMG_09385,66.33803272782853,34.671370625826,494
IMG_09386,36.72584787801691,-89.74189887769082,911
IMG_09387,-33.67118529843613,133.84192989341784,2
IMG_09388,-16.42234547205871,-71.86341621033733,924
IMG_09389,56.94807779970213,7.901428218590155,837
IMG_09390,61.22976730868211,-128.85236909017647,231
IMG_09391,-12.49207626122309,27.773749924910703,63
IMG_09392,-9.868993511761955,-45.08613293547714,163
IMG_09393,55.294006076167136,78.02501334926603,140
IMG_09394,-27.531551032967627,-54.36253778754721,602
IMG_09395,37.9855037636661,-107.04839854094648,722
IMG_09396,40.82871688807404,-114.28624145907077,300
IMG_09397,-23.258199417483965,-51.53777451829242,984
IMG_09398,44.55860683549116,-108.73063362237104,592
IMG_09399,62.30738012248199,77.97430448287008,589
IMG_09400,56.635911529280975,6.441854025700422,837
IMG_09401,44.38457035143708,67.64398869752927,210
IMG_09402,-39.14245636957752,-74.89308319739756,223
IMG_09403,68.89224415646271,23.95096600646525,680
IMG_09404,55.573318033901785,-120.60965587005968,380
IMG_09405,-18.67737254956262,-57.66011590769409,476
IMG_09406,55.868827592280695,-111.3841960808116,517
IMG_09407,-11.233573572822166,-39.71050103836106,177
IMG_09408,-28.539739375912987,26.69891485563957,587
IMG_09409,57.12129750183647,-114.58568917472472,151
IMG_09410,64.37070241401062,-108.4613893672438,823
IMG_09411,54.11184898328085,-9.135445842388036,125
IMG_09412,-10.224274002113034,-58.94767836198082,610
IMG_09413,54.3742791686619,25.33951014853048,176
IMG_09414,-32.66316388646266,-50.096889846755005,570
IMG_09415,28.42332525410504,-109.87547243033892,899
IMG_09416,45.442243709389686,-106.11585561362575,993
IMG_09417,47.23612374363495,99.16894122284305,493
IMG_09418,-10.73575525961759,-36.07920171575779,699
IMG_09419,-12.42880000677195,-64.98515920880027,401
IMG_09420,35.610088573854185,-0.9597699393564768,366
IMG_09421,9.91340001253444,-1.1941552005900462,295
IMG_09422,-21.937226290063776,28.076472142726885,712
IMG_09423,27.462875390829154,88.15026880662458,697
IMG_09424,55.69603430715625,-120.87779433627492,380
IMG_09425,51.97674892381144,-101.95583535325927,82
IMG_09426,-21.19381645354932,27.236069497656416,413
IMG_09427,55.36186047496099,38.22385758840548,848
IMG_09428,45.33673888258062,3.9908923293191942,76
IMG_09429,57.801642754711054,41.58710845763312,921
IMG_09430,72.26982997903588,89.4159703448928,896
IMG_09431,-1.3903876761238363,-58.16600707079766,375
IMG_09432,40.14958604423029,73.91834249933731,834
IMG_09433,56.75409636470795,-98.17783098150076,491
IMG_09434,-26.577867675510504,27.01393853481929,629
IMG_09435,56.02542577560303,102.44153718782484,226
IMG_09436,56.76460521457818,36.815358376866186,279
IMG_09437,-1.317095132648234,29.79491690981089,4
IMG_09438,38.54936790743997,15.86295947851258,208
IMG_09439,36.84906924181641,-94.58378810365689,12
IMG_09440,37.21230930702348,30.02360849261882,892
IMG_09441,56.46130122037198,97.17264358115727,755
IMG_09442,-6.916432770496925,-55.22703570274798,456
IMG_09443,65.07707852228737,18.57792702317252,807
IMG_09444,57.8881647342763,77.48878040224247,967
IMG_09445,37.78903437246965,33.08698406092776,230
IMG_09446,35.4005937421972,-109.10115301607212,47
IMG_09447,38.90606833267088,-93.21941584990964,293
IMG_09448,26.80885966716258,80.05065586182548,24
IMG_09449,47.00648466224516,111.99653194461342,393
IMG_09450,-18.698639521013803,-71.43924883466661,416
IMG_09451,-43.74464423833702,-71.37192776170757,460
IMG_09452,-17.25428578938022,134.64645431736142,658
IMG_09453,51.05234147630617,101.17940528604652,963
IMG_09454,-35.62389598660285,-73.00630859685751,682
IMG_09455,42.56868096682175,-114.66744798312403,973
IMG_09456,3.794419432854994,-87.91353750830584,718
IMG_09457,29.373684085441155,-86.36401671223895,234
IMG_09458,-27.802116274978616,114.5982246344878,817
IMG_09459,56.05979462905296,87.34490855971922,373
IMG_09460,-10.896076552351431,106.24240420637364,346
IMG_09461,-26.69339179550932,151.73378286086364,280
IMG_09462,37.93570142458573,-10.230700267118266,457
IMG_09463,2.4144858317392845,-2.691072552539993,444
IMG_09464,28.307981215828818,-117.0565957707062,976
IMG_09465,31.60392208786777,-84.35303737568418,579
IMG_09466,67.68726998536525,10.495303365790477,199
IMG_09467,-10.754538703291304,-67.02575199775296,148
IMG_09468,12.336223547461556,25.645089080853158,948
IMG_09469,-22.109916862298064,25.678285530266976,886
IMG_09470,15.83636022794876,-7.270989066912847,809
IMG_09471,39.45882334782556,31.215055782962423,308
IMG_09472,-11.029608862078987,-38.46580065488629,177
IMG_09473,-25.89651094078563,32.111021574405186,941
IMG_09474,-31.149465353476774,151.4363543176724,523
IMG_09475,50.9502690241689,47.37452457638841,882
IMG_09476,49.49257789523088,17.399679356913566,623
IMG_09477,42.34755569785864,-93.35808449174404,188
IMG_09478,11.163081125306377,44.7083537747169,862
IMG_09479,-27.94650044762137,28.74574191749932,587
IMG_09480,-36.79731650947584,-63.28644249449584,196
IMG_09481,54.79978723180892,44.01444467273004,206
IMG_09482,61.34973432953831,45.38183066846102,677
IMG_09483,7.626154348094417,7.176518025273992,183
IMG_09484,9.985717994562464,0.740579245820129,295
IMG_09485,68.82312031066945,12.469470687656838,622
IMG_09486,-15.14611129808307,131.58092384094607,453
IMG_09487,-28.74254941729921,-50.970356707882814,545
IMG_09488,52.65416143837513,104.46259297109088,930
IMG_09489,28.704549789005725,-98.13448875193998,980
IMG_09490,61.106324522921255,44.91444842662787,677
IMG_09491,-32.46264548745261,-53.94084584535884,559
IMG_09492,28.9427626419222,-97.2237295673132,529
IMG_09493,-20.53279409053133,-48.1084166668179,390
IMG_09494,-18.11949373860395,-57.38569529165946,476
IMG_09495,65.03795765398678,46.93461887487297,258
IMG_09496,56.94181078357758,92.3287524052875,187
IMG_09497,-11.140478766131878,-36.72953743809381,699
IMG_09498,2.517756244734628,-60.44804815686717,952
IMG_09499,52.80039468353527,94.220638983475,914
IMG_09500,55.40267883459416,-103.04469946549784,583
IMG_09501,53.11470967376272,20.49884226150658,445
IMG_09502,42.970972381344666,42.69706777342444,25
IMG_09503,33.90273301375777,67.4341929864033,799
IMG_09504,-9.325295214340173,-68.29581068519276,148
IMG_09505,49.7317896862607,103.05748379659669,85
IMG_09506,12.032065540265108,45.56273592137535,862
IMG_09507,53.70201527418155,44.29102497407274,260
IMG_09508,58.05238764226462,10.094161565325493,779
IMG_09509,-27.50454096554094,-51.04994418841733,545
IMG_09510,66.85300869960798,104.27644074520548,634
IMG_09511,-4.500071627727522,-81.28777271312568,684
IMG_09512,-15.779075266358303,-8.240945395245575,296
IMG_09513,-16.75100649652984,145.50164879025556,606
IMG_09514,51.8435521374621,38.058675275166,185
IMG_09515,61.04466225587163,74.45713972255652,435
IMG_09516,56.7410732866486,71.24319301121284,569
IMG_09517,-0.9561546271106636,-62.707139210981296,207
IMG_09518,50.45104910973231,15.626018214014778,623
IMG_09519,61.26996094423649,67.47203797957314,290
IMG_09520,48.42321087393205,66.6941403898831,336
IMG_09521,52.65713856856581,10.535467650028464,644
IMG_09522,69.83490916311064,-132.32769140929912,162
IMG_09523,-15.202737233070565,-42.41836294019089,66
IMG_09524,-24.702197623609948,-62.26508774899415,222
IMG_09525,27.15785368882177,73.24491054157642,879
IMG_09526,-41.73181230827228,-70.31152521006426,109
IMG_09527,-20.405820250970592,24.62758899082289,219
IMG_09528,-1.8069058441459165,-36.405780944551,719
IMG_09529,-25.100554624675752,26.38737467802457,371
IMG_09530,39.552892085707214,-87.84635750637474,440
IMG_09531,53.46798800639692,3.2108952484319677,363
IMG_09532,6.70320147513408,106.4052866501106,851
IMG_09533,-6.831115608346309,-51.29640040504961,804
IMG_09534,53.25115919434711,-122.2056111955592,536
IMG_09535,-15.700114420951564,-71.35109799190786,924
IMG_09536,-13.547973467397554,142.44021029327433,193
IMG_09537,-9.555386376709308,-42.13670417788515,603
IMG_09538,38.11123724103496,-99.610155332846,708
IMG_09539,51.18206681961337,22.646594196357057,875
IMG_09540,60.12415621431981,86.57401877929397,753
IMG_09541,51.380414801790295,100.66802335725424,963
IMG_09542,-8.673959725890086,28.299627268380988,544
IMG_09543,29.92202145474593,-96.78880942626868,529
IMG_09544,-9.731059817984118,14.615970846466809,780
IMG_09545,-37.24626302907449,-71.75997962559539,682
IMG_09546,-8.298119064542504,-68.77024946277383,148
IMG_09547,14.501604183219072,8.048444611777427,747
IMG_09548,-32.16324445304484,132.29637668083473,2
IMG_09549,-17.532527484751284,2.8137172290900594,321
IMG_09550,55.80523188977628,28.43375658362774,451
IMG_09551,3.1743568029618103,-2.6080897586104754,444
IMG_09552,-37.57631988376764,-53.478024532588,987
IMG_09553,48.86422995362298,-2.6661971616190385,534
IMG_09554,31.53491142113512,-100.53544590598295,205
IMG_09555,-17.685514025816303,24.652552874227155,426
IMG_09556,42.76246656396228,-98.33519541265215,175
IMG_09557,-13.260581128548466,-78.51850207358532,945
IMG_09558,-8.652785228772558,-80.60118826850001,528
IMG_09559,48.080144762541806,40.676757481154766,372
IMG_09560,58.16941831423799,90.15284146026022,187
IMG_09561,4.09015655051644,119.03677923202974,311
IMG_09562,62.699025645916095,14.476821330290475,597
IMG_09563,-29.92585987576929,-60.695930465076586,318
IMG_09564,-4.069377218638721,-38.68187088131131,719
IMG_09565,37.01281047056827,28.6580607108848,892
IMG_09566,54.40211929109074,-1.5449677444186136,861
IMG_09567,-20.740492206823205,26.19823368480897,219
IMG_09568,-24.15806658980091,-43.883047563765615,721
IMG_09569,12.37561969252269,13.315984044314746,325
IMG_09570,68.48174996489115,-132.93309334818406,406
IMG_09571,38.03172044954857,-96.7050228238231,708
IMG_09572,39.628436444172166,-110.12144260576288,408
IMG_09573,45.56806371757153,-99.20774130957318,666
IMG_09574,-10.14281636855398,125.23274824376632,116
IMG_09575,-29.6162869415556,19.175173361547337,732
IMG_09576,-28.97367585213746,-67.87964118276881,310
IMG_09577,35.91280233136014,46.859608063086455,329
IMG_09578,63.12095650984708,11.92552926705926,597
IMG_09579,46.8396773780367,34.06020679074928,414
IMG_09580,38.166016800028416,-3.4048271967936614,29
IMG_09581,51.76511856112563,-115.05640323707416,351
IMG_09582,-8.949666384482029,-54.71390903299411,975
IMG_09583,-29.630004731256328,-71.17001453798467,462
IMG_09584,-23.8063075066124,-45.4297670490588,721
IMG_09585,-20.82912929256355,25.728368433020364,219
IMG_09586,32.46321824264827,-89.4324803421199,54
IMG_09587,-22.16025061366797,-48.464344105745056,119
IMG_09588,29.93729051739344,-106.43429999911828,725
IMG_09589,56.20747963795259,93.53075448706664,187
IMG_09590,-31.62248252767499,-67.99228572742497,577
IMG_09591,-27.719143316549108,-69.37924781142031,713
IMG_09592,61.15620066355075,14.791927636191248,571
IMG_09593,-23.402635454238848,20.1009693302519,673
IMG_09594,41.23556938608982,8.626795303527103,489
IMG_09595,59.51792097323715,-131.31939475726833,800
IMG_09596,44.53722175567805,30.500613984954697,989
IMG_09597,60.08972478532192,33.45198215403195,554
IMG_09598,-34.507771260876595,112.46062437303794,833
IMG_09599,-30.151713210401468,20.257156895582483,957
IMG_09600,62.9263651279274,64.75725766326508,723
IMG_09601,-20.414935247281733,-63.20752274439363,143
IMG_09602,11.383134726304888,11.01269117780754,156
IMG_09603,53.56321825602555,-116.70389023766823,40
IMG_09604,-32.84467181861696,18.744604194328645,618
IMG_09605,-14.439854164351216,-40.4298575924351,836
IMG_09606,-18.95295358563084,26.92115921890101,122
IMG_09607,46.14031740458967,24.597554990962152,950
IMG_09608,43.82475984177131,47.45875468117959,180
IMG_09609,53.99263701377296,-116.13182800453312,40
IMG_09610,38.19028193585609,-93.44174959354622,293
IMG_09611,36.448370323956965,32.47998906644273,230
IMG_09612,38.93346868231055,8.955891926694164,489
IMG_09613,46.16086802025293,81.41527251523371,656
IMG_09614,45.70658543340329,-115.35838660606088,609
IMG_09615,-33.85007679492615,-68.49059785062394,935
IMG_09616,44.25876093918686,-84.13801538517812,608
IMG_09617,37.30425120401267,-102.98423441250506,345
IMG_09618,-10.48998130892602,-42.714223070792286,603
IMG_09619,-19.425175328382068,-47.52912904723144,7
IMG_09620,43.51098539747099,17.374016395250464,374
IMG_09621,40.51822087785808,-2.2746330308239067,142
IMG_09622,41.53873677631975,32.13944240871123,308
IMG_09623,-20.699934340801164,23.629834610460502,219
IMG_09624,60.23833608072073,12.1334192054116,121
IMG_09625,60.28546760700823,77.78386964866189,589
IMG_09626,50.03443852948868,13.280967874810898,477
IMG_09627,62.86263026816707,69.14586471843978,723
IMG_09628,49.257542766546464,4.73676614384587,946
IMG_09629,-12.566980170749858,-58.7949688147084,581
IMG_09630,-45.33623682381448,-36.20259907626499,274
IMG_09631,67.17766484214368,79.37862896331916,746
IMG_09632,64.04356853858289,-11.842948858376104,365
IMG_09633,-34.00071236562466,142.23205256294182,908
IMG_09634,51.87318415853119,68.14541385570709,564
IMG_09635,7.615751959270057,-3.2516720788599685,200
IMG_09636,2.7364855751238792,-58.206380106183474,952
IMG_09637,44.551275821107566,-94.42307203003833,376
IMG_09638,-17.18459024660382,-47.83873346222754,7
IMG_09639,-31.929435607586115,147.54947403721894,540
IMG_09640,52.305987738253606,-118.28507504957088,40
IMG_09641,-11.25410207551991,24.78117725568478,510
IMG_09642,46.46153295364718,-103.64456123152974,526
IMG_09643,59.64110690535495,20.18414348786291,166
IMG_09644,46.72421012009272,-113.55102609623938,609
IMG_09645,69.02057422721535,29.91569850440095,123
IMG_09646,32.37238516410939,112.06996625056117,434
IMG_09647,40.14679807766515,101.29867866995608,138
IMG_09648,54.92668759685412,41.192321814990976,478
IMG_09649,40.69900400036451,-120.97903351272588,970
IMG_09650,48.511673097658445,-2.3794079823813945,534
IMG_09651,-38.64399643712861,147.7746969143643,285
IMG_09652,-19.575964358834824,-51.573219761603866,969
IMG_09653,48.63219897163572,-100.96349697751651,663
IMG_09654,50.78436447034997,-133.56762822011376,551
IMG_09655,-40.495344891130685,-73.38717524237819,395
IMG_09656,-33.8815175186614,-72.05781652667824,23
IMG_09657,54.42535696235007,10.133255242062518,644
IMG_09658,44.34189312256146,24.41604576293628,950
IMG_09659,-28.79009297506923,-45.83943641387973,294
IMG_09660,-18.197447895458797,-39.63225151407278,106
IMG_09661,61.13840611589376,-130.5449379348607,231
IMG_09662,-34.74787127054562,-68.63051064258818,935
IMG_09663,44.87214120001363,94.98931225707884,37
IMG_09664,-32.227377785158055,-46.270455425269546,570
IMG_09665,48.2093124426425,-110.497250420535,821
IMG_09666,5.515327074731459,42.89395997615986,754
IMG_09667,46.76712534055491,71.17622614216651,596
IMG_09668,43.79586689327391,100.40335098553884,883
IMG_09669,62.8314403243987,81.40062078612482,301
IMG_09670,39.05358816758749,-2.520412231984324,727
IMG_09671,-18.421056436748344,28.24869339154364,122
IMG_09672,-0.3720992277827406,-55.59907384981969,375
IMG_09673,10.834793413517644,39.96651344826188,251
IMG_09674,-17.879886216653972,-49.52167822747299,969
IMG_09675,59.209297135695465,22.32732641480797,856
IMG_09676,57.42522250365113,36.81863676519018,734
IMG_09677,10.519157389637996,7.022642731884446,427
IMG_09678,28.02779149149876,78.78595450430089,978
IMG_09679,64.23201618213244,-130.79769538170856,872
IMG_09680,-17.726740668482165,24.40205822581362,426
IMG_09681,64.69814612958373,-107.0241190119862,823
IMG_09682,-40.30172977430745,-63.25290321084032,103
IMG_09683,41.18545224334588,1.4475496520731213,607
IMG_09684,5.969962474115931,8.00270099021779,183
IMG_09685,-24.93390038597512,-54.65283425634101,233
IMG_09686,67.94800901474605,30.010680832750808,680
IMG_09687,52.42141092398529,31.22839329451469,13
IMG_09688,50.96568353934117,31.845168977933696,828
IMG_09689,56.41220077876892,15.14049229530798,60
IMG_09690,-21.846428347333216,27.16598992997612,413
IMG_09691,54.504610891391565,12.580861230632394,644
IMG_09692,45.89005321279663,68.20460422365898,596
IMG_09693,64.40072337650537,75.28496900148298,839
IMG_09694,-11.440276517684424,-55.49744348541512,306
IMG_09695,-15.024381596149468,-57.10291494026484,149
IMG_09696,-27.72142183643692,-72.46925726343294,174
IMG_09697,-17.821835873101904,-55.504683689486114,476
IMG_09698,51.807713179916846,21.22428417532396,875
IMG_09699,53.26911167107352,-1.2879978134712644,16
IMG_09700,-26.542722290366555,-108.24216011902436,598
IMG_09701,41.677599324018814,-100.62768455117558,175
IMG_09702,62.25935837340862,-133.85969703546894,231
IMG_09703,38.994343991423335,39.09332903803824,717
IMG_09704,54.446032984046894,81.20355171385893,998
IMG_09705,28.271829614457204,91.43183120257127,87
IMG_09706,55.562023088219576,29.643735751287124,451
IMG_09707,40.90033592152648,-113.76604094299212,300
IMG_09708,41.12431648169192,78.77473258934612,909
IMG_09709,0.6728636949342217,-75.34010856697756,624
IMG_09710,31.42624382013321,-103.16994477960624,137
IMG_09711,40.29105048176967,-109.65352230387072,408
IMG_09712,-26.482067380830124,122.93332802287416,385
IMG_09713,30.236487701287103,79.79032507303839,458
IMG_09714,-34.09454034336234,123.46379388398572,574
IMG_09715,-28.947421002594226,147.26686359968284,244
IMG_09716,62.42384244337393,66.5956136196123,723
IMG_09717,-10.266291234876746,-68.4079239454453,148
IMG_09718,52.58138181882856,64.48746289953235,564
IMG_09719,40.83408364992141,-99.77894049690482,917
IMG_09720,48.6699934610524,94.40499899471456,316
IMG_09721,-14.803740207408254,143.2340632786138,469
IMG_09722,-8.889273286134767,-50.39923246979896,72
IMG_09723,36.56728790393738,-116.56587995106284,307
IMG_09724,-10.837389733442508,-40.903832320839086,603
IMG_09725,-45.80208768158698,150.6121219328199,906
IMG_09726,-11.636380614527752,-45.07908626978411,702
IMG_09727,55.73449616318348,65.16981210527143,73
IMG_09728,-32.11987577358648,-62.275845179848986,550
IMG_09729,-25.178946271503307,27.665500958592872,629
IMG_09730,13.819285433579168,-21.06957057906368,41
IMG_09731,55.95477703363469,47.49052911887685,206
IMG_09732,49.57985383928499,-94.14381827785296,693
IMG_09733,11.255839379719175,42.23899547938521,420
IMG_09734,51.42362044392746,111.56963890468968,254
IMG_09735,0.8345022934117594,-46.97624280593021,902
IMG_09736,61.48335519206788,41.74557242595285,195
IMG_09737,54.239280538573496,-114.5537494204184,517
IMG_09738,43.45234297019943,68.0489090043227,210
IMG_09739,64.96647342210991,37.87979904048035,463
IMG_09740,-29.642999827937544,-64.09673094613053,881
IMG_09741,55.91563049091775,15.243603977136075,60
IMG_09742,-3.214917549841146,-32.25330184929527,167
IMG_09743,55.02283850465653,-2.235883840812477,861
IMG_09744,4.240557959067601,9.793337665247693,995
IMG_09745,45.59852736440632,141.05337612344795,495
IMG_09746,63.01102827669558,21.632934146853444,364
IMG_09747,-11.626751451395336,-38.32498427193761,177
IMG_09748,55.73936784434923,40.05995400436296,412
IMG_09749,40.83956618434468,36.545894156078816,653
IMG_09750,50.12102929343723,-100.9650682904364,663
IMG_09751,41.85391524962216,28.67887263506242,590
IMG_09752,-25.78215828748722,-53.14763232013526,233
IMG_09753,-34.45674341059072,-48.04216285035079,570
IMG_09754,-35.48561004007445,18.805719067194502,618
IMG_09755,-35.248561613365524,116.75064032628984,890
IMG_09756,50.91651162985832,-116.37022533697925,650
IMG_09757,-13.113796560916056,22.27818229879944,378
IMG_09758,56.542037684696766,-123.80919094002488,113
IMG_09759,39.09335501320541,42.75617630140866,703
IMG_09760,52.91696664170365,45.683547021362585,260
IMG_09761,-24.03523354538609,36.51820531974192,502
IMG_09762,-19.35248544149475,-40.67567162413079,106
IMG_09763,44.54719657093796,107.61671154436186,132
IMG_09764,50.33612980688082,113.54508938818827,254
IMG_09765,-5.323672590383254,139.7023928799307,749
IMG_09766,36.03483726697624,16.947420952303645,849
IMG_09767,-37.55650815498879,-72.89967629723425,682
IMG_09768,63.43036590295412,32.47648518804914,288
IMG_09769,-15.71207867254185,-143.66389331359014,347
IMG_09770,56.42354266937306,-0.1883952198281804,403
IMG_09771,54.48457817050706,-6.364886880203216,248
IMG_09772,-1.6940117172864009,-56.49252823342083,375
IMG_09773,49.95776034546674,95.53210076737156,316
IMG_09774,41.53560151877349,-90.24874643447676,852
IMG_09775,54.84911367571675,-4.894491319048939,212
IMG_09776,60.34931783936486,70.74730329212807,104
IMG_09777,35.226742055343124,-1.2727919934047236,366
IMG_09778,12.692056309268551,38.03691394832475,77
IMG_09779,52.29941176264305,65.34087928250744,564
IMG_09780,-30.50403309751885,-62.20566865999635,318
IMG_09781,-3.388394107481844,68.08850458073519,762
IMG_09782,-8.582172127934712,-73.94189272820238,267
IMG_09783,53.92238792947967,65.03440581946649,73
IMG_09784,37.795153913510205,43.18048736586442,329
IMG_09785,-0.976143448874879,-39.33198832315702,421
IMG_09786,58.52013110006442,8.253888638859308,379
IMG_09787,12.373904032898864,39.49009409277869,251
IMG_09788,27.35069183392821,-99.58400326345324,384
IMG_09789,71.52205672494944,64.89008545770568,965
IMG_09790,69.74260878343108,64.99176715407,965
IMG_09791,-30.53501981572181,112.70467563650448,442
IMG_09792,-24.372501275438168,-44.99263616734413,721
IMG_09793,-32.960505814787666,47.2671133775018,789
IMG_09794,65.89239998648827,-104.67641828868442,823
IMG_09795,62.98670671874723,15.662309515625196,571
IMG_09796,58.723086467972166,16.209415656253526,354
IMG_09797,55.39654890680541,11.455549622764096,644
IMG_09798,-4.864299067055171,-42.20963375369541,22
IMG_09799,-25.368257047158536,26.57168998523744,629
IMG_09800,-17.7144629576936,-66.98242055309571,468
IMG_09801,-11.037526130551669,105.57907544068524,346
IMG_09802,64.0240207628512,40.40518665464671,463
IMG_09803,11.611754197768136,15.104866455848423,325
IMG_09804,64.93502824484338,34.56116563336087,782
IMG_09805,38.724903430796815,-88.11765844087438,404
IMG_09806,-10.782561386992938,121.92144715011204,835
IMG_09807,43.558302448272,15.813120896667384,374
IMG_09808,50.95940907978155,-130.86688378027486,551
IMG_09809,58.64673326158163,-127.68222666963362,800
IMG_09810,-12.631733145912094,-53.0832106544386,506
IMG_09811,-34.72348527322779,136.32833354205172,400
IMG_09812,31.853859123089865,-97.6927797663904,822
IMG_09813,-28.962866226963868,-14.425215023935465,117
IMG_09814,-27.5217260021678,29.065134376177586,587
IMG_09815,0.2002860160642967,-51.72711770031143,283
IMG_09816,67.5122101794206,70.66844073648653,584
IMG_09817,-14.028469995538616,-59.25936562550268,149
IMG_09818,-19.31605462800735,-71.43003931578826,416
IMG_09819,-36.245403784335466,-70.81190950025149,999
IMG_09820,44.08155256736581,110.05430939139546,938
IMG_09821,52.81543735863068,82.59331791266607,998
IMG_09822,58.11033343573462,35.530007612057034,734
IMG_09823,-13.129634884007828,-40.81550075352416,836
IMG_09824,58.2839182939062,12.256929814039069,779
IMG_09825,63.422879817145656,80.43617027980173,301
IMG_09826,-38.11482163160817,-71.32396977845993,682
IMG_09827,44.296824698090944,-114.9475678726296,973
IMG_09828,61.66878389683026,74.04896159124556,435
IMG_09829,-12.078127509222496,-58.07564086128295,610
IMG_09830,28.456247400912343,-97.67209795855568,529
IMG_09831,62.394974167702856,22.29096531498664,364
IMG_09832,-16.163590278511876,129.42531030569114,304
IMG_09833,10.51998412174241,-3.058295025700261,830
IMG_09834,7.419023838184216,54.05213758946883,845
IMG_09835,35.51479335294054,-103.03291510277158,632
IMG_09836,44.92138853114926,-84.33804069686413,608
IMG_09837,-16.308965171703818,-37.33291884189006,432
IMG_09838,9.346316043805302,-1.83986664009646,295
IMG_09839,-34.4974918886922,-67.15210461351307,935
IMG_09840,3.6248931989933615,37.36225163066837,825
IMG_09841,-0.4013627515465288,-51.20058139181037,283
IMG_09842,40.95026539065952,26.096466130967517,654
IMG_09843,37.134333314320415,-93.984227714549,293
IMG_09844,-19.56795870613968,-54.37907594567373,575
IMG_09845,8.766042243673354,12.046114929396737,742
IMG_09846,1.8412814913691733,-72.90837949623496,360
IMG_09847,8.682713243666754,-8.909960694778846,838
IMG_09848,-36.04710995794825,-60.975010881845535,439
IMG_09849,26.730536981462663,76.93662639726926,268
IMG_09850,-30.154533546292924,21.54985473443637,957
IMG_09851,-21.015813345192345,-47.2517243954799,777
IMG_09852,53.75228781862222,85.51667229071279,425
IMG_09853,-31.18154014415805,-53.10607818736965,559
IMG_09854,41.1564944969291,69.80996813857192,80
IMG_09855,-21.85146321684712,121.2120155650507,69
IMG_09856,65.58558342963696,-126.57995423016884,50
IMG_09857,-38.54498404373111,-56.79875042403805,928
IMG_09858,9.046097351176089,38.84817290991958,192
IMG_09859,-15.455836107027451,-68.86874546190234,98
IMG_09860,30.306262345982987,-95.77072661084595,529
IMG_09861,56.8946397707291,4.100699625822841,837
IMG_09862,47.549370285972856,108.61372054820345,711
IMG_09863,9.377963009334536,27.30421032311881,359
IMG_09864,9.512563016637088,107.60796193129032,851
IMG_09865,40.26640722437617,41.38042738237107,25
IMG_09866,54.50698223331708,-126.7967039770684,470
IMG_09867,-17.33330292560146,-47.943487126938464,7
IMG_09868,-33.49198171199093,152.45320533030832,197
IMG_09869,8.19335505961024,-0.8045208670173736,295
IMG_09870,46.94886166145986,-121.70307874309071,319
IMG_09871,-8.73013782702472,-39.664653765261306,603
IMG_09872,47.99292836275811,-91.35435946894088,108
IMG_09873,50.24061571925668,71.63459538875486,264
IMG_09874,-44.56016842843312,145.76904980436234,906
IMG_09875,49.49579264443426,25.430563300453485,383
IMG_09876,32.634143233982456,-96.30921687531108,127
IMG_09877,9.652311358119334,38.82677530768152,880
IMG_09878,60.42448478471391,-128.8171471864818,231
IMG_09879,38.56975434686947,-122.2487919383984,499
IMG_09880,-10.662449250715724,-36.76085938331013,699
IMG_09881,-3.6485758482744473,-55.19267590196222,456
IMG_09882,59.8071404443856,-112.404490515158,733
IMG_09883,-23.01144665359341,25.799236499640955,886
IMG_09884,42.331078461836114,-112.44867867040686,973
IMG_09885,46.47911725705532,-119.09178890342052,19
IMG_09886,10.260563993424723,25.73103164340006,71
IMG_09887,61.67371539680085,-113.75273274678928,561
IMG_09888,-18.31693696738995,137.52313489114022,658
IMG_09889,44.078795829536375,-100.6373434292058,666
IMG_09890,-3.8647364804057815,-47.689075841851576,743
IMG_09891,6.090012266686713,111.13808871179036,851
IMG_09892,57.12203532134527,0.4809721761394598,403
IMG_09893,-31.802303165286236,28.38467823413237,764
IMG_09894,37.25203419009347,25.45373193429336,369
IMG_09895,61.14785989238098,33.27802796560968,554
IMG_09896,-3.1742432528455424,-80.33117815328924,684
IMG_09897,50.67653702869788,36.28010025864103,185
IMG_09898,-18.562171657712923,-45.0817813823428,601
IMG_09899,-1.3960122121538348,-80.51657184809976,553
IMG_09900,-1.4614856537308754,118.48842138432514,701
IMG_09901,49.03552693090128,-124.05415073585894,319
IMG_09902,56.57970597567953,44.21529366438168,921
IMG_09903,60.06484642192896,24.20950427060569,166
IMG_09904,28.74041881227444,79.63774492867572,458
IMG_09905,52.58671703043643,-4.911690988379462,720
IMG_09906,-11.814757119273011,144.48419609071908,193
IMG_09907,11.425804847608248,77.52924583010508,338
IMG_09908,44.94759422037004,-107.8453135002565,993
IMG_09909,47.66237230350538,47.44751972995732,118
IMG_09910,39.13266441081549,35.99024083483204,99
IMG_09911,41.69261412363073,-84.9063954518613,968
IMG_09912,-34.17423586716686,-66.8452668691432,664
IMG_09913,28.679353161596893,-111.4779465630602,899
IMG_09914,7.225560941085078,1.9547175258747416,555
IMG_09915,-26.550817903208294,120.66049605883234,752
IMG_09916,50.33835224228332,82.82147751035723,496
IMG_09917,34.446525243599424,-114.86461385188244,591
IMG_09918,44.841999179942974,22.14196562913591,120
IMG_09919,-19.10719797904187,127.4155512778899,846
IMG_09920,40.46159608981003,23.560282587344066,342
IMG_09921,34.81426739918902,77.4012831158334,730
IMG_09922,61.27342899742413,69.49526073118423,104
IMG_09923,44.37971603600264,91.8217174672278,37
IMG_09924,26.5583347281582,87.85737387723981,697
IMG_09925,-26.73866677825504,27.888176239511296,587
IMG_09926,-12.820861751684546,-74.81834397521767,558
IMG_09927,-14.056293440190103,-37.274469064915536,588
IMG_09928,41.78636730114084,-85.73365361196139,968
IMG_09929,0.8416325959429116,28.89848325918632,4
IMG_09930,51.85504243465917,31.822805012268876,604
IMG_09931,-34.52582630107755,-64.56000188650347,664
IMG_09932,28.54131169885227,-102.88451940254556,580
IMG_09933,-25.630723132117723,27.20542646360687,629
IMG_09934,47.16648887317552,20.93106847671777,860
IMG_09935,68.64392542419506,-124.19377471594888,923
IMG_09936,31.196860029333635,-91.03177766158824,637
IMG_09937,48.11927450412537,84.97406088247732,92
IMG_09938,49.49276667083737,13.948024459346584,477
IMG_09939,43.07017412925552,-102.8923013105888,430
IMG_09940,47.07693806498946,-84.48504287371262,397
IMG_09941,41.00883495145439,7.359591979305691,953
IMG_09942,45.21219037547792,41.95320799198757,418
IMG_09943,-16.6642805453706,-112.38832139505271,598
IMG_09944,-41.844964397966855,-64.70703895226445,269
IMG_09945,38.72482279563093,-0.1327498551230519,727
IMG_09946,-19.0552298968733,142.43216890389198,39
IMG_09947,-3.378078045926273,100.75000454222084,504
IMG_09948,33.23273609145876,-87.35051209631271,54
IMG_09949,47.624523324927225,105.13681335116632,931
IMG_09950,-18.412230006766336,-64.48026383723845,143
IMG_09951,36.50970242943384,25.516581985918123,369
IMG_09952,-33.06953043022659,141.82954900612265,690
IMG_09953,39.97072496114015,44.06602833615855,703
IMG_09954,48.36354768375793,5.000492277395267,946
IMG_09955,50.30034380116976,26.180005126818287,383
IMG_09956,55.41950796118198,65.99833291672917,73
IMG_09957,41.03721649053068,-11.298822068403354,337
IMG_09958,-32.82150439765206,134.71833530230066,773
IMG_09959,58.44354303311346,22.47117134026709,856
IMG_09960,47.05375719977405,105.0955280533302,931
IMG_09961,-17.329743742920186,-59.638720443755815,715
IMG_09962,46.5656939646135,111.43250975838976,393
IMG_09963,-30.0192224666731,-72.31443274644381,462
IMG_09964,-29.792858204867077,-67.7699066661131,310
IMG_09965,-0.2420823525374942,-60.66016904723871,207
IMG_09966,-21.09026323703894,-43.98611339950492,284
IMG_09967,5.555670566750763,40.19210848059348,519
IMG_09968,48.56569744452378,-118.87519528201554,242
IMG_09969,-41.24212195048359,162.01705941815408,913
IMG_09970,-22.67843503033841,-52.70068275367044,599
IMG_09971,-15.345655399462942,-37.98536572293105,588
IMG_09972,-14.455365267524186,-64.40013028822445,401
IMG_09973,46.61408963909204,17.103135796120483,605
IMG_09974,-27.887790844912217,-48.71700385645124,339
IMG_09975,51.94523709480703,-98.8005252093386,239
IMG_09976,-33.621499825911755,145.48196855026583,90
IMG_09977,-31.328642086931996,138.65728896773976,312
IMG_09978,-40.11344390978645,151.23273610418812,263
IMG_09979,-18.128637178255588,26.47722707682792,426
IMG_09980,41.05755029432021,-11.061435142681574,337
IMG_09981,41.8153138617152,95.492533802004,287
IMG_09982,-5.135760915840237,36.93508265289921,387
IMG_09983,-23.006257731527484,29.024028321937607,712
IMG_09984,49.10239790736705,94.6871910650962,316
IMG_09985,-29.45581614779138,-44.30331240757545,294
IMG_09986,39.98215409008898,-94.12884498601436,635
IMG_09987,53.45157964159949,-3.9483594852937074,212
IMG_09988,43.41043458300621,-5.388721264339267,685
IMG_09989,65.55964508812008,75.2504462736386,839
IMG_09990,-10.211538169542692,-44.30842181648512,163
IMG_09991,51.86681956946296,89.808077200139,246
IMG_09992,63.57521140083321,-124.4506203871494,50
IMG_09993,-21.630649054910705,-42.698854418279325,284
IMG_09994,-28.22804494537253,28.78329142882731,587
IMG_09995,9.340833338015033,44.5477570519746,420
IMG_09996,51.1488677688198,-124.70715064582956,783
IMG_09997,49.598212691678185,40.8519319393518,372
IMG_09998,-15.415712999318629,-46.87656410846955,229
IMG_09999,54.98645839448719,-115.85232368408948,40
IMG_10000,35.13331647846222,12.375482481945312,920
IMG_10001,49.05088615487495,-113.8707959239436,227
IMG_10002,-36.78635522806297,-51.97217171691517,987
IMG_10003,-3.9550422191100263,70.43733080141479,762
IMG_10004,48.12556216638967,-108.32280442667576,821
IMG_10005,-28.185099695655552,152.4765960020872,636
IMG_10006,33.18085201118362,-107.60186244847498,613
IMG_10007,58.150778764729694,15.929670784861798,354
IMG_10008,47.75302722576384,-91.86043126261636,108
IMG_10009,46.48611440652769,107.62874196015946,711
IMG_10010,-34.13917822926817,-65.24098155424535,664
IMG_10011,51.09126673669186,1.3776121100767682,919
IMG_10012,43.57178615218439,103.50295514587692,678
IMG_10013,12.64195911592293,48.66565194736867,134
IMG_10014,38.19171713218645,-120.70639220098468,499
IMG_10015,52.069526331591845,-104.22821190560228,82
IMG_10016,57.2574018600464,92.40685817557062,187
IMG_10017,-19.808092210511944,-60.61701287860532,715
IMG_10018,58.24068158679063,83.51787740661541,203
IMG_10019,28.419648535370897,-100.43411541787546,980
IMG_10020,58.41228476224407,11.354622874605468,779
IMG_10021,7.792737434662783,39.43218347430192,192
IMG_10022,64.81218005050243,12.07457338543088,396
IMG_10023,34.37194880441089,-98.5804231082806,450
IMG_10024,31.367467692492795,-101.3708118344008,205
IMG_10025,59.43484817120242,33.547460800417866,554
IMG_10026,-25.853292480089536,23.21420497654367,466
IMG_10027,36.27750259755848,30.9571916324108,230
IMG_10028,-28.487549702394368,-49.96640400939694,339
IMG_10029,31.6011910711577,65.90661016969665,485
IMG_10030,56.98616149103515,36.54587209437955,279
IMG_10031,-26.548157271725728,15.799046686575991,100
IMG_10032,11.51289745774801,45.84466235617609,862
IMG_10033,7.877016425203863,47.25243854123213,433
IMG_10034,29.235231586459435,-88.94412761335258,563
IMG_10035,5.465736487918747,-80.28572659716772,768
IMG_10036,-18.93545331290818,-45.55121121176364,601
IMG_10037,44.52954979221968,-113.51127394791344,973
IMG_10038,-25.851378391012773,-64.94428199707622,620
IMG_10039,-14.716070320629512,-52.29916886980706,506
IMG_10040,-35.310028916872554,-66.8655464784199,935
IMG_10041,28.673900768705508,67.7923531582907,70
IMG_10042,53.39746376293408,82.7721234697762,998
IMG_10043,-3.4112738187798755,-53.32755822890341,737
IMG_10044,-21.64431982030011,26.219670770478217,886
IMG_10045,37.6747337774151,-1.75627507478157,727
IMG_10046,-1.0807307443853915,-39.380039560836224,421
IMG_10047,-38.56774189330135,-63.537972810939976,772
IMG_10048,45.17945704607257,20.789562135369124,120
IMG_10049,39.52228440611364,1.634793104607894,213
IMG_10050,-6.461101892853492,-64.29097494996027,745
IMG_10051,56.6651581939617,-114.11081299982648,151
IMG_10052,-12.897615001888568,28.525807786349677,63
IMG_10053,44.54234120252539,74.58280008086791,157
IMG_10054,61.146561997278695,5.33722092759416,505
IMG_10055,51.90655497396227,10.558694998676174,145
IMG_10056,35.90952588845671,-87.56001974765755,139
IMG_10057,43.68267430574508,35.81949368261854,152
IMG_10058,58.19149118069112,-8.671676703863199,243
IMG_10059,54.77562569341552,-126.9466795639759,470
IMG_10060,56.68856004051102,69.86802787894814,878
IMG_10061,48.1737995455681,37.44510828086448,262
IMG_10062,-22.307224476775872,120.4437027279772,69
IMG_10063,-18.91698731724645,140.43676922458974,709
IMG_10064,35.492337157547155,-3.906316725649333,366
IMG_10065,39.20988975988621,17.14198825898447,208
IMG_10066,65.95602562928411,17.04878577714851,807
IMG_10067,-30.426299212854985,121.39664802404116,31
IMG_10068,50.79023231037681,-108.28364590929893,641
IMG_10069,55.96285187282015,-8.718448159937026,125
IMG_10070,42.195017417484905,-113.92921156474188,973
IMG_10071,59.84264120450305,-120.58646300705531,827
IMG_10072,46.64286339027876,-97.12024160522186,281
IMG_10073,-13.775486495392729,131.2828751600768,26
IMG_10074,30.89632494221422,-115.6303862822068,178
IMG_10075,49.505159555016434,14.863560059562758,477
IMG_10076,11.965494349351488,44.596502007606375,862
IMG_10077,55.458305105547055,-2.710525342788202,861
IMG_10078,-21.64907081099236,-51.74960165683186,599
IMG_10079,-26.007038848192025,-50.24615640463358,339
IMG_10080,37.812648479731365,-97.59678341040195,708
IMG_10081,52.01859490882043,103.10705342161076,930
IMG_10082,54.03333850346462,19.315376993165643,445
IMG_10083,26.52724673973134,80.60659110722685,24
IMG_10084,36.63325105639419,-8.087322938156007,457
IMG_10085,5.027953573199255,124.26215158860998,936
IMG_10086,56.79530963687273,89.27710651702182,373
IMG_10087,-9.68655911038354,22.06768292884101,510
IMG_10088,-27.350983575249717,25.502773354832694,62
IMG_10089,44.93360474357036,24.597447923063783,950
IMG_10090,68.48951205318076,24.42649423070165,680
IMG_10091,59.65580532514889,-117.14767248610464,276
IMG_10092,-21.703141902288948,-50.12738713693324,390
IMG_10093,-28.624140590517925,-56.9472020048554,533
IMG_10094,37.491833593479,-87.71774055547881,404
IMG_10095,67.1558879515704,10.582348789215018,199
IMG_10096,63.35675223701188,10.97852828215639,597
IMG_10097,54.28139553576392,0.8343473695041439,488
IMG_10098,51.40655663807104,-89.43591076376907,645
IMG_10099,-24.71606999143597,26.833627611591027,371
IMG_10100,-31.50898789075997,-58.294308607429485,810
IMG_10101,-28.382838614879063,-55.57234826540096,602
IMG_10102,6.237301325796224,-67.20333726238934,731
IMG_10103,-27.4583315495696,146.63565250012016,572
IMG_10104,-17.18228335851832,148.18519208611667,275
IMG_10105,-25.220160438316327,151.24394081480966,689
IMG_10106,59.45510202816507,107.58529343161588,977
IMG_10107,-10.534751049809756,-36.89772708174186,699
IMG_10108,3.2101993652615874,-49.80385006274332,724
IMG_10109,41.82004118341303,-115.21697999497286,300
IMG_10110,11.674928305849846,39.32387019126958,251
IMG_10111,65.88119570511643,15.396047884095792,396
IMG_10112,37.103276931822776,76.17073036783955,730
IMG_10113,40.8824445404673,33.028584707710195,308
IMG_10114,62.97051155395067,111.81862883439516,194
IMG_10115,-20.19668617239216,-66.89156840001426,842
IMG_10116,51.25737220354614,40.80237618948786,105
IMG_10117,-26.438327638473183,24.997018560684182,62
IMG_10118,4.98080616331572,82.41614318849463,422
IMG_10119,55.43362459967375,-1.622028052481994,861
IMG_10120,55.20390788886789,41.019719449436224,478
IMG_10121,-1.9806639531805388,29.03315389905316,904
IMG_10122,-27.48934302930753,-56.91512718879031,533
IMG_10123,-0.6395353049770591,107.379458473822,184
IMG_10124,41.13595510324896,29.68077657356176,590
IMG_10125,48.2963943329421,37.50982575171133,262
IMG_10126,61.5901803971812,13.23925197821822,121
IMG_10127,58.13812157816525,18.674648535442287,915
IMG_10128,45.653007163700096,-1.1175557941327838,164
IMG_10129,58.93092080650524,39.66920637345913,734
IMG_10130,40.96583101759455,-9.437148154707131,337
IMG_10131,-0.2553289248848216,-3.481598285612989,444
IMG_10132,43.29341388773671,3.218607915078138,757
IMG_10133,30.719298850837248,-85.15651987244922,234
IMG_10134,-14.856972763350257,-69.7691370474723,98
IMG_10135,-36.87424274387035,-42.08540284321745,274
IMG_10136,-38.21902584391087,-57.29112601843957,928
IMG_10137,49.3059547130307,111.40118715596373,158
IMG_10138,31.85883727966504,110.51341743276896,434
IMG_10139,-26.179830051191097,-69.26823506027057,633
IMG_10140,-36.55197631851607,-62.52753349964439,439
IMG_10141,42.453730118198166,16.578934909364136,955
IMG_10142,49.34354122392378,75.28137784524043,926
IMG_10143,-18.81987493191238,-54.46516251584694,575
IMG_10144,-23.47985708344937,31.11296959688065,502
IMG_10145,28.20281782637791,-102.20812991724976,580
IMG_10146,59.6499700344792,-9.764892684424469,642
IMG_10147,38.9590861609482,13.90547576793415,5
IMG_10148,50.28764161352223,29.74258668192141,688
IMG_10149,50.961750056201936,17.03365217144224,623
IMG_10150,41.66090771564228,40.66600234427031,25
IMG_10151,12.068669424183952,5.102078103522814,49
IMG_10152,53.69389235822865,-114.6349691262926,517
IMG_10153,68.88715736006122,13.058387417328248,622
IMG_10154,48.703851594461526,105.672781462501,85
IMG_10155,42.03909455660687,11.763270858104846,985
IMG_10156,38.8390462807956,-102.7785965750399,345
IMG_10157,42.2853013441611,-100.2330557471356,175
IMG_10158,64.10858893952968,13.216538026737908,597
IMG_10159,56.61255483517073,93.9875037141352,187
IMG_10160,40.21160443699168,32.95148868101887,308
IMG_10161,-24.65703801547704,148.68003988425943,549
IMG_10162,-30.3158011169309,115.82745286266127,615
IMG_10163,39.52495420792724,-108.81193911279856,722
IMG_10164,-31.54032164659432,127.6840591293428,756
IMG_10165,27.28609308093836,65.8771167453547,70
IMG_10166,5.986612177572823,37.33393683736148,864
IMG_10167,-8.570322573006749,-67.409025248908,148
IMG_10168,52.775924553113725,75.76217468676955,858
IMG_10169,36.19553138980042,40.14151953731204,889
IMG_10170,-8.196987300442785,15.092895795329127,780
IMG_10171,52.84024877921553,-116.01834978292597,40
IMG_10172,29.19013303405576,-113.64513429082024,391
IMG_10173,42.199902003559686,-114.4231137490926,973
IMG_10174,-37.46330594613457,141.57151103412747,562
IMG_10175,-39.34739539111331,137.21419091121015,714
IMG_10176,52.54883896946302,12.610755082555045,644
IMG_10177,-25.92450658499827,-61.37329175122804,222
IMG_10178,48.05476052303402,15.389888148569328,201
IMG_10179,-9.88781135506943,25.02991510765884,510
IMG_10180,9.04348817886826,118.34783354206525,940
IMG_10181,-20.48868620079037,27.319023185807023,413
IMG_10182,10.376348940432392,45.94296913054083,134
IMG_10183,36.294632561114696,26.23238678934345,369
IMG_10184,47.41332124640252,-91.8043221107326,108
IMG_10185,-10.270639882287,124.3282850345238,116
IMG_10186,61.78722581767156,26.203774422710183,811
IMG_10187,55.41428222424156,-86.75566554693029,814
IMG_10188,-34.16059541209117,-70.0939071627978,23
IMG_10189,-32.07762940834824,-66.86380489395512,577
IMG_10190,42.49686315979048,41.67362542272457,25
IMG_10191,37.40262379737175,36.45326042848444,99
IMG_10192,-23.98535254100217,-66.50462459981327,343
IMG_10193,58.88551245442602,31.613999028042517,962
IMG_10194,44.36832999789371,20.283403589906182,695
IMG_10195,-33.43806646111376,144.0493745772079,90
IMG_10196,62.24647281134369,31.251057925657506,288
IMG_10197,56.756556012635286,-9.901568423483752,243
IMG_10198,-3.5059739122829967,-49.20902148616096,743
IMG_10199,-1.5258590382685495,29.67059825213346,4
IMG_10200,55.58137065808288,-98.04603634877324,491
IMG_10201,59.964793939202,22.34453636785653,166
IMG_10202,36.3840399418181,13.585658815254844,920
IMG_10203,57.93676924746544,69.73280100043971,228
IMG_10204,47.74603799738276,108.06078382730328,711
IMG_10205,-10.247914520597732,111.16339959219316,153
IMG_10206,39.36971266527752,-102.06877263531264,885
IMG_10207,-31.615235587943246,-63.19433755442233,550
IMG_10208,46.28034655970529,113.49682950024965,393
IMG_10209,30.76527829115568,81.5732892110658,458
IMG_10210,-26.327242582669943,27.074160713506075,629
IMG_10211,16.065397073188976,-16.00116337222059,331
IMG_10212,-32.79907705569983,149.888075200627,197
IMG_10213,30.89320698466344,-91.20789186197295,637
IMG_10214,-0.3732916699510156,29.572750712531388,4
IMG_10215,7.1937551969328695,38.6365416645692,192
IMG_10216,59.752958232878825,9.841747479920343,121
IMG_10217,61.047186508275786,-91.4636944474172,172
IMG_10218,58.48366885705485,11.064792057780949,779
IMG_10219,-25.945855051021567,-68.02997915550213,633
IMG_10220,6.606877909514878,81.52160935282757,422
IMG_10221,64.45045077214235,-124.95955563194556,50
IMG_10222,59.80696272707206,-129.48778859580102,800
IMG_10223,41.672262290999015,-121.60991688780253,970
IMG_10224,-25.54812328093857,-50.58697029034985,984
IMG_10225,60.20661609876646,-93.99960452499622,172
IMG_10226,-11.250750898507846,-37.383736330717625,699
IMG_10227,-36.61899544353752,135.5933283222481,400
IMG_10228,43.70185722280269,113.63060510714956,6
IMG_10229,61.21092558560744,14.219205894148672,121
IMG_10230,71.80584246000635,75.48823438106047,896
IMG_10231,32.95292169559309,-118.83364975501146,474
IMG_10232,49.40306084767272,94.39681108712672,316
IMG_10233,50.89381108841636,41.95052315888276,794
IMG_10234,-11.934444888949557,-41.81689120567748,836
IMG_10235,52.04670985995716,41.694637184643966,59
IMG_10236,-8.897743654129187,-77.12431607531808,267
IMG_10237,40.39600943394871,-84.9185882482169,968
IMG_10238,9.506048022735712,40.02551958724797,192
IMG_10239,7.909249878284967,33.147404443826304,484
IMG_10240,51.50259940155357,12.825487726179771,477
IMG_10241,63.805481524065215,11.416294511283866,597
IMG_10242,51.30533005388602,68.06731761781197,564
IMG_10243,10.13475511473041,1.4845765338433807,929
IMG_10244,60.74862948398925,45.59885656650732,677
IMG_10245,-19.267460263491103,-55.03503490279459,575
IMG_10246,58.271080152074376,-3.4739068876106103,901
IMG_10247,0.9343692289108674,-77.6515915775579,169
IMG_10248,53.122586188818616,68.76456428371705,465
IMG_10249,-16.863361047449402,-65.85633991860703,468
IMG_10250,58.57497090655943,35.8654485703795,734
IMG_10251,60.64189940504238,24.66430075320187,811
IMG_10252,-22.059375971664625,-55.51282740918504,813
IMG_10253,55.376361554786826,-119.67617103567504,380
IMG_10254,41.19454652740126,6.297375813581368,953
IMG_10255,-17.734409819394656,-60.49073236776027,715
IMG_10256,56.49615497185522,93.3797204129163,187
IMG_10257,3.751119514714901,8.28661079225219,995
IMG_10258,37.38271046709846,-116.61190081610854,96
IMG_10259,44.1291506390582,27.930215518163266,236
IMG_10260,35.11722077846676,-95.81991018949938,327
IMG_10261,45.99058425912352,73.65027718029728,974
IMG_10262,37.26042065442013,30.375060739034325,892
IMG_10263,-29.742411352240325,17.656795090873203,732
IMG_10264,70.79886365391911,30.67392516106952,933
IMG_10265,-19.006617721826476,-50.38335353977345,969
IMG_10266,44.36896710698869,-98.947164066799,666
IMG_10267,55.655304756852274,-110.38883204020132,417
IMG_10268,-25.06025265384497,136.44280958850004,128
IMG_10269,57.89970961528476,25.239582815972422,368
IMG_10270,47.66078405169864,0.3529939599160627,802
IMG_10271,43.830047792955554,102.31045131473314,678
IMG_10272,44.87605984188789,30.055401178439663,989
IMG_10273,60.52821635737453,13.626614884765075,121
IMG_10274,47.77351748216376,92.92274991677168,316
IMG_10275,33.3410201972585,-103.505192368798,137
IMG_10276,-3.935852547026357,29.78487323072881,398
IMG_10277,-20.10579020772289,144.4768315227244,871
IMG_10278,-3.4087588694372077,-47.86971591580118,743
IMG_10279,-19.62183208954353,-47.46834461601651,777
IMG_10280,45.8032590742699,-113.68528006102484,609
IMG_10281,47.9229557942088,89.22790930378977,449
IMG_10282,52.37042547884363,-0.6233358143556131,16
IMG_10283,-19.66382509427602,-74.44344168088175,416
IMG_10284,10.372163202161545,105.79641177224016,851
IMG_10285,-40.27645296967477,-60.21053541022087,928
IMG_10286,58.00908989007991,-5.893800034881593,901
IMG_10287,45.42471185605044,28.917394182337205,236
IMG_10288,50.73874951209564,-124.01697360551516,783
IMG_10289,-30.18274450813337,165.40708601695462,784
IMG_10290,51.757362293727965,-10.904719479481884,912
IMG_10291,31.01225239800884,70.5860747981294,729
IMG_10292,49.82317835703751,-124.7604610131218,783
IMG_10293,54.35940018111006,74.21461823135962,858
IMG_10294,-23.962195011783308,156.21473154325946,689
IMG_10295,6.635663374205592,94.24535983671387,661
IMG_10296,52.78601816688172,35.64364469643755,604
IMG_10297,-29.46243894204264,124.18686228235087,385
IMG_10298,49.84529200126573,13.936462609634248,477
IMG_10299,26.69691828489283,107.33682055629951,832
IMG_10300,37.97523322498927,-116.6671493369176,96
IMG_10301,-19.414028546611192,167.5838322230503,537
IMG_10302,48.46878474588243,-92.89519226308008,108
IMG_10303,-24.051363779168295,136.57736049039352,850
IMG_10304,5.4927677029718325,5.936566662505925,183
IMG_10305,8.275472411194727,-9.685845073141309,838
IMG_10306,60.34947542955081,-128.09821582255432,600
IMG_10307,48.85392049408961,15.760020613942856,201
IMG_10308,48.104829947004816,44.45586411314457,118
IMG_10309,-25.177137565940825,-51.83653575452556,984
IMG_10310,45.83880972590066,-86.1404220580446,397
IMG_10311,51.06344982213176,-102.27070455632874,663
IMG_10312,44.43970169421471,109.9066095379572,938
IMG_10313,-35.12432758250364,155.45205743594954,691
IMG_10314,-32.08303618558841,28.380888839307545,764
IMG_10315,35.6474779491931,36.346567199257095,173
IMG_10316,38.12796806091433,30.19713758264001,892
IMG_10317,-25.333046029216334,-51.70443172309987,984
IMG_10318,-11.2754675676874,-48.8014473774854,515
IMG_10319,57.630972685765926,23.349592290602544,856
IMG_10320,61.420441330327776,-119.05661960995218,276
IMG_10321,49.392997921139,28.965589520317792,688
IMG_10322,45.21665762369281,17.821568359630817,374
IMG_10323,-21.54561361510555,-68.5010339119431,51
IMG_10324,-4.633423784569544,-40.82425099066484,22
IMG_10325,61.10835823699935,40.17160006236344,195
IMG_10326,50.8749376080209,-4.524701555691166,498
IMG_10327,42.92830585021079,-120.77627019434578,447
IMG_10328,33.420696039582424,-100.44335780623676,450
IMG_10329,3.289377684582689,-66.98491462610673,731
IMG_10330,-29.77464930373277,13.29396799522968,100
IMG_10331,57.23530961329678,41.59455016735723,921
IMG_10332,34.856902129614895,-99.64885918628426,450
IMG_10333,64.18011750839284,-0.9552247242173452,78
IMG_10334,-7.269144964203377,-78.53298231320007,525
IMG_10335,37.003578692456216,21.629620786635087,655
IMG_10336,-25.025884600941964,26.90901109473228,629
IMG_10337,-12.96407224876235,28.56271383116149,63
IMG_10338,27.008751598507946,95.76099312382377,181
IMG_10339,-5.8612568534396985,-5.2217766408526245,595
IMG_10340,41.406262612648845,73.3522913211034,165
IMG_10341,3.923495124908669,-74.61555821625609,282
IMG_10342,-21.50510451407861,-44.880068568182,284
IMG_10343,-20.548452093145187,-54.70651072069015,575
IMG_10344,-15.854570848180032,25.55100669409626,647
IMG_10345,54.735529119106815,-97.8035292751418,491
IMG_10346,29.351516339348397,-99.48348242359688,980
IMG_10347,30.68959279693104,-98.88724865071715,893
IMG_10348,-24.39054711105001,141.9387031915703,348
IMG_10349,47.36025934512935,-122.9585447493766,319
IMG_10350,53.4320725783698,-8.755429852430211,125
IMG_10351,-5.566740944165474,-79.23010246564495,525
IMG_10352,-17.44547854466748,26.97713853470694,426
IMG_10353,0.7373628705882709,32.72279735784417,240
IMG_10354,-17.039052194725613,20.64818163711638,402
IMG_10355,45.96413637019299,40.87545164616864,418
IMG_10356,69.64578632100978,75.48719148865996,431
IMG_10357,47.95744064565773,46.32316182929958,118
IMG_10358,-0.479146618861165,-63.48472073446797,455
IMG_10359,45.36962990168257,7.47044086956609,686
IMG_10360,54.16399545082314,101.8535237875344,226
IMG_10361,-11.062648225651628,125.81024453584187,788
IMG_10362,-29.20021959092109,31.75072885279448,530
IMG_10363,47.31939167328878,106.82128506976191,711
IMG_10364,41.936750280501286,-111.60594343538004,408
IMG_10365,35.59296903609982,-105.54699973771606,632
IMG_10366,52.51816866504174,-110.87910707204064,641
IMG_10367,40.26484221670606,12.665107839099704,985
IMG_10368,35.51879776453008,-4.4373363381331785,366
IMG_10369,-18.989818122916844,-68.53807594664745,358
IMG_10370,39.94417603027256,-7.8275143198711135,337
IMG_10371,59.08824010108435,92.6986271014215,20
IMG_10372,-40.81011667680183,145.94621271133894,487
IMG_10373,7.600592090010394,40.88551441627078,754
IMG_10374,-19.870257508163064,144.51789796158948,871
IMG_10375,61.06842798058148,-129.5899251955209,231
IMG_10376,-8.75118157478677,-78.85966778935524,528
IMG_10377,50.662133765302,42.80633280950897,794
IMG_10378,-24.688955069788577,-43.04085673197818,721
IMG_10379,55.79388995777606,21.85626574208834,646
IMG_10380,-35.36559908337121,-71.70666348200378,23
IMG_10381,46.11609598032601,-90.62940946800155,501
IMG_10382,58.2632285810522,-0.2268329533335702,403
IMG_10383,30.253915838342323,-122.0093066393637,74
IMG_10384,-1.0621814574493271,-61.51610549791231,207
IMG_10385,47.00717689400915,46.60461594297283,118
IMG_10386,44.71126581851124,82.74313394142001,299
IMG_10387,59.87723298200763,21.955905620207744,166
IMG_10388,-0.5123051985527667,-76.82189450791671,741
IMG_10389,39.3803271271035,46.13008497826215,703
IMG_10390,62.64767380384316,37.99970601585312,473
IMG_10391,-27.5819681995128,117.900072111663,817
IMG_10392,-17.198936339669473,-49.3479307032666,869
IMG_10393,-35.383155628717205,17.8557359560387,651
IMG_10394,-3.5526072435155527,-59.88187304212892,840
IMG_10395,-15.114759122229913,133.198610942213,453
IMG_10396,-3.027620121038879,-46.8320184348953,743
IMG_10397,-29.32765057231113,138.75318808610666,312
IMG_10398,30.2347337664434,-106.79635421950049,725
IMG_10399,52.09528065542813,78.11089973979671,496
IMG_10400,44.60505511018423,-84.57599870256163,608
IMG_10401,-25.575488237999,25.66045752690067,371
IMG_10402,55.44592889782899,32.96313018854573,960
IMG_10403,36.47641917051601,-93.29790319935366,293
IMG_10404,57.783656285414224,74.70319156252032,569
IMG_10405,27.2204206476339,66.27062515942904,70
IMG_10406,51.48774620326466,102.63480979300932,930
IMG_10407,-9.690133215556031,-65.84343930994727,148
IMG_10408,45.452528866798446,-112.18650156763114,198
IMG_10409,36.361361090954375,-124.61756865484654,257
IMG_10410,57.047142010838485,-94.44672485286844,491
IMG_10411,57.54357107283977,84.3712547248033,373
IMG_10412,50.579574977659206,-117.29740121240454,650
IMG_10413,46.78299539176169,-118.47258037635017,19
IMG_10414,-29.19366797803252,-51.96383105622911,545
IMG_10415,39.5208375655096,27.466259392591468,56
IMG_10416,30.877774014255635,-103.49978672878548,137
IMG_10417,58.81272203009277,27.781679754037924,368
IMG_10418,67.11578991857544,-132.8625041641762,406
IMG_10419,55.5985330456902,-119.1350746845667,380
IMG_10420,31.797169036524167,-95.60539827404833,127
IMG_10421,51.34005722237336,90.97805832932204,246
IMG_10422,58.12121294511485,-118.35228004195604,937
IMG_10423,-20.19493420395233,-56.47409758629085,46
IMG_10424,57.6774902005472,43.58208507634947,921
IMG_10425,38.06990284050519,12.241678501103197,5
IMG_10426,38.28502991144421,24.1290007805726,56
IMG_10427,53.45672577383112,64.65152189890665,73
IMG_10428,-30.32435509422304,-62.65413631964043,550
IMG_10429,31.350248382919915,79.55151371152732,112
IMG_10430,69.29144965222764,72.69426585321105,431
IMG_10431,-34.07403633756217,22.273451050387536,876
IMG_10432,36.65149575061872,31.57769747977557,230
IMG_10433,60.863109299007846,25.657119663825625,811
IMG_10434,-27.96644922926161,115.91714210527869,817
IMG_10435,39.00531540082966,8.184556701271958,489
IMG_10436,62.2743482077282,66.0220052269571,723
IMG_10437,41.71231518769545,23.21316927736657,342
IMG_10438,-6.371793835715948,-47.3022493508154,352
IMG_10439,-26.60670284096237,27.935934247530327,629
IMG_10440,58.2352897729597,-123.76735683436392,113
IMG_10441,63.72989897996817,34.93492410496151,782
IMG_10442,69.51283848702451,79.35866339151346,431
IMG_10443,-30.44610051921121,-53.8923930924461,559
IMG_10444,27.086216758080223,-99.14572111492426,384
IMG_10445,-6.28547581487166,-79.76767615107448,525
IMG_10446,-0.376792285505374,31.422032975483063,240
IMG_10447,60.40744886886975,45.061210973604005,677
IMG_10448,42.39442598956828,-126.07165443415306,150
IMG_10449,-17.20731002803757,-45.36332772476075,790
IMG_10450,32.592235273613795,-116.50385089025212,178
IMG_10451,53.86251194483202,80.78445920256809,998
IMG_10452,6.445171829210082,43.21356687351849,754
IMG_10453,32.099514589067994,-109.45260612796407,225
IMG_10454,44.33109732667367,-122.4994951156335,639
IMG_10455,45.99481952194319,9.376935338318448,218
IMG_10456,47.75487189131951,2.8813795380139027,334
IMG_10457,43.32484224140231,69.50948537540336,210
IMG_10458,45.54908339457796,79.19394981778049,299
IMG_10459,-26.872114457573986,-51.59448042106308,545
IMG_10460,44.700403687636936,-113.51835450456524,973
IMG_10461,-33.1755139450875,-61.21547514401725,630
IMG_10462,30.16660151961933,-98.09044438385938,893
IMG_10463,-35.74396649854845,136.52732776622787,400
IMG_10464,59.90803142857021,15.52148154938709,354
IMG_10465,59.57811288372426,80.48386436948402,967
IMG_10466,44.70305503291388,36.55783558565099,925
IMG_10467,47.40020248412048,21.492746984770637,860
IMG_10468,-8.00079967281728,11.186508000624912,220
IMG_10469,-37.808041326035216,-69.77509217203271,322
IMG_10470,-6.460999618231114,-49.754924185512834,804
IMG_10471,-20.660126696840152,-66.95846549331561,842
IMG_10472,52.07512890334539,-99.14068795703692,239
IMG_10473,-12.428713903886774,98.42954793994852,482
IMG_10474,56.36858951012985,100.1744010018988,755
IMG_10475,-36.39574889176584,141.53619100218208,562
IMG_10476,-13.563170752785012,143.32110824930783,193
IMG_10477,43.50356825998006,-3.654596867875569,685
IMG_10478,37.56079373587056,31.757321015307863,230
IMG_10479,60.50689765415274,9.024636716307498,121
IMG_10480,-24.594321032238,146.99457808679824,507
IMG_10481,6.815237024044194,0.0422889204878345,874
IMG_10482,29.145748944119877,-102.15219902135654,580
IMG_10483,-33.15208940083189,146.58486772580432,540
IMG_10484,64.56177272623566,67.5462869986113,48
IMG_10485,-1.3482199210147314,113.35062542693782,11
IMG_10486,27.92871619124533,-94.98913222654684,966
IMG_10487,41.66555370118925,-107.60384200121558,592
IMG_10488,46.8960181456377,79.66528691208708,656
IMG_10489,65.70369541493449,4.78172198534503,199
IMG_10490,60.30294908169376,34.1122129262815,554
IMG_10491,47.119715848528784,98.4785162200344,493
IMG_10492,45.62681615058881,109.0318517117123,938
IMG_10493,-16.985483926600196,119.08319892917427,793
IMG_10494,-4.951721386479434,-47.77635492047929,352
IMG_10495,54.4170444382676,24.14460525600373,176
IMG_10496,7.007149750653312,124.13144289388242,259
IMG_10497,-27.64420268420888,-61.928870573691626,683
IMG_10498,34.33757826565012,-92.96178836220632,918
IMG_10499,69.69672187697975,12.44891487035025,626
IMG_10500,-21.05838790897124,-36.73226148083887,298
IMG_10501,8.200225087202583,-1.927382772989404,200
IMG_10502,56.98013329155674,-130.54030252809366,582
IMG_10503,44.911580368832006,43.401312279769286,418
IMG_10504,11.600930014409656,-93.591753931332,895
IMG_10505,56.402059224369566,23.350785574111683,646
IMG_10506,-9.100930131622704,125.53903577332414,116
IMG_10507,-11.673464824402911,-51.79901476467506,891
IMG_10508,-13.661666035661838,20.75504345157009,378
IMG_10509,62.20077226147231,24.42496890796073,364
IMG_10510,42.309088070131,-112.3764695596622,973
IMG_10511,6.067082153860383,126.28648901393842,259
IMG_10512,57.08740380426502,85.78190526967842,373
IMG_10513,49.772930498351855,-88.14195533659009,645
IMG_10514,50.10036043551702,-128.97080272956572,982
IMG_10515,-33.44622397420316,113.90306877914584,238
IMG_10516,45.281027746946535,-86.97841694284911,397
IMG_10517,-24.096639352837716,29.7237427191356,386
IMG_10518,47.90327199336741,104.19907311924844,931
IMG_10519,53.403826731909135,82.80558454776485,998
IMG_10520,44.9366009223921,-103.53317163152344,993
IMG_10521,-3.7255062266343657,-75.3617933587182,676
IMG_10522,-25.799506417865917,-54.3715018426842,233
IMG_10523,-21.087056637860087,-47.21529361896239,777
IMG_10524,-30.922257304119697,-71.57656978020363,462
IMG_10525,28.873758317672127,108.46343742523705,52
IMG_10526,-12.934702668675245,22.979368394249008,647
IMG_10527,-31.795377702621032,-61.59906792146951,318
IMG_10528,-23.834230359845904,-66.75731219062263,343
IMG_10529,41.451308655048365,-125.50382792559878,150
IMG_10530,37.73695355048172,-109.40227834624775,179
IMG_10531,-24.821030527152573,26.02358024495004,371
IMG_10532,42.01476285313856,-111.59520448558074,408
IMG_10533,-1.3036623248188448,-53.01821827668155,760
IMG_10534,41.64731125019071,-91.48335896021038,188
IMG_10535,-20.92790932354956,17.104991416370552,538
IMG_10536,38.049320663860925,40.937086895093785,217
IMG_10537,65.47304751832232,12.528088389435482,396
IMG_10538,55.05693663011954,107.40325190401644,805
IMG_10539,56.27743740043795,18.13569694293972,971
IMG_10540,-24.142874244241867,30.316349765487477,386
IMG_10541,37.332456532291445,31.55538265662679,230
IMG_10542,-10.981527336449588,-54.78779277098191,306
IMG_10543,-34.91259951524432,-56.94680490352576,9
IMG_10544,47.90396060180001,28.172414906830227,692
IMG_10545,59.880525527152685,-111.52327536090264,733
IMG_10546,48.66009046955156,-103.51166929008691,526
IMG_10547,-17.470710610687632,-57.599702235322525,476
IMG_10548,-1.876910605259539,27.36931202542118,904
IMG_10549,44.28415406246279,42.62982899232455,418
IMG_10550,65.81908106877012,-133.15777503773373,406
IMG_10551,69.02784115809615,66.69110005404633,141
IMG_10552,39.79432376428247,-123.04262761651728,970
IMG_10553,34.22880687080978,-120.81302409225624,761
IMG_10554,45.61293505158301,45.7835649532347,707
IMG_10555,-28.195220857984268,149.68563847450793,35
IMG_10556,51.69097331534465,103.51079347120304,930
IMG_10557,67.84317926038258,65.68036768836632,141
IMG_10558,-42.07936022030293,-75.45785168810056,573
IMG_10559,26.579487587055866,89.88925489876169,697
IMG_10560,-19.09570789538411,-44.73104008948667,601
IMG_10561,-11.633938682905182,-48.45825385147796,515
IMG_10562,38.03983691224005,-105.4843307092653,345
IMG_10563,28.94073227599938,77.79629118750523,978
IMG_10564,-15.305112178128184,-66.60798828293606,468
IMG_10565,-18.32418308719511,26.79569058777082,426
IMG_10566,-13.787043386617626,-70.97630504096983,98
IMG_10567,45.41650843880802,-122.4616535361989,639
IMG_10568,26.698920652328116,79.10117254298734,24
IMG_10569,63.3715992056847,16.611603635652983,21
IMG_10570,-29.491942270189757,25.08239560931301,576
IMG_10571,52.70591164691376,24.320976844178404,176
IMG_10572,-10.35582969441856,-37.711724908696624,177
IMG_10573,-26.567158193388785,-60.44734389428946,222
IMG_10574,36.47017311869055,-108.06386474141954,47
IMG_10575,49.31516710269753,-0.032947335511011,340
IMG_10576,27.25900671403228,93.5840623424969,419
IMG_10577,0.3798021708559957,28.731928322173445,4
IMG_10578,55.53223899763941,-104.92254623063415,583
IMG_10579,-26.876228976996053,-57.23541949599867,533
IMG_10580,-33.92905440357342,-67.28323012722001,935
IMG_10581,-10.855790754683198,-39.90207424511004,177
IMG_10582,-15.539807618163737,-69.6620449295915,98
IMG_10583,7.199497030350557,10.46340770850898,84
IMG_10584,27.38487107722085,95.13663122385113,419
IMG_10585,64.09094283506514,-119.46354405984228,820
IMG_10586,35.659136078895074,-86.68254201536826,139
IMG_10587,-11.848971370113093,-47.078044921612246,515
IMG_10588,-7.749216586060099,-44.283647919876415,657
IMG_10589,-5.183451977836711,-45.16257673875356,657
IMG_10590,44.69181668744693,-89.78882948722088,501
IMG_10591,48.42671134801955,10.881436887117417,628
IMG_10592,-23.37266208118689,28.000871103043156,10
IMG_10593,-1.0234690837936142,35.53884747684327,410
IMG_10594,53.23608716653834,68.74310764266352,465
IMG_10595,37.09445805521517,-0.8068254687243268,727
IMG_10596,26.83238514109715,-104.6164391147994,38
IMG_10597,57.468390580412034,47.043418287494006,586
IMG_10598,-28.1614221015832,-54.96995528651465,602
IMG_10599,53.00550172138492,-5.383321892044393,720
IMG_10600,33.65699894421931,100.1094230818062,333
IMG_10601,64.40731982054518,-124.44287362045095,50
IMG_10602,41.534650440103405,0.0650265289515914,607
IMG_10603,45.09907033678701,21.13206758319092,120
IMG_10604,47.24327046776944,37.72901458863015,700
IMG_10605,-11.17452508325414,144.59658310035394,193
IMG_10606,30.96728695949031,82.44081281234378,438
IMG_10607,5.805472213326098,37.45656783997501,864
IMG_10608,-34.30421798953809,-15.531902639174774,117
IMG_10609,50.15178328723175,-122.7715839477369,783
IMG_10610,50.18366736631924,-2.098933117999337,215
IMG_10611,-31.830242914556337,-60.77162404134685,318
IMG_10612,52.52727644596999,72.12099460619015,858
IMG_10613,50.053977265589225,113.85220921842632,393
IMG_10614,39.366035293301934,113.89290897155048,627
IMG_10615,64.50912947332122,68.89869307967183,48
IMG_10616,9.079447740845891,28.406533934468317,359
IMG_10617,53.48908946734389,-129.76950788953695,224
IMG_10618,-37.64106254950636,-62.388386144065166,303
IMG_10619,44.07910771223587,90.20460294313636,286
IMG_10620,64.8116648190327,39.44314964704549,463
IMG_10621,66.42453382828339,30.09069684018911,75
IMG_10622,41.61012735586809,79.02365746014607,909
IMG_10623,7.712168673594178,75.66719281155065,211
IMG_10624,53.43560936172653,81.53738018123636,998
IMG_10625,54.41087173260166,34.53587416394686,131
IMG_10626,40.8303719425046,-94.5693196749973,635
IMG_10627,-3.4099732877955944,-49.10988043334794,743
IMG_10628,-20.260514117840827,30.430733013047814,900
IMG_10629,48.571485814403815,-89.05756415787482,500
IMG_10630,39.90190606212522,-11.28837655400207,337
IMG_10631,56.43407049528503,72.29093173698567,569
IMG_10632,61.125932591051935,82.20020308534117,589
IMG_10633,57.13280911610249,38.30568139900512,734
IMG_10634,40.37922726180912,65.92858723259405,80
IMG_10635,6.777824248777051,39.52956729959641,519
IMG_10636,-26.38720181217141,118.60391783920034,752
IMG_10637,54.20579736923512,35.815102327236815,131
IMG_10638,-4.964130294708809,-38.05631253899105,719
IMG_10639,51.84322353801946,22.101309937532136,875
IMG_10640,53.59099385870917,72.52887756296985,858
IMG_10641,-25.800935239726755,28.587060991497424,235
IMG_10642,63.56247754753903,111.96095321615644,194
IMG_10643,42.166829488875294,-4.304865879596491,565
IMG_10644,-11.485709721526677,-57.02675630380813,306
IMG_10645,-30.023357664436404,-60.86730152858085,318
IMG_10646,5.362837254874549,7.261190383410337,995
IMG_10647,60.63259021598162,19.01008024779773,166
IMG_10648,56.40183730369179,-126.93953208693448,470
IMG_10649,35.78841147417886,-108.64583104471176,47
IMG_10650,-13.363732339392854,-40.45947303039509,836
IMG_10651,55.74363100490564,5.0165291452458405,837
IMG_10652,-28.33818687761776,-49.0137953886545,339
IMG_10653,49.46949080844416,21.354664229608403,53
IMG_10654,-24.3294049645786,26.151369877417352,371
IMG_10655,45.59205535433341,8.077379255553325,686
IMG_10656,35.73775190889228,-94.7863619296746,12
IMG_10657,-30.03681686636132,114.90592959573058,615
IMG_10658,42.255439154985055,-122.55843952885928,150
IMG_10659,46.35646230811497,94.90373645576592,37
IMG_10660,40.20586116624696,-119.02080307976856,854
IMG_10661,40.65189072335826,77.26470851041961,518
IMG_10662,-34.06852300275503,-71.19885294062462,23
IMG_10663,54.328173222046615,18.74937281652132,971
IMG_10664,-37.6055513520844,-68.86844840293796,617
IMG_10665,-10.268208117784354,24.84445667308583,510
IMG_10666,49.748236386417375,67.62075396161487,336
IMG_10667,-37.62497830671599,-74.26486105314001,223
IMG_10668,39.29273513976085,17.403045617882782,208
IMG_10669,-27.92146223654856,-60.79549723185289,683
IMG_10670,68.7963424917296,-122.46587925647664,923
IMG_10671,60.98626108640877,-131.29873792582572,231
IMG_10672,-24.25309437019629,144.83038474772184,507
IMG_10673,62.20998838830562,-133.15473005805902,231
IMG_10674,-27.542390101285108,-49.74372609705938,339
IMG_10675,41.218370929542345,-2.9788673775213965,142
IMG_10676,-4.527539650601739,-60.62283811485402,840
IMG_10677,-36.02779752155355,119.62224902932957,949
IMG_10678,59.93630963580745,0.1995116855366348,766
IMG_10679,2.895982174803521,-80.38839059617264,768
IMG_10680,10.49027564347118,-10.74897664108832,942
IMG_10681,-22.372194823946582,-49.952523816988815,390
IMG_10682,-18.5299688822776,-57.96605174762843,476
IMG_10683,-34.21260826831825,-66.24071626784492,664
IMG_10684,-16.397612571549985,135.25090892355513,658
IMG_10685,-29.893204358844216,22.51174025723259,957
IMG_10686,29.196272361150207,-95.06496653751792,529
IMG_10687,-4.346958992710938,-59.80271017978356,840
IMG_10688,36.99931583673282,-84.2323275072371,898
IMG_10689,47.78875566475159,-119.58916409841548,242
IMG_10690,44.38686995489127,86.26926121295793,286
IMG_10691,-38.30739601218616,-66.46522910455009,772
IMG_10692,-15.41578571734128,-75.42390833947988,728
IMG_10693,31.72547263465411,-114.82712789025533,178
IMG_10694,40.6841214561068,-116.56588306690811,854
IMG_10695,-2.976265954946115,-50.24959121463053,737
IMG_10696,-43.89436290010713,146.18448693855976,906
IMG_10697,45.60073594362635,-123.0409262899058,639
IMG_10698,51.96489037580227,65.69834594008813,564
IMG_10699,70.51194947238719,26.27699388684749,123
IMG_10700,65.73969600923954,14.96937164894834,396
IMG_10701,57.120335928607744,29.42781664336428,451
IMG_10702,65.75819695825774,74.75803726957048,839
IMG_10703,49.37277179764175,75.72469427287302,926
IMG_10704,35.50726987020869,26.235588866657253,369
IMG_10705,47.35057414433624,-103.04448530472796,526
IMG_10706,48.53836168453765,-85.8917092473756,147
IMG_10707,10.6022429826469,-16.09956471372874,771
IMG_10708,51.20392998890978,41.497399021154365,794
IMG_10709,61.47691431350711,75.54496611665289,435
IMG_10710,57.46779406989219,32.610413179007764,962
IMG_10711,48.844069981219576,87.14870388700916,92
IMG_10712,54.17059125405649,-130.08692924898855,224
IMG_10713,65.28272739194301,6.455683625226016,791
IMG_10714,44.63117952876212,11.707262644480808,218
IMG_10715,41.14079370933601,21.56255642041492,436
IMG_10716,-3.586246321259779,-36.13987624054147,344
IMG_10717,30.557089126287067,-113.19579533575248,391
IMG_10718,50.51706465935226,-128.45720878474978,93
IMG_10719,-9.865898526460924,45.584231076262085,996
IMG_10720,44.10763337486208,3.922980808866925,757
IMG_10721,-32.28074991715401,-62.758129900542286,550
IMG_10722,-31.397419110913248,149.435047521437,990
IMG_10723,40.44847484077764,-124.97613916587788,694
IMG_10724,65.93468162162665,44.34932515792576,258
IMG_10725,-35.698162426357854,-74.97779653186808,223
IMG_10726,61.51411088527664,71.8129441026897,104
IMG_10727,46.49438561739757,24.01880916241015,950
IMG_10728,54.29504249822324,-120.43840734775696,380
IMG_10729,31.100570605549336,-88.26158347702824,54
IMG_10730,63.186555719440605,11.57756093326674,597
IMG_10731,46.31447159733594,23.175977022225936,120
IMG_10732,43.68275867993464,40.01035602389507,418
IMG_10733,62.99152532476484,-114.69497412220532,561
IMG_10734,56.036658771209744,-127.4803526174051,470
IMG_10735,-22.00927212249509,-57.10112331926021,46
IMG_10736,-20.556030691192205,26.85205445098325,413
IMG_10737,-27.143435912988053,19.405414769832703,314
IMG_10738,-37.33746570894688,-60.862884266900295,303
IMG_10739,34.49192878357874,-92.27136724609696,918
IMG_10740,-23.545543751056925,151.08416382625177,549
IMG_10741,-12.447503154122316,2.7509304419200475,321
IMG_10742,-12.151988836097814,-71.94974812520525,558
IMG_10743,-37.07732949111338,-68.08290247673625,617
IMG_10744,38.33265401727141,16.056652279929693,208
IMG_10745,-13.777423649605735,134.45811148133402,26
IMG_10746,0.2460922195353561,-78.93066906107885,741
IMG_10747,47.20655799915974,109.8847952790578,711
IMG_10748,27.809848917375376,-101.55273974405944,580
IMG_10749,44.382833111969774,29.165615596729907,989
IMG_10750,-9.898215727444123,-47.74985932009275,515
IMG_10751,-31.575473822763108,19.960916610707187,957
IMG_10752,-23.039410191276676,28.773483720512445,712
IMG_10753,-16.723275510804513,-43.66600210292973,66
IMG_10754,60.458024689048784,47.5455179325626,677
IMG_10755,44.19294586229287,100.1148684130692,287
IMG_10756,-23.00264982994821,-55.238531437268165,813
IMG_10757,34.266426031742995,-94.63739239999178,918
IMG_10758,50.09232680400936,30.228279314341197,688
IMG_10759,35.225658352386574,45.951468410186806,329
IMG_10760,27.09352762538549,-105.67265199452996,38
IMG_10761,65.76450900080192,-86.88246468580678,452
IMG_10762,53.42162025275829,34.29028654722015,131
IMG_10763,48.5500457536736,4.707963328397653,946
IMG_10764,50.5625752274575,-92.0915510784178,645
IMG_10765,54.95208175717124,-101.54368863607358,583
IMG_10766,-32.52151203707673,-54.50114881344562,559
IMG_10767,60.78179523364807,12.050771856717487,121
IMG_10768,58.48507461035365,34.180095225114655,962
IMG_10769,65.95887987655618,80.21456239562235,746
IMG_10770,38.75287381076916,-121.24935874872092,499
IMG_10771,-0.8318366455675346,-55.26979821819821,760
IMG_10772,-41.82266036627056,-55.83488328613652,481
IMG_10773,52.22010356160303,65.26273719017715,564
IMG_10774,-17.63969655022406,127.66551215820232,585
IMG_10775,53.00400450500604,-5.506831280994192,720
IMG_10776,-14.261479788146346,-150.34961092960432,486
IMG_10777,39.59798548685083,20.87652684953593,436
IMG_10778,27.31182372609217,91.46667026877071,87
IMG_10779,45.91768922472687,-94.84431658450777,376
IMG_10780,-16.700130473972223,-38.71692036313874,432
IMG_10781,62.459913942173785,112.93093353277186,194
IMG_10782,9.873126024930867,14.611610916633566,325
IMG_10783,-34.282298044074295,115.73830350109478,238
IMG_10784,61.43643552187342,-125.46688827097648,600
IMG_10785,45.72707372532168,71.04090442759212,596
IMG_10786,49.74964167412767,73.51196208844354,264
IMG_10787,47.202486155022285,-118.28581374628202,19
IMG_10788,-17.244280748976877,43.07687647199964,326
IMG_10789,51.36662501632432,16.548112349091184,623
IMG_10790,-20.96593174577265,117.92932139522702,454
IMG_10791,57.22555326737074,-9.841555633085193,243
IMG_10792,48.734138226881925,36.4311177817595,262
IMG_10793,36.30284214537258,21.92673760927579,655
IMG_10794,-8.781255511265044,-48.02269924972183,515
IMG_10795,-4.764419067420931,-70.51797633292601,640
IMG_10796,12.938362488772782,2.530597638914088,49
IMG_10797,45.57788869323917,36.23900285403076,925
IMG_10798,-15.921348009194986,-70.78547607171666,924
IMG_10799,34.001606360312735,-117.74178851063915,474
IMG_10800,-20.30434218053243,-62.25715213934707,143
IMG_10801,54.284844055294286,47.31506462513647,206
IMG_10802,-31.771178254865436,122.12283100248824,31
IMG_10803,-18.377835842619334,127.2460390582097,585
IMG_10804,-30.774406998293884,31.53216034162105,467
IMG_10805,-14.284483728070596,-46.98066091952228,229
IMG_10806,-17.594119961747865,-40.98570175520791,106
IMG_10807,-34.123259291240245,22.3668776599759,876
IMG_10808,69.07421458774263,21.134998375714986,736
IMG_10809,46.84471285625432,0.6903567633847274,802
IMG_10810,2.6813756611948065,-66.53990310762973,731
IMG_10811,-27.07721641356441,112.85345659969306,660
IMG_10812,70.12640450013356,-120.54069481280362,923
IMG_10813,57.714899745248005,16.015094739915412,915
IMG_10814,40.38112983415999,-9.978146761940678,337
IMG_10815,-42.77171509978632,145.5316251767705,487
IMG_10816,38.63005949843418,35.80128361808755,99
IMG_10817,66.899380609211,10.231750045636062,199
IMG_10818,38.30712142942144,-120.8593860364277,499
IMG_10819,38.06998879463888,-6.507284600135847,29
IMG_10820,59.40491756119394,15.192551879291443,354
IMG_10821,45.63409822352583,5.417727780547921,686
IMG_10822,51.92482818705233,35.00482612995427,604
IMG_10823,45.404985404162005,-96.14872371749205,376
IMG_10824,63.85771866828858,22.70631557477901,364
IMG_10825,-17.320057822470147,144.15460215812982,606
IMG_10826,56.204831068087344,-99.10755300247608,491
IMG_10827,45.36389385618938,-95.50755921948796,376
IMG_10828,66.44225490978494,20.1566552985893,807
IMG_10829,26.98377876705948,73.89222821894276,879
IMG_10830,52.235386589314686,-119.13351486253347,40
IMG_10831,-7.076653874341346,-59.29723546534623,28
IMG_10832,49.36349666164208,-94.9809251085437,693
IMG_10833,69.84791581546122,30.770372512297456,933
IMG_10834,54.16959311518153,4.254636925690875,363
IMG_10835,1.5224673257548176,35.05453932094093,410
IMG_10836,-19.151251133383767,-53.74525215799514,575
IMG_10837,49.80717998095452,-6.104940801007473,498
IMG_10838,-9.131022512414631,-80.1651007811226,528
IMG_10839,40.75058133903883,-113.82066714433196,300
IMG_10840,67.53912465168705,20.40942825929031,736
IMG_10841,-19.289826838316955,28.372289597674552,122
IMG_10842,58.3984507006669,32.08511109092825,962
IMG_10843,-7.500726289970828,-44.9493767763172,657
IMG_10844,-12.418581237243984,131.99992698432118,26
IMG_10845,-20.8186307411508,27.541101137294447,413
IMG_10846,-23.504621814971927,-46.16140834023406,119
IMG_10847,51.32661650171798,-128.21717405040783,93
IMG_10848,-44.30948896918891,-67.72204719077985,907
IMG_10849,68.64673932609159,-131.1210972541609,162
IMG_10850,-41.56587431168823,-73.22466676792791,573
IMG_10851,-18.631177872320208,143.4663657382264,39
IMG_10852,47.384973179398855,77.01585014666034,14
IMG_10853,-41.15566137559129,151.32570706707247,548
IMG_10854,72.82996343986659,68.63723503466912,965
IMG_10855,-32.48105065600731,27.652893990204376,388
IMG_10856,-37.28938526404558,144.7615775817194,285
IMG_10857,-7.866134091942683,-48.87102910650378,72
IMG_10858,-11.43493372232895,-51.35672723014844,891
IMG_10859,35.94584894377434,-100.98839394466096,632
IMG_10860,52.269829998789135,75.57645650366663,858
IMG_10861,26.91098198701233,76.23694477346288,268
IMG_10862,-34.65570985725245,20.682824414594023,110
IMG_10863,54.3770788984267,90.7216900483562,859
IMG_10864,33.70409163157069,-118.5483272320442,474
IMG_10865,43.59092329224632,-111.12869045815462,198
IMG_10866,-26.538385264889257,27.668387123048035,629
IMG_10867,-6.256213546961732,-73.64411428882926,130
IMG_10868,48.44121339609927,41.783203936793086,372
IMG_10869,36.12186295322371,-119.18532182753668,761
IMG_10870,38.74164594130835,-99.5378414107173,708
IMG_10871,-34.487644637362706,144.26519184839492,18
IMG_10872,58.64462620396711,2.9520776214017133,379
IMG_10873,67.99458347446128,20.73103061077802,736
IMG_10874,47.98973060744447,0.3121306873730987,802
IMG_10875,40.80721909322944,4.033194037985282,953
IMG_10876,53.87815120284603,11.384439395882763,644
IMG_10877,43.30526626380066,87.20509270120658,286
IMG_10878,-6.182297607144292,-50.68209444016645,804
IMG_10879,-38.92857811804874,-64.38956208247069,772
IMG_10880,5.886036129506493,1.212090203652565,874
IMG_10881,37.607887209961774,-9.955933913304676,457
IMG_10882,44.29716826648172,-93.17503141067358,567
IMG_10883,44.54954564930378,-0.5030540317797545,362
IMG_10884,-35.441036223549304,-66.78669536397133,935
IMG_10885,18.31163978741029,78.47843227838729,409
IMG_10886,54.80895255410826,-111.68638454984502,517
IMG_10887,-13.875330237005713,-39.81990599416264,836
IMG_10888,62.47058882733825,70.7714415762444,104
IMG_10889,63.019742206258286,28.27359709556964,992
IMG_10890,-10.014074398832475,-51.40309314145563,891
IMG_10891,-6.619714424215616,-75.22905417084677,267
IMG_10892,43.32550395662184,-100.60486833617549,430
IMG_10893,52.16530806530392,21.92681204705633,875
IMG_10894,-38.39016618664407,152.0444972133825,263
IMG_10895,64.84761806610499,28.32452899988118,75
IMG_10896,62.56671977147056,31.1890489781232,288
IMG_10897,67.4474201187345,65.88479473674661,141
IMG_10898,62.99492280870251,42.88365388516124,154
IMG_10899,63.91767430071124,34.51953514246577,782
IMG_10900,6.7224052790618885,37.29708126768804,864
IMG_10901,14.653976338570686,5.682938298494207,747
IMG_10902,30.80853455028641,-111.69466050355908,225
IMG_10903,40.09439031519997,16.358637211126393,208
IMG_10904,59.07384794341175,28.3547712578399,368
IMG_10905,-8.784762014550921,-51.93189886002756,72
IMG_10906,-11.99331014026616,-38.85521749971002,177
IMG_10907,41.62227000209271,91.22698623498512,512
IMG_10908,41.20840150432366,13.051108165195274,985
IMG_10909,-36.82019382517308,-69.78569546659982,999
IMG_10910,33.747187343643134,-101.71862106787728,450
IMG_10911,51.40990537498308,-96.28904068964532,448
IMG_10912,45.80054812403336,30.16337573930511,989
IMG_10913,27.215333126787925,75.77127920038532,268
IMG_10914,30.991290066467258,-97.39695178980249,893
IMG_10915,8.707545329801775,2.1224006896525798,929
IMG_10916,-12.668314278022308,30.073424414416195,464
IMG_10917,26.563042902403453,89.53116585906344,697
IMG_10918,54.70348279241563,26.037706677821205,176
IMG_10919,41.19096797315086,15.207977626430363,955
IMG_10920,-17.86018922786512,-63.23377503689181,715
IMG_10921,53.66079120604212,105.36899703032338,669
IMG_10922,-27.724926117595857,29.313577040507084,587
IMG_10923,47.06591906704196,2.9024024692897967,76
IMG_10924,-18.930491219002448,8.048127617300338,552
IMG_10925,52.10555946195561,-6.819681173155999,720
IMG_10926,58.97317867758204,-129.84729443647572,800
IMG_10927,-5.655204026388333,112.6005221349514,844
IMG_10928,69.39976026118887,24.1213270314106,123
IMG_10929,62.84456391969155,38.786592630009466,473
IMG_10930,65.6956597719192,36.74493620508292,782
IMG_10931,67.487075126229,36.58037518096614,494
IMG_10932,27.87489708665676,93.9513400334888,419
IMG_10933,42.76139461845384,-95.28422746528696,751
IMG_10934,-30.827571441318028,28.591394956765956,524
IMG_10935,69.41496869865375,-130.82401923895313,162
IMG_10936,38.09722781061413,26.306678485743475,56
IMG_10937,69.98387097509274,20.947861455285302,297
IMG_10938,-21.050005251189432,-49.23152255801983,390
IMG_10939,-13.882826886783109,-155.16768797210088,776
IMG_10940,50.16587949522608,99.76740029640348,963
IMG_10941,31.99738370554925,73.41271386307221,305
IMG_10942,59.50349562116594,12.832921179530445,779
IMG_10943,-35.30517783048035,135.93385447819327,400
IMG_10944,45.32773675242322,-111.9508190272654,198
IMG_10945,-9.197731066573851,148.1374139803102,86
IMG_10946,58.01271850323639,64.67742462276061,556
IMG_10947,12.589537854612132,37.847012008618975,77
IMG_10948,-31.05203131106326,-65.8579099950461,881
IMG_10949,2.632589096934524,-50.77970972089844,94
IMG_10950,-21.252753265593185,120.00495410598312,69
IMG_10951,37.69438334922124,113.66346737608234,627
IMG_10952,11.407113921374162,-3.618291793088531,830
IMG_10953,35.75272060055373,-98.60318729445868,450
IMG_10954,-26.03872170889923,-38.39835813134903,994
IMG_10955,-6.597207482351664,-39.436178384139765,557
IMG_10956,-13.325281516076783,102.19288351512635,482
IMG_10957,66.55934960860066,79.65008039109387,746
IMG_10958,9.391792247094685,9.701160146027632,566
IMG_10959,-4.957437634192615,-76.37683743385938,888
IMG_10960,10.361837065091336,147.11719428939932,186
IMG_10961,-5.086529544614663,-48.59682184719236,352
IMG_10962,-20.56036410911976,143.47625724327025,39
IMG_10963,38.35020762042154,-85.50590915783434,932
IMG_10964,-20.61154015374666,146.9482788381457,159
IMG_10965,-5.960268636789124,-57.13506433333626,456
IMG_10966,-16.496611644281913,-36.4413028544912,432
IMG_10967,2.680159149331928,5.5659276414248495,868
IMG_10968,58.05283168073311,30.870361940353405,962
IMG_10969,-18.86492523682369,-66.92931649612271,842
IMG_10970,38.67768860503463,-85.60451496564772,932
IMG_10971,-26.91559136825332,122.22187085319176,385
IMG_10972,-27.49709481524971,-47.3385548882234,356
IMG_10973,-23.778658754486912,133.6327296412021,271
IMG_10974,-20.17119977430866,-151.94403220570862,665
IMG_10975,61.59144819026756,108.919369713852,981
IMG_10976,-36.88869445690487,-71.96890787519617,682
IMG_10977,53.27736246387673,86.28879012905605,425
IMG_10978,11.011125581278648,-5.536489761767768,124
IMG_10979,55.25424011832234,95.06305314058416,914
IMG_10980,-17.4473700493034,27.079986119941083,426
IMG_10981,-17.431143438840024,28.943069745993057,947
IMG_10982,32.365754622261235,-88.14145846188288,54
IMG_10983,68.32712855028575,16.18062808382308,622
IMG_10984,-30.243021087710066,22.34689010137052,957
IMG_10985,60.348893139134816,-116.10099234901035,276
IMG_10986,-26.482791845704547,-48.267208458689794,356
IMG_10987,35.703855380633456,14.53038916248704,920
IMG_10988,43.74358011102669,43.5809752835749,418
IMG_10989,40.61928930356893,37.06947648089272,653
IMG_10990,-3.584823153520261,-69.50346818901805,698
IMG_10991,-33.2614162955087,-49.26140484195048,570
IMG_10992,26.786408101201417,-111.04398005012207,899
IMG_10993,-9.25368831216622,116.57848162705524,270
IMG_10994,-37.39895611564605,119.13681460562952,949
IMG_10995,-21.38718389875449,33.006909690952426,900
IMG_10996,55.0074934995433,-90.18422812423952,361
IMG_10997,-4.198469503469312,115.20635734002582,956
IMG_10998,-40.893802753954205,144.33701501445637,487
IMG_10999,49.72050464098041,-89.53247751546323,645
IMG_11000,-18.17839781869813,24.68132880595084,426
IMG_11001,-25.2792380117714,-66.58882129814887,343
IMG_11002,47.74595853487119,108.77055577057187,711
IMG_11003,-26.775807324108413,29.547357156540077,235
IMG_11004,-28.117021224949266,145.01085296558625,542
IMG_11005,41.06070708141249,-125.01599659830754,150
IMG_11006,42.50106561829418,-126.19907324048306,150
IMG_11007,41.92739645973157,11.736077363107142,985
IMG_11008,44.1148023397663,99.56553998406451,287
IMG_11009,-21.31574653262598,145.39249244619396,871
IMG_11010,8.027412800791097,15.586188917669205,325
IMG_11011,11.791392949932558,46.61948197508315,134
IMG_11012,-29.350033240167136,-50.8650685905817,545
IMG_11013,62.098054567107226,72.48615398419881,104
IMG_11014,53.81400688847958,-125.50774419807996,470
IMG_11015,55.77389459156967,-118.31234048450794,380
IMG_11016,-37.58575316018623,152.78177655022915,263
IMG_11017,-8.86614071502568,-40.54167087923324,603
IMG_11018,-34.00720212203929,122.80193653935584,574
IMG_11019,-34.63185264207996,-79.89614522749366,405
IMG_11020,48.15832060389087,83.77026865928963,656
IMG_11021,27.37168731477911,77.31243297505426,978
IMG_11022,6.0619349912617935,38.10404927401871,864
IMG_11023,26.569554444983723,74.01318556007692,879
IMG_11024,35.57639241832611,30.90780068903365,230
IMG_11025,62.01469363770639,6.089934548315711,505
IMG_11026,61.03935119370525,-0.2955965060226333,766
IMG_11027,27.90599267921641,-105.87677050431716,725
IMG_11028,14.076638352719328,-16.48692307881379,649
IMG_11029,29.256056165314007,-87.54039813583364,234
IMG_11030,62.46316256574329,29.202788439876823,992
IMG_11031,-28.770928827399104,-72.02590025712799,462
IMG_11032,46.29198862265997,-100.60688557674902,281
IMG_11033,56.15237392005318,37.46960667407194,279
IMG_11034,39.444316382000125,-105.22651005532175,115
IMG_11035,-17.335985940685745,-40.7139665426146,106
IMG_11036,31.74001669424977,-112.75027921577802,819
IMG_11037,-8.43991130285346,-61.44080251093792,247
IMG_11038,60.80992652553277,25.456876223145343,811
IMG_11039,46.265157217010085,91.93913395061077,37
IMG_11040,35.917700681585785,21.91748962433269,655
IMG_11041,28.915836355047105,-96.09404999619896,529
IMG_11042,58.35363673604522,7.134207067202055,379
IMG_11043,48.38975497409695,-3.3796927077157197,534
IMG_11044,31.67113580766041,-91.27392331384742,637
IMG_11045,11.823365503127178,125.8617660914436,91
IMG_11046,50.383677560591735,47.99830684406865,882
IMG_11047,44.31059840002837,-121.54248024954975,447
IMG_11048,56.544863945599616,-128.77507794602425,582
IMG_11049,61.226400820110655,115.09547211187174,194
IMG_11050,2.115765839866171,25.88515516629846,818
IMG_11051,50.59243326103473,108.38382614330196,158
IMG_11052,55.990066535850616,-101.62027851783807,583
IMG_11053,57.23953475994881,27.350394191933788,451
IMG_11054,30.819811786042493,120.4883517792992,614
IMG_11055,69.62525394484257,20.74954244679509,297
IMG_11056,54.60346001761704,-8.643279164082031,125
IMG_11057,-18.79044617316862,41.74867436675717,326
IMG_11058,46.13393659362538,93.30777569234294,37
IMG_11059,61.686909234141496,13.483880720251053,121
IMG_11060,68.04090912174942,15.382896213091383,622
IMG_11061,50.68168675442664,-5.5627284857725385,498
IMG_11062,55.739116480203165,-127.32880037900884,470
IMG_11063,-35.14094067919484,146.19817372381988,857
IMG_11064,-3.496594167189784,-43.64559894687011,277
IMG_11065,-20.38873431624475,27.27614386117281,413
IMG_11066,29.175172291328167,83.45876543581574,438
IMG_11067,42.7023407106864,-7.306239106843861,209
IMG_11068,0.0084958767909881,34.59165363551941,410
IMG_11069,37.944394111380646,-113.30679550331443,796
IMG_11070,51.89669192180153,-103.1300346793714,82
IMG_11071,57.66652403685848,11.648303650269838,659
IMG_11072,-38.82255388549176,-60.03916899358083,303
IMG_11073,-0.7888280999584794,-80.96709119281286,553
IMG_11074,-16.994852243350934,24.633679137797515,426
IMG_11075,13.169467668526709,27.017253999456244,948
IMG_11076,33.102777956260695,106.73824722093492,705
IMG_11077,51.74078758670737,28.09075967884345,13
IMG_11078,-17.69402740399768,137.66491431948918,658
IMG_11079,66.51791622524445,79.63334679554225,746
IMG_11080,-16.095926697027963,-72.60564088738548,924
IMG_11081,48.960904552159946,6.743416945136744,946
IMG_11082,52.0860998707937,-5.841333849592672,720
IMG_11083,53.41567780862431,42.85982485819324,478
IMG_11084,57.64714758369541,-93.70290998902614,172
IMG_11085,44.23343874198992,66.67797561911183,210
IMG_11086,-44.282642880870775,-68.31551561398369,907
IMG_11087,2.812476305410769,-51.653514845445386,94
IMG_11088,44.62385202408464,76.69334500933064,974
IMG_11089,58.139977412769895,3.916474947706149,379
IMG_11090,-29.48163796749364,-22.20179625455384,765
IMG_11091,-22.70049198157581,-44.81385938699577,284
IMG_11092,40.949624779018365,39.22077724817541,717
IMG_11093,-27.54317446247612,20.461169860380664,314
IMG_11094,-10.834002365041698,-49.593798778223146,891
IMG_11095,-14.684521170388592,96.67851864466088,482
IMG_11096,61.82605410872239,-11.67106751538148,884
IMG_11097,35.16842975611914,5.766217751910915,349
IMG_11098,64.12739411243626,41.97510869910329,463
IMG_11099,-7.880044220112381,-79.22198118151564,528
IMG_11100,61.01407653260952,43.42884405042233,195
IMG_11101,61.032773738991125,-113.29580600764774,561
IMG_11102,40.25125955982318,23.311661093797795,342
IMG_11103,49.162859317854725,112.97470412994552,393
IMG_11104,-4.795748241183247,-82.31597907559356,684
IMG_11105,40.22477394454438,-88.75594400174738,852
IMG_11106,-30.84812057871264,112.55214892742691,442
IMG_11107,34.13874630856088,-118.40981022422352,474
IMG_11108,37.3249378260785,1.3036358423265997,213
IMG_11109,47.19886708634724,-7.010657616811017,903
IMG_11110,51.25781008432557,42.862366522664814,794
IMG_11111,-24.382895384415377,126.0022061243555,831
IMG_11112,56.0951332236474,-98.18874407150608,491
IMG_11113,-24.631382751253422,27.027556937817,10
IMG_11114,-26.88976975101353,24.103511487682653,466
IMG_11115,5.574526006889073,-4.872603119722726,444
IMG_11116,-12.026574317087722,-48.02256693461089,515
IMG_11117,47.776515165150045,39.6984161615793,700
IMG_11118,59.94953356029342,74.12234172134038,435
IMG_11119,45.42384008823714,78.75163338997982,299
IMG_11120,8.56304874720415,45.0299670437328,433
IMG_11121,38.67535107756058,37.94164740185522,717
IMG_11122,31.165165103570946,103.42621203509816,705
IMG_11123,63.97230036628761,19.93514470285683,21
IMG_11124,37.595061998287605,29.748721236343243,892
IMG_11125,35.97584558119851,-8.996451852939117,457
IMG_11126,-26.805894689025397,-61.795581213080695,222
IMG_11127,59.39821427323153,-130.52328708396632,800
IMG_11128,37.05688047303535,-93.60141347448712,293
IMG_11129,63.50455862084701,23.37905581335468,364
IMG_11130,-1.4538595752580932,28.727792568606333,4
IMG_11131,-21.46576459640681,-64.35276419908486,910
IMG_11132,49.2507774000637,-89.40976409344404,500
IMG_11133,36.17279442082396,-5.216120045638007,366
IMG_11134,-26.81948303976376,-147.9550051300349,665
IMG_11135,-15.23002089576842,-63.71871271671827,468
IMG_11136,35.32096588574629,-120.81392027774469,761
IMG_11137,-20.24829634313681,24.65350312687238,219
IMG_11138,-34.457924116378585,146.64179930138846,857
IMG_11139,-5.456751396873102,-35.54805929625343,344
IMG_11140,-5.945987471931176,-40.52509250599493,22
IMG_11141,29.707188612307675,-93.47453684407652,89
IMG_11142,52.14597973269679,-132.252195218756,551
IMG_11143,61.45227409811804,31.15098073427302,57
IMG_11144,44.2508080898445,24.15482065369005,950
IMG_11145,51.63808370366513,-121.46638671291213,783
IMG_11146,40.716919593164135,8.632805637668042,489
IMG_11147,-26.144348350777666,-54.3099663379076,233
IMG_11148,57.25848150997729,-116.71081320793294,937
IMG_11149,56.18274233031906,-131.94072632926432,582
IMG_11150,44.711530671776245,-2.169815634982399,164
IMG_11151,-19.39316716279822,162.0307635848244,537
IMG_11152,-28.611727982009025,-60.26360353067267,683
IMG_11153,66.15835600705009,-104.27690255630414,823
IMG_11154,-12.922262718115777,-73.23355900074193,558
IMG_11155,49.50676362763835,41.12621096279992,372
IMG_11156,-16.149438030681267,-6.415360101315741,296
IMG_11157,45.33546651370591,105.9567847616591,132
IMG_11158,-1.8778213036457032,-51.901194658832736,283
IMG_11159,-29.01270243809641,15.45689835832792,100
IMG_11160,-40.0825700612188,151.79498892000868,263
IMG_11161,62.68632886955339,8.997564591159062,791
IMG_11162,-30.36269145647009,-67.16891030084983,310
IMG_11163,54.06544503371498,-3.710346159360739,212
IMG_11164,65.92405744908172,73.06042886857367,584
IMG_11165,29.74987177599958,83.22303744222938,438
IMG_11166,61.42260107087287,73.1980213847967,435
IMG_11167,-33.36450255538648,118.00906503969776,480
IMG_11168,14.614616051322116,-10.714959413941983,809
IMG_11169,55.85756369007481,-119.40138398206363,380
IMG_11170,-15.983387510064205,-59.50182151829984,149
IMG_11171,-9.0615556044863,-70.19256241119514,459
IMG_11172,12.542160468312249,47.43660846868613,134
IMG_11173,-26.83153263433036,-48.825823463170565,339
IMG_11174,-0.888885944286784,29.16257126502637,4
IMG_11175,52.66704319186243,19.023591348350493,445
IMG_11176,48.55209305609918,41.050776061580535,372
IMG_11177,42.3647046249169,-9.690068843078793,209
IMG_11178,-24.03864917758496,-53.47595391023509,233
IMG_11179,57.8409399193813,18.284282169381527,915
IMG_11180,30.66295647529708,103.39497861977247,705
IMG_11181,49.114967004393975,36.22747248496154,262
IMG_11182,11.97700653979804,32.95814496050909,803
IMG_11183,32.71575309217587,34.52067265637211,441
IMG_11184,-7.469702287343352,-69.54835781766647,640
IMG_11185,-12.757538175915329,-68.60814828077096,841
IMG_11186,40.034898260910666,-85.38875111837405,440
IMG_11187,-27.21785533772298,20.501322144244284,314
IMG_11188,26.78939393119592,83.82912292332833,798
IMG_11189,63.58058262388892,110.44250164178352,194
IMG_11190,1.7212662986905514,-45.18332733156379,902
IMG_11191,65.35144021828177,17.738667626339776,807
IMG_11192,-29.87753873751461,-68.1667780330446,310
IMG_11193,38.54092858774638,68.59674776054635,80
IMG_11194,-38.01523941184687,-60.71193247008554,303
IMG_11195,-23.302346505561232,-62.3124859527465,910
IMG_11196,-17.05674197582161,-46.88496356874092,790
IMG_11197,-16.55651798035632,126.99744613062204,585
IMG_11198,-45.6871375003749,-63.289804495012845,939
IMG_11199,46.3083890817461,28.85272441739852,692
IMG_11200,-24.405941664818386,-69.4537936866135,801
IMG_11201,56.85092980766177,-129.10974870943852,582
IMG_11202,56.33455318795157,89.2863911354683,859
IMG_11203,5.331299948480137,32.35215241660984,484
IMG_11204,-41.26838788192753,-73.30604811561105,573
IMG_11205,-21.44925464687944,-45.88705874342193,777
IMG_11206,50.40656341488619,-112.71841139350532,641
IMG_11207,53.627643251907045,-5.150847176550258,212
IMG_11208,-32.05812201762313,131.37161809733135,2
IMG_11209,2.248052706808565,33.197011782350046,240
IMG_11210,58.92956289205631,-9.291976153408712,642
IMG_11211,44.42570391598974,-110.23040264058014,198
IMG_11212,0.0476752433183662,-53.23825270173424,283
IMG_11213,49.145101892667554,-88.96390285271643,500
IMG_11214,56.09075594379365,-3.116125586823472,988
IMG_11215,39.722128900197305,38.283501026706006,717
IMG_11216,39.79469434629007,-103.79423452638764,885
IMG_11217,-30.180731757408083,147.61839437300102,244
IMG_11218,-16.191774422084706,-54.931576640162206,612
IMG_11219,2.907787532779764,105.25628248999531,216
IMG_11220,-27.04332860047758,27.988009505084364,587
IMG_11221,-24.738152759769747,28.608692407971887,10
IMG_11222,47.58152696118793,14.28124924539756,201
IMG_11223,47.4997876204036,106.89533796415526,711
IMG_11224,6.969478618282295,39.29677987082161,519
IMG_11225,55.68291579584371,-127.69121699916198,470
IMG_11226,31.3371211769644,-101.52028463976922,205
IMG_11227,-9.762074361418373,-77.34791630443627,0
IMG_11228,-14.074170889576436,-45.51053524601792,229
IMG_11229,55.30667462604387,79.51995467349184,140
IMG_11230,5.792684169070512,72.64052858112822,211
IMG_11231,36.41847491345735,23.18583967425641,369
IMG_11232,1.9041978091898384,-61.60789606707475,111
IMG_11233,-45.51269177329546,-66.44931209030278,446
IMG_11234,-3.9740978975758594,25.223567050232788,904
IMG_11235,50.85097405977984,-112.01152311109227,641
IMG_11236,-27.61611670499841,-52.77562927361012,545
IMG_11237,60.27152180265799,6.778856608875458,505
IMG_11238,32.24224684251024,-103.32692041281672,137
IMG_11239,59.86295651794222,37.55888155359483,554
IMG_11240,-24.885840218154044,-57.69847890542789,815
IMG_11241,68.1251545167382,12.800930731522186,622
IMG_11242,57.37662185565256,104.27384329365212,61
IMG_11243,36.94594565045881,26.98584249783485,892
IMG_11244,58.81008101554781,-117.6926581536011,937
IMG_11245,6.188150113763115,39.62743370304196,519
IMG_11246,-36.76558664056029,-59.55150424669563,527
IMG_11247,58.8387901747758,22.51538265889434,856
IMG_11248,-17.91616233281337,25.06747771202754,426
IMG_11249,-14.62106862264244,-42.557647099010666,66
IMG_11250,40.245829175740056,112.9608504081716,627
IMG_11251,47.71234872890051,-112.08254861021518,821
IMG_11252,-2.835752388550276,28.14554918755897,904
IMG_11253,-12.072173355528436,-39.25800455947268,177
IMG_11254,59.27531163363832,4.265622246201019,379
IMG_11255,-10.305948021383555,114.85172576964362,521
IMG_11256,34.66889795156837,70.45726672122828,305
IMG_11257,-20.79219201620144,26.34298372295504,413
IMG_11258,-32.15921502621542,128.17026129947277,756
IMG_11259,62.60044465477097,29.401845130355696,992
IMG_11260,-26.717572184248155,-52.22142355861979,545
IMG_11261,-28.29932832904605,131.2356764486508,816
IMG_11262,-15.911434708503265,-52.4661806503327,221
IMG_11263,27.088065681955044,87.46069608787286,697
IMG_11264,10.66053771936302,-4.101600931877186,830
IMG_11265,-11.909849575889083,-47.80907235163261,515
IMG_11266,-18.73383684949337,134.00094124564998,161
IMG_11267,64.8519851085951,6.441143904577217,791
IMG_11268,44.86971798328909,9.018124098392889,218
IMG_11269,38.28646944000906,-84.84906085786267,932
IMG_11270,-25.537045225011724,26.607538892515837,629
IMG_11271,5.16173756614009,-7.179284539894752,838
IMG_11272,-2.379722609210845,-34.31139660521109,167
IMG_11273,-14.26817116035926,-42.50820756071769,66
IMG_11274,-20.45530205728704,-62.57373563245116,143
IMG_11275,48.14441969430968,100.02378257708192,493
IMG_11276,63.49614186743372,-113.63407518384356,561
IMG_11277,0.9317033168489672,5.634051824181711,317
IMG_11278,11.387783715616052,-95.69328983034242,895
IMG_11279,47.1611983903216,22.6357820016778,860
IMG_11280,-0.862456780115366,-40.51678242885421,421
IMG_11281,65.14254348151212,20.528806628957057,807
IMG_11282,57.47354060722634,13.247691012685465,659
IMG_11283,59.29895826661596,-129.55600083465686,800
IMG_11284,10.621118607957854,-11.630430405336853,942
IMG_11285,5.770664129326477,37.03007953931788,864
IMG_11286,28.356386538280944,-104.47091975518232,580
IMG_11287,61.37511772473172,66.23805220347643,290
IMG_11288,1.578524486680891,11.594369712586854,687
IMG_11289,50.13994812888404,0.6809450765273368,340
IMG_11290,47.4642070210939,81.64013163976716,656
IMG_11291,-34.55907468881844,-52.58642943265258,392
IMG_11292,38.81698793145745,-112.31995579639896,796
IMG_11293,35.89772943227385,-97.4199265272388,12
IMG_11294,-10.61142967561824,-36.318378498802645,699
IMG_11295,-10.610207171831377,-77.65009952661389,0
IMG_11296,53.10260845900956,68.9225256739139,465
IMG_11297,58.3121901379518,99.59675814419523,716
IMG_11298,45.12686158591734,-108.34101261951837,993
IMG_11299,-20.201919875367796,28.92387869542938,122
IMG_11300,36.20105341764672,-109.8349349366193,47
IMG_11301,53.94347993872515,107.76961747293592,669
IMG_11302,54.45119929871228,6.271108308766713,363
IMG_11303,28.06626959625858,95.26938239671648,419
IMG_11304,-14.956870623596558,-46.37837452950709,229
IMG_11305,69.59807778492828,-127.78811779179549,162
IMG_11306,52.99249178014202,111.55581355626572,254
IMG_11307,48.09364193854884,29.07704951183496,692
IMG_11308,42.82771905967405,-8.581145915992266,209
IMG_11309,51.80640524063972,-106.25809432237295,847
IMG_11310,-19.496194744295053,-56.76301354225939,46
IMG_11311,45.113963211060025,101.3808185189268,678
IMG_11312,-25.12382791674264,-37.63606416206213,994
IMG_11313,-43.050917914023245,-63.32291265468771,939
IMG_11314,-26.14683666214362,-54.46927398347094,233
IMG_11315,40.30604635899465,14.697797675970264,955
IMG_11316,48.41880841098461,20.915804427292382,860
IMG_11317,64.90824443351175,15.771901385289825,396
IMG_11318,47.72060094531884,-3.5960532985592693,534
IMG_11319,43.28788153430082,20.395671670822765,695
IMG_11320,51.56678079811542,71.32853607346982,264
IMG_11321,33.832551915268624,-108.3595807749015,613
IMG_11322,60.1935738907699,-125.21019773448477,600
IMG_11323,64.2051980887889,12.613875511619966,597
IMG_11324,-17.618116454068527,-68.46419150398364,358
IMG_11325,55.94147189514575,-96.64120443535178,491
IMG_11326,-36.18785532610413,-67.89612086087477,617
IMG_11327,-20.883802005490764,25.94449356689907,219
IMG_11328,55.98495089322549,104.15815930557552,61
IMG_11329,37.43458162901031,-104.53271973458892,345
IMG_11330,1.0672591206905508,-79.87338107477107,169
IMG_11331,49.056890638287086,109.33423074374224,158
IMG_11332,-15.765797120270337,-47.00996311926164,229
IMG_11333,-31.02049749853132,143.44874441633988,90
IMG_11334,50.54187995287458,99.55571231747469,963
IMG_11335,61.881785853777984,16.589028589787176,571
IMG_11336,26.756043434065603,67.80974115565783,70
IMG_11337,64.6745684630535,-100.20856551701388,823
IMG_11338,10.235723024730646,-11.611222088031925,942
IMG_11339,35.54787501277296,-6.294872378489288,457
IMG_11340,-7.683133328784692,-53.472218672226205,975
IMG_11341,36.59659278997327,-106.76543821153508,47
IMG_11342,-7.495219432145291,75.99572150453002,95
IMG_11343,51.46941149618479,88.99935099876609,246
IMG_11344,-45.713090740090735,147.12037194847426,906
IMG_11345,46.35700498973472,-100.01232590259266,281
IMG_11346,60.35009632180291,-8.155430369107506,642
IMG_11347,51.44469000958111,43.57135676105389,794
IMG_11348,42.23847058582356,2.210580412193196,607
IMG_11349,-2.6489222981271894,-52.0499745701924,737
IMG_11350,52.6132678831118,90.63734784680184,246
IMG_11351,10.1281020765571,42.4814220059632,420
IMG_11352,-34.48570660681909,-10.324690179952768,117
IMG_11353,-37.97399175494508,-67.83794910976516,617
IMG_11354,-2.2940405612118298,-80.20930051077262,553
IMG_11355,-29.9298461886265,127.73470804803816,756
IMG_11356,46.82763498765354,78.1095573566655,14
IMG_11357,45.05269367464757,-108.06877441545032,993
IMG_11358,-10.085825329883903,-58.95660037627715,610
IMG_11359,65.56959475685852,21.121192862004392,807
IMG_11360,61.26826342173473,13.1331133107833,121
IMG_11361,61.48620375857462,-3.221131721375855,78
IMG_11362,67.5279616647922,11.434018531291857,199
IMG_11363,-33.19594032245092,-58.99603788173072,806
IMG_11364,40.72112087276054,27.05315827212604,590
IMG_11365,-31.945774979798458,146.01744967280234,90
IMG_11366,59.61141595746619,42.22044257028267,195
IMG_11367,10.564065210953387,38.714419167201584,880
IMG_11368,-18.725154778190245,133.78889375625675,161
IMG_11369,41.67364659904933,38.44708322033984,717
IMG_11370,64.95951255209462,113.34722527364512,194
IMG_11371,10.928440450457655,28.61898095422021,594
IMG_11372,43.01157735279261,-6.255594074408634,565
IMG_11373,46.28615354717465,113.9023531121174,393
IMG_11374,-23.171163954190103,121.57491271187428,69
IMG_11375,-13.627899818879058,-52.689320337823474,506
IMG_11376,-11.886259521827997,-57.67289024438658,610
IMG_11377,70.69931218418301,27.01351237909097,123
IMG_11378,2.6535903286596607,-3.828145771660644,444
IMG_11379,47.1512627441976,-99.07731936868495,281
IMG_11380,-11.95095647880116,98.18275433225926,482
IMG_11381,61.0700442329204,7.397285739549972,505
IMG_11382,54.89251163147708,65.81642890915413,73
IMG_11383,44.86910815539113,-97.99911239975056,666
IMG_11384,51.63273836128738,104.10224503928596,930
IMG_11385,61.635316376964994,-114.90407410637944,561
IMG_11386,49.03195013910303,26.68744688323528,688
IMG_11387,59.232674307348645,9.295323541268177,379
IMG_11388,40.81013636179782,73.93327674996053,834
IMG_11389,44.65800079381188,111.64101015455572,938
IMG_11390,-12.07048700499584,126.45132903719968,788
IMG_11391,45.30683432892738,74.12128850967301,974
IMG_11392,-22.47534842948741,-54.00768772575867,813
IMG_11393,-30.978536370373572,-47.7317980598136,570
IMG_11394,-8.25607826952674,-70.08096021724897,459
IMG_11395,39.06261348257868,25.702315682949266,56
IMG_11396,-24.34489360421159,145.43399844017893,507
IMG_11397,69.57184867814902,18.635558377515736,297
IMG_11398,42.49206603121485,-6.238807449214846,565
IMG_11399,44.37973768437547,-4.6090891639206575,685
IMG_11400,63.06633800594548,109.04192388362604,194
IMG_11401,39.906377348575774,93.45853355883014,512
IMG_11402,-25.756372624426945,25.699891614019464,371
IMG_11403,-15.546359358800686,146.15809628631644,606
IMG_11404,39.103877214296006,43.870727630916775,703
IMG_11405,34.81531259956117,110.66913393733398,616
IMG_11406,1.7073844441801072,-52.66549376647245,94
IMG_11407,45.80409069923547,10.349838434330934,218
IMG_11408,-9.203125359196209,-60.272685256858125,610
IMG_11409,-20.0882074611595,148.17209312242073,159
IMG_11410,45.52883241222136,-126.49719702665836,639
IMG_11411,14.983639105908338,33.04222803921439,803
IMG_11412,-18.66224599419468,27.59436063228964,122
IMG_11413,48.05900358796936,38.60482560342823,700
IMG_11414,58.74355556698174,-114.93389163533,151
IMG_11415,44.066087857964646,0.5724501004429499,362
IMG_11416,31.36634658553308,74.0659664501014,511
IMG_11417,63.06025570553834,-131.52206195957285,872
IMG_11418,-3.481152173357515,-83.98809711430255,370
IMG_11419,67.36841848478386,19.22915309557058,736
IMG_11420,12.996196271727529,37.070924420190494,77
IMG_11421,53.79450511809233,-129.9984234912911,224
IMG_11422,-11.170942891689634,-67.53895562627986,841
IMG_11423,1.8155636166838605,105.60032412091834,216
IMG_11424,53.48171791112247,0.3535017853044735,16
IMG_11425,56.51874552975613,67.25808659512228,878
IMG_11426,-29.57142677409594,23.44554224153535,576
IMG_11427,13.70857815272278,10.712595694546168,156
IMG_11428,59.433435371968415,16.74308214648852,354
IMG_11429,-20.971078451850616,115.94657197206772,454
IMG_11430,38.36918303216163,-89.6890948305629,404
IMG_11431,-24.832179837067628,-49.8817817429113,984
IMG_11432,-23.40980733199396,27.195262617085035,10
IMG_11433,-19.86024297702264,-47.72618485703623,777
IMG_11434,41.93922874611454,-9.75872605208906,209
IMG_11435,29.752228510507663,76.55079155725252,978
IMG_11436,53.419920286948695,-7.623395593091232,720
IMG_11437,-32.71895908437428,121.90579748807016,574
IMG_11438,42.38724430189421,40.50114534888641,25
IMG_11439,38.92889498397187,-126.21037431142716,694
IMG_11440,-22.49545481833209,113.46646123598202,146
IMG_11441,-19.447217285850627,-58.313790157394976,46
IMG_11442,41.32237870432971,-96.59626730889477,751
IMG_11443,1.4309754004890038,-77.02318538364955,169
IMG_11444,-33.29753577298074,138.57225648603202,706
IMG_11445,61.344309976978906,1.6195851712155047,766
IMG_11446,45.6466854386785,-114.43546220457878,609
IMG_11447,-16.368970566714182,28.01086928468726,947
IMG_11448,-38.539649364849424,150.50369526525833,263
IMG_11449,52.86997435789488,108.13859839134376,669
IMG_11450,44.37235310253109,30.051018214244092,989
IMG_11451,37.812176718428745,-113.53106529727704,796
IMG_11452,44.24793818897956,44.86237568973783,707
IMG_11453,-20.758524450150887,-54.70405423206213,575
IMG_11454,-12.17651680492176,-77.58766609482986,0
IMG_11455,51.646219301742434,90.13196950471792,246
IMG_11456,45.32904728813327,-96.1070678205873,376
IMG_11457,-0.3636711075702692,-78.33611502436557,741
IMG_11458,40.53147460734769,-3.0437914170707643,142
IMG_11459,-23.30779545132897,-39.06241413932207,298
IMG_11460,-26.87674144763592,-55.82510014685161,602
IMG_11461,52.61984086944733,100.92079483077254,593
IMG_11462,-31.63889642108476,116.47749270677366,615
IMG_11463,49.11968762388784,-128.5440257212231,982
IMG_11464,62.18963119124834,-121.75102235597082,600
IMG_11465,-32.331688169721275,135.31873298687094,773
IMG_11466,62.20845561496637,-112.83789898105776,561
IMG_11467,-19.335612047669684,148.40252028512407,159
IMG_11468,-10.41925313125607,-82.87981610082466,273
IMG_11469,9.285757226491782,-86.28461559904173,718
IMG_11470,50.66639611677647,-4.249294944094714,215
IMG_11471,53.86944142458557,-8.805665243282533,125
IMG_11472,40.28115511221674,77.539666618551,518
IMG_11473,-8.314150628789605,-49.61534026581384,72
IMG_11474,-25.26989209619498,113.31393344616072,245
IMG_11475,-2.1007968054475583,29.99676456955356,4
IMG_11476,-32.07884616353754,17.500995123112858,732
IMG_11477,54.99682104425327,-121.78065254978802,380
IMG_11478,30.195591417880024,-107.94703478560608,407
IMG_11479,40.02042655543716,-106.666210658035,115
IMG_11480,2.1405277609291886,-59.13750481976717,952
IMG_11481,40.23370828805744,-112.71400777594624,300
IMG_11482,-12.764798685163129,130.16074543614695,26
IMG_11483,30.14092980559573,85.73923651580373,438
IMG_11484,44.46702195912701,4.388389774638313,757
IMG_11485,7.04935154186758,76.22695555221605,211
IMG_11486,36.43561932349732,-90.09293471157817,911
IMG_11487,-7.718872517116381,-36.88551908801367,927
IMG_11488,44.579145856114906,24.541693103774094,950
IMG_11489,29.99373492843736,104.66215295481176,705
IMG_11490,-23.94148891811153,152.0002296604905,689
IMG_11491,-45.89078095569254,-65.22044091730616,446
IMG_11492,-40.91966857499676,-74.28338265769747,573
IMG_11493,-3.859903388491148,-72.40435124215955,676
IMG_11494,54.26277591105378,40.43231219014763,478
IMG_11495,-36.740505966843656,151.440557019768,263
IMG_11496,-14.73448202977761,-74.04768302821438,289
IMG_11497,-38.7904333407632,-67.52509599655056,322
IMG_11498,49.61238871775842,-113.8296430006242,227
IMG_11499,49.20101448860618,-115.32792893959864,227
IMG_11500,48.27600981702997,-101.6167058189793,526
IMG_11501,59.92106255508634,-3.1050435681972037,766
IMG_11502,-0.6554357355588536,-81.52383971846187,553
IMG_11503,32.6988287518887,-84.84586652635244,579
IMG_11504,46.74996053887492,83.31014306538151,656
IMG_11505,44.37366114978255,30.96081845411487,989
IMG_11506,-3.7282153566106473,55.94963391297034,30
IMG_11507,48.26799718893494,6.751919527776039,381
IMG_11508,-22.70523962998942,125.5406191604701,831
IMG_11509,45.382547299986186,-87.19669874080164,397
IMG_11510,57.41470309771793,8.251319323424468,837
IMG_11511,-22.13091573760181,113.4147935611138,146
IMG_11512,-28.621462354811968,14.986760227870008,100
IMG_11513,44.816739589967085,93.80021284164953,37
IMG_11514,48.27732630950652,-124.8131355842287,319
IMG_11515,4.657177597082068,34.181100140347894,825
IMG_11516,-30.294514836351908,153.75413584848258,523
IMG_11517,-27.430666806953987,116.59875753458726,817
IMG_11518,-20.763913164243235,-38.34393825232328,298
IMG_11519,47.140604288784,92.54290340877486,37
IMG_11520,52.357982286411584,47.95395313141768,475
IMG_11521,-18.953097494669464,25.13298145975091,219
IMG_11522,-29.865526998261977,-65.75987144978114,881
IMG_11523,42.56744250920852,79.10092578644753,909
IMG_11524,38.56742051839262,109.18993752321931,255
IMG_11525,-20.56569666608493,-55.98199858211552,46
IMG_11526,-29.16245826446709,-55.230918085534825,602
IMG_11527,-29.82232448136017,136.04877171442013,513
IMG_11528,34.00814569164115,-93.96069837116715,918
IMG_11529,56.37463467439292,37.38381143559391,279
IMG_11530,56.862647402206335,75.70806944495149,569
IMG_11531,70.92867612584678,-119.3866627868886,923
IMG_11532,64.89632652031551,29.63076698817818,75
IMG_11533,-16.468600070618805,-68.80717786275397,358
IMG_11534,-35.85033606818676,-70.3350261166225,999
IMG_11535,35.75053864796725,-116.18882127217157,307
IMG_11536,63.151571877049605,45.96031630926271,154
IMG_11537,-37.92789075475748,-61.76444116888298,303
IMG_11538,-6.343411924714815,-41.47468688724061,22
IMG_11539,-28.284387433426254,-48.92855200267991,339
IMG_11540,64.19277648115053,40.52143432531341,463
IMG_11541,-2.5966410610582784,-45.79259475476914,902
IMG_11542,41.80182162598789,-3.6113074991053216,142
IMG_11543,37.12112958347396,-96.2641489459074,12
IMG_11544,4.24539313722147,25.68963736532669,818
IMG_11545,48.14549651296952,-86.67487834755713,500
IMG_11546,-31.868195520762832,115.04320061880992,615
IMG_11547,48.591928983544136,-100.50018906029938,663
IMG_11548,69.71591558438055,26.989813607427863,123
IMG_11549,59.87595763391698,-133.77998726139222,231
IMG_11550,68.88952823257983,20.484490533907547,736
IMG_11551,40.43699457801316,35.13188825195829,653
IMG_11552,-43.24948054721536,-75.22519323084151,573
IMG_11553,33.00344699902232,-87.58382865636821,54
IMG_11554,8.741173444531995,-13.491857499543215,335
IMG_11555,58.12397733568139,66.19679919964022,556
IMG_11556,31.896898526471432,76.55215568905703,511
IMG_11557,63.27871615247773,74.4778634992831,839
IMG_11558,40.66651575283214,34.62824424425207,653
IMG_11559,48.45758702475837,112.70821016235982,393
IMG_11560,8.495079089572286,39.10762497092139,192
IMG_11561,54.78190428703513,-103.20526507342528,583
IMG_11562,-23.809358263014744,28.2522902735376,10
IMG_11563,50.933141577887085,-96.51671619695722,448
IMG_11564,-23.51166770634495,136.84848675095282,850
IMG_11565,53.15399166060581,100.59002483271776,593
IMG_11566,63.07185125245468,-125.5144085941807,50
IMG_11567,51.41339336345362,26.227622180187097,383
IMG_11568,55.98738858631347,108.16276926924093,805
IMG_11569,50.45816430149836,-3.936884823028152,215
IMG_11570,-37.77076137305141,134.93528222948584,400
IMG_11571,-37.7250028964761,148.16135658211192,263
IMG_11572,4.992601966063987,-46.86656676156326,724
IMG_11573,59.96955520874789,23.788144620967955,166
IMG_11574,33.56770619573254,-92.8257504628495,918
IMG_11575,68.56885546423149,81.86889988344501,189
IMG_11576,1.963901903136389,-60.7758166299965,952
IMG_11577,-8.607194737797428,124.70716248683313,116
IMG_11578,38.28728471413547,-102.21993171512456,345
IMG_11579,58.61198213711046,46.42143207758568,586
IMG_11580,-23.021289766205072,-46.546391760906886,119
IMG_11581,37.72357694389336,22.935099087598644,655
IMG_11582,-7.780147942321122,-43.0103970861399,603
IMG_11583,-22.245585411639127,-70.84241889268974,801
IMG_11584,58.30464984741673,4.832068441765699,379
IMG_11585,35.16747957842813,-117.80930532233596,307
IMG_11586,-33.87151951431329,-64.99763567211457,664
IMG_11587,32.26446769477796,79.46915335254323,112
IMG_11588,37.45416503661183,96.98631121407236,138
IMG_11589,-1.7719187641808674,-74.24716138603591,676
IMG_11590,-20.51747411713019,110.646907553189,986
IMG_11591,49.76038564111002,15.401977560051478,477
IMG_11592,36.534878613354806,1.9182808310173984,213
IMG_11593,53.49126424141886,44.46999441286383,260
IMG_11594,38.98226864127992,-0.419233819884198,727
IMG_11595,52.50532658717705,-129.33164665695503,224
IMG_11596,-18.74812565747712,-73.06037328163734,416
IMG_11597,-12.390534305958113,95.72802652623136,65
IMG_11598,-31.58150153686157,139.38328118433049,312
IMG_11599,36.56180821485405,-105.1289590354038,345
IMG_11600,60.55222495582672,65.50888854939848,290
IMG_11601,39.97465643208631,-2.396292004786858,142
IMG_11602,-32.061076460563726,147.39873834197397,540
IMG_11603,30.13791352832997,-89.18002213722598,637
IMG_11604,54.74750522020713,-123.95801388257128,470
IMG_11605,-11.69319813521986,-51.8098806062757,891
IMG_11606,-19.48000676866471,-56.40031512236709,46
IMG_11607,-4.524294591546635,28.266377952034503,398
IMG_11608,35.94882584689388,34.12891916993044,173
IMG_11609,40.89572692166496,-102.61767724193854,885
IMG_11610,40.06867765033215,-92.24631267184014,188
IMG_11611,75.5684271203026,101.79209893387332,531
IMG_11612,-10.291408735267154,-5.728571982912342,135
IMG_11613,49.8176690592012,-126.0526275379486,982
IMG_11614,57.69626442750479,90.6867887968915,187
IMG_11615,-21.791524774284284,27.227164030636917,413
IMG_11616,-30.71897835349864,18.270553795497023,732
IMG_11617,50.91590477158297,-89.42989120511291,645
IMG_11618,54.8425445484487,7.165754151249132,363
IMG_11619,-13.12164265801374,142.3347434319328,193
IMG_11620,8.700665643919336,10.83384298985385,742
IMG_11621,54.83308476037672,5.135064104007881,363
IMG_11622,49.76120911372013,46.2465055343776,882
IMG_11623,42.972220311319376,97.96196863768488,287
IMG_11624,7.968382290842058,38.79680153314592,192
IMG_11625,41.52413792491439,19.959585867215964,436
IMG_11626,-42.38440113958082,-78.36732636052434,573
IMG_11627,66.36728256793543,18.86638113718587,807
IMG_11628,36.58076590222521,8.065968456194014,349
IMG_11629,35.502661792491494,-88.41134754133161,139
IMG_11630,-31.576334132326657,120.44565978134534,31
IMG_11631,-27.839797380403127,25.102407219110773,62
IMG_11632,-15.899169425727848,126.92999066915758,585
IMG_11633,59.67290980126978,-8.938913809813016,642
IMG_11634,45.368026526652216,14.50956235293262,674
IMG_11635,40.16530689976753,-4.15998269781781,29
IMG_11636,-33.544109263021426,123.58181489037918,574
IMG_11637,-30.910818879407188,117.5216232531502,509
IMG_11638,-27.361446283649165,26.90697290774565,587
IMG_11639,-40.81984759056117,143.87229978697718,487
IMG_11640,27.08050217048499,97.19301836649322,181
IMG_11641,56.261700788388055,-114.62231643990474,151
IMG_11642,46.87371421340316,5.5120783762895655,381
IMG_11643,30.905498115035783,101.87297884930985,333
IMG_11644,-27.43331593096713,28.749304181318905,587
IMG_11645,53.03407475357113,-96.6179123200616,448
IMG_11646,27.652499678521977,72.14085841642674,879
IMG_11647,42.17670843104372,36.0616128790698,152
IMG_11648,62.78270816095568,23.73043469478461,364
IMG_11649,59.18506144153821,-124.11703974654966,113
IMG_11650,1.5065028794442128,-51.94090959865008,94
IMG_11651,8.580463733313039,50.109193573676805,845
IMG_11652,35.78722828388338,-123.287243295621,257
IMG_11653,59.37435595618607,105.69108741550276,977
IMG_11654,58.76344535145333,-128.74206209534188,800
IMG_11655,62.79231255989606,0.7408266834374615,78
IMG_11656,-24.92524268276196,-49.74201220061474,984
IMG_11657,28.144472382495223,81.22681262733721,458
IMG_11658,11.195413967206946,31.5922383376942,803
IMG_11659,-32.10999855619738,146.90474774910558,540
IMG_11660,-18.896297128952952,-66.00926236632128,842
IMG_11661,-8.575773836514088,-42.18336743976053,603
IMG_11662,52.57509097036001,85.4570615061931,425
IMG_11663,8.159439281962989,12.169419337299416,742
IMG_11664,63.66353551919255,-10.698369655441212,365
IMG_11665,70.38187225844806,29.35571291965539,123
IMG_11666,53.900251381967394,-0.1624460362984336,16
IMG_11667,-22.58957499110588,-67.2968766088448,343
IMG_11668,50.13273567583829,24.3891286002127,383
IMG_11669,51.01366018097269,-98.68418042247208,448
IMG_11670,55.0420858653406,46.94641361249188,206
IMG_11671,51.00614633715398,13.576315216715583,477
IMG_11672,54.93786223665481,-132.7882071293142,582
IMG_11673,-29.545033474417608,-59.71398167550194,810
IMG_11674,52.30775927417381,103.78316013944772,930
IMG_11675,-35.713952677649075,136.24878229627302,400
IMG_11676,-2.989629924578452,119.22985518790114,204
IMG_11677,38.86599100370617,44.72906946852419,703
IMG_11678,68.44986540274687,-7.713229955629885,961
IMG_11679,30.992852820182463,114.11127569015878,434
IMG_11680,53.07850418497026,43.238798345197154,260
IMG_11681,34.10697509291607,-101.44501472478666,450
IMG_11682,53.07528564413414,67.71264162821242,564
IMG_11683,57.62146821350663,-115.88155799847677,937
IMG_11684,45.60140254825279,36.63799847052303,925
IMG_11685,-5.055857943271832,-63.82101887198699,745
IMG_11686,-3.655210581221155,-49.0239453432533,743
IMG_11687,-20.665736148660287,-68.91507915276077,51
IMG_11688,-39.95869282132366,-66.6012809911606,710
IMG_11689,35.93465043779349,23.006620635107907,369
IMG_11690,39.18788088484132,109.71596419585568,255
IMG_11691,-20.42327754856076,-70.59865722502113,51
IMG_11692,-25.23219624823936,-130.0196759581439,88
IMG_11693,-4.655175526770051,-55.92464123340328,456
IMG_11694,56.90109728685738,-119.27511192273376,937
IMG_11695,-17.373233204729786,-49.25487484838544,869
IMG_11696,49.320053814746274,99.14492439537776,963
IMG_11697,55.39263622236098,2.015836815410495,488
IMG_11698,-41.61353776030074,-73.02507379620535,573
IMG_11699,-8.910787332124613,-70.20915883955256,459
IMG_11700,6.864546027961239,95.61929110311678,661
IMG_11701,39.40219842537232,11.571585710127296,489
IMG_11702,64.95310329382815,66.1556325683294,584
IMG_11703,48.48904670664092,-6.23246147391859,437
IMG_11704,47.80281508926527,70.57349021874262,336
IMG_11705,-8.398290451306394,-82.00871433457979,273
IMG_11706,-18.03478710231485,166.77604831427442,537
IMG_11707,-24.948608433793662,-44.19445067712186,721
IMG_11708,-33.37031886089514,-75.16414126521549,979
IMG_11709,10.716354425035348,147.4797310777583,186
IMG_11710,65.64191360831413,33.35280003027481,75
IMG_11711,53.61789224731135,-126.24622283122528,224
IMG_11712,-15.197807838308108,-34.52742474014417,588
IMG_11713,38.13977973957009,17.80720849896582,849
IMG_11714,68.41779709490294,77.60650783814435,431
IMG_11715,42.69476524484065,23.87884206331512,342
IMG_11716,-5.871476673175323,-61.72305384840797,745
IMG_11717,41.09455605281275,10.439050073400068,489
IMG_11718,-5.46930565488762,-47.466828167407584,352
IMG_11719,-19.88466993945445,-44.607719547914144,601
IMG_11720,62.47327136233764,0.9356466941786152,78
IMG_11721,-26.22026749082645,150.67362573773266,280
IMG_11722,56.74356885489112,-109.25452200367044,417
IMG_11723,41.89981371189901,43.24394968745014,25
IMG_11724,-7.700809115924784,-37.510330270672114,557
IMG_11725,45.70420029183845,113.4969568554182,393
IMG_11726,43.633840694878245,80.57665464561336,299
IMG_11727,45.35574416266047,-123.2371307050512,639
IMG_11728,68.27409253392591,-132.76819784897384,406
IMG_11729,2.1637825622190974,31.246865311688996,240
IMG_11730,39.798782539298855,8.157899601797453,489
IMG_11731,58.46005127025717,-92.83862648668668,172
IMG_11732,-1.9104378396140191,-48.15620013255855,168
IMG_11733,62.06905376483471,75.39352183309612,435
IMG_11734,2.5863088567031127,-78.72172927356618,169
IMG_11735,27.38793609909781,79.41922802498681,24
IMG_11736,-32.27268763189967,136.56694556303825,773
IMG_11737,30.205898344097093,-107.24242038588535,725
IMG_11738,-9.272717735905132,-45.39920301922558,163
IMG_11739,29.845186128762226,-100.5647788697002,205
IMG_11740,54.055851092031816,28.56439864247696,960
IMG_11741,30.33590071822094,-118.52385953050624,976
IMG_11742,35.88205429330196,-101.03625189737622,632
IMG_11743,37.84178413614802,36.02895652137624,99
IMG_11744,53.3026710198001,12.402495950786316,644
IMG_11745,38.193985981665634,35.135407401641544,99
IMG_11746,-24.8536862540808,-70.403196261859,633
IMG_11747,50.39965945169072,81.5764205856122,496
IMG_11748,40.22689086140937,7.062363255273226,953
IMG_11749,45.96905103945437,91.81447819780033,37
IMG_11750,52.57393873957756,46.21004488051656,260
IMG_11751,7.791772504610776,50.75478204770411,845
IMG_11752,69.50680254460042,-123.7503577783012,923
IMG_11753,36.15463481130045,-90.8321529596245,911
IMG_11754,-24.167298205162083,132.0062165413973,271
IMG_11755,-25.63515988173839,26.711085934660645,629
IMG_11756,59.58048069716301,26.41400672913204,368
IMG_11757,32.916273724984194,-99.521351444743,822
IMG_11758,-7.810908435087484,-40.096495254931824,557
IMG_11759,40.242808793510704,41.0169470515088,717
IMG_11760,32.02552099856361,-95.21539952312716,127
IMG_11761,47.957987436115616,1.817553589540239,334
IMG_11762,55.72827016808634,53.10101003953213,514
IMG_11763,46.57693482432046,37.84881353583717,700
IMG_11764,61.39369114013584,-117.78777914134548,276
IMG_11765,40.12679272259777,-121.90328035147436,970
IMG_11766,-28.69305237660677,18.985210722206176,314
IMG_11767,55.04166236851941,31.791763194223705,960
IMG_11768,39.50194551700889,-92.75394175754391,293
IMG_11769,8.812030084834603,37.71592266843953,192
IMG_11770,59.05119158893564,-11.384260473163408,642
IMG_11771,-19.611063170721337,-45.561590519714514,777
IMG_11772,64.73504174929238,24.09670064896713,503
IMG_11773,48.94341433240629,39.64642875602445,372
IMG_11774,-11.062273086947089,-74.41578684678356,558
IMG_11775,48.85583273220334,-101.76081711863269,663
IMG_11776,68.91456388811682,32.09213091891718,933
IMG_11777,-31.13174715060073,22.023578696955127,957
IMG_11778,42.78554315155077,-112.0314151468276,973
IMG_11779,59.49333685215291,-1.439084740784466,766
IMG_11780,50.88344617824782,81.4900641674339,496
IMG_11781,64.78431151650284,-121.39679427361772,820
IMG_11782,-0.7014643903756621,-32.68676608764412,167
IMG_11783,61.00470019930708,-116.05892262453284,276
IMG_11784,60.72493487185139,-122.0875894035524,827
IMG_11785,40.79043215492808,2.4441372105966934,607
IMG_11786,33.73862695537974,-102.76235445700937,137
IMG_11787,-29.152427715437568,154.5967067021307,636
IMG_11788,-21.176519783755023,-55.91124223840386,46
IMG_11789,10.448903280890846,146.15369725893902,186
IMG_11790,49.870931860822594,-103.46529432760258,302
IMG_11791,54.68752143537307,0.2387817420511737,488
IMG_11792,61.17123427430124,40.16123920672669,195
IMG_11793,36.99931502981025,33.64583328570296,230
IMG_11794,62.1895162948841,46.92528350559013,677
IMG_11795,59.96672706258019,30.38451440931911,57
IMG_11796,49.8449164991585,46.88468402307527,882
IMG_11797,31.463091239622457,-89.89384215174317,637
IMG_11798,31.996968938152705,98.89741317957822,333
IMG_11799,-27.404143377980105,-51.317904200205135,545
IMG_11800,59.07041548467265,45.57718123801391,586
IMG_11801,52.69103064523404,89.9774509983306,246
IMG_11802,63.26628234224154,16.73088909286119,21
IMG_11803,51.49132814013515,67.79441401635646,564
IMG_11804,40.225840856760186,-118.9555025726295,854
IMG_11805,63.91987823999793,6.764652553578202,791
IMG_11806,-9.44650676426494,28.959428990049275,544
IMG_11807,29.996419515172448,75.31749990869889,511
IMG_11808,-8.031283832549533,-49.14875006918817,72
IMG_11809,44.95872808984967,7.443614250074859,686
IMG_11810,68.64661885537538,-133.54711125747957,406
IMG_11811,41.13231670178413,23.441830221210097,342
IMG_11812,64.09041836183096,17.676212467862456,21
IMG_11813,10.911268526879027,7.770370680275533,427
IMG_11814,57.994426522656624,95.26447421979094,20
IMG_11815,70.94110060738387,32.69098775500345,933
IMG_11816,32.99744930908196,-100.2615152704506,450
IMG_11817,42.76701281346749,-124.2658850871988,150
IMG_11818,-29.650694304542867,-55.55276072149577,155
IMG_11819,44.81448385374887,19.0343212449518,374
IMG_11820,39.06530730943564,-2.2816766636456407,727
IMG_11821,67.02059417752989,23.57983696610228,503
IMG_11822,-35.547981168974765,117.26688993244886,890
IMG_11823,61.72735673992753,-115.6380247632167,561
IMG_11824,54.3933925856652,-122.4522058390795,536
IMG_11825,68.21021097983532,83.75308426794413,189
IMG_11826,39.34295054252382,82.04104701618712,909
IMG_11827,52.59777126090137,25.88555523657709,176
IMG_11828,70.66713216584259,-125.82308467363734,923
IMG_11829,-12.879334970516211,164.41097703990715,330
IMG_11830,39.37060014067441,1.5872943920977605,213
IMG_11831,45.67409671675199,24.431285473421383,950
IMG_11832,-24.10959140019598,108.82812008586666,660
IMG_11833,-22.12325078947052,-67.63152964988811,343
IMG_11834,54.70840961897164,-106.83183293186656,417
IMG_11835,-23.652641676369143,113.04688836288392,146
IMG_11836,30.448889520761,70.23152956892653,729
IMG_11837,50.072583220756826,-108.17913504668287,641
IMG_11838,59.934637962342606,5.89211636526548,505
IMG_11839,11.839893900835676,40.181054942758095,251
IMG_11840,42.58010858688328,92.98258109189028,512
IMG_11841,31.293960928334712,-111.9604056288696,225
IMG_11842,-22.680549534459487,-64.47295023879552,910
IMG_11843,-26.196831559648217,22.14021808927555,466
IMG_11844,52.87167163123601,84.89021310650867,425
IMG_11845,42.90662298536654,-99.44434209351571,175
IMG_11846,28.765674938045947,-89.36451984004549,563
IMG_11847,-30.63689320970225,138.5524383745456,312
IMG_11848,11.354766822544818,38.386510702129954,880
IMG_11849,36.85114866148706,38.5077437418027,889
IMG_11850,68.2667984127632,23.684315064282917,680
IMG_11851,-0.1180197868032451,-79.10409395909177,741
IMG_11852,-24.59894052523927,-59.566899692611855,815
IMG_11853,43.35802377776725,-7.840319429811899,209
IMG_11854,-22.185044740635234,25.852432552939007,886
IMG_11855,44.62203763932536,8.485743386913754,686
IMG_11856,48.37087117436067,-109.52869949223404,821
IMG_11857,-2.4071433395425856,28.83398941504055,904
IMG_11858,67.29944721604744,71.95125319786956,584
IMG_11859,-20.441625644898465,144.66775567355984,871
IMG_11860,6.407659446241411,12.328843401354275,84
IMG_11861,32.33359154182506,-114.47429371047116,819
IMG_11862,2.524132181056814,125.75290405741094,936
IMG_11863,-33.81662541453139,146.0704240415921,857
IMG_11864,64.63637981806761,41.091995710817855,463
IMG_11865,53.55569853320338,105.17244699606124,669
IMG_11866,-3.8790123520925306,13.954912883110978,652
IMG_11867,41.36337554315213,99.80352502118842,883
IMG_11868,60.09783210130678,30.682058853749112,57
IMG_11869,40.537264071825234,-111.48571056095857,408
IMG_11870,38.85963458774506,-87.48530014451228,404
IMG_11871,64.0924175289486,32.17525164896034,288
IMG_11872,49.2810567477361,80.41712989653689,496
IMG_11873,53.55640985063917,33.293108940600064,131
IMG_11874,45.083726547022906,5.26536182784497,686
IMG_11875,4.2453834495594265,34.645028354194835,825
IMG_11876,69.14041304663272,-127.01512239720904,162
IMG_11877,-23.319141054080436,133.6085920195169,271
IMG_11878,-26.89579342266776,26.389000348370985,62
IMG_11879,51.80513749614886,-98.8636457899689,239
IMG_11880,44.414926223369264,2.1556387755458104,757
IMG_11881,-1.195852542943399,-39.51499129190785,421
IMG_11882,26.56337053767785,88.35615993336904,697
IMG_11883,-40.08901572598259,145.50970354344776,487
IMG_11884,-38.02527314327956,-59.95347525063434,303
IMG_11885,50.51761059215698,46.38137398383879,882
IMG_11886,34.707921878577096,-111.00937122558616,591
IMG_11887,42.97728044344447,15.560342040510562,955
IMG_11888,38.10555739159534,-121.55860196479875,499
IMG_11889,-0.5053990047252626,29.498855789832447,4
IMG_11890,41.66262283603612,22.624292608662078,342
IMG_11891,-42.082780348104514,-74.3169259864697,573
IMG_11892,51.85110203852673,5.465127151929124,824
IMG_11893,-27.02177040022005,-49.27273589102103,339
IMG_11894,0.789995363669405,-80.2669805295796,169
IMG_11895,33.56312053882266,-86.60857632891185,54
IMG_11896,56.567816295642245,-124.89506229788849,470
IMG_11897,-1.990194638016817,10.418147465312302,652
IMG_11898,-3.0421026776451896,15.825144734646528,652
IMG_11899,54.86483800827136,-9.97085203325952,125
IMG_11900,-22.505792476882817,-68.80288271037206,801
IMG_11901,56.073033828721634,20.58292654993511,646
IMG_11902,-28.1046332250518,-66.20587342379986,114
IMG_11903,42.55356436874831,113.46120644047596,6
IMG_11904,43.62157981139791,113.0722915853101,6
IMG_11905,44.16954546096167,-95.94522886971244,376
IMG_11906,-17.73622926185729,-50.09033400365885,969
IMG_11907,66.57394419342671,21.908642651709076,503
IMG_11908,53.74960824023702,-86.7261271798829,361
IMG_11909,-3.488375762667715,-52.50347405936749,737
IMG_11910,58.553764854092805,-116.79500237605134,937
IMG_11911,30.45681396250987,113.62632276650294,434
IMG_11912,44.98443427939969,16.227323178316567,374
IMG_11913,48.590983287687095,29.927810166425218,688
IMG_11914,-16.421968587398013,24.88054096643233,426
IMG_11915,-46.076340419085305,166.48193741703346,232
IMG_11916,65.73464616001081,-126.840236709884,735
IMG_11917,-4.903121819896057,123.17478096729737,204
IMG_11918,6.740671507329495,39.08511264925818,519
IMG_11919,60.573899063697525,44.69081033754486,677
IMG_11920,49.4467523887179,-3.8017455610414,215
IMG_11921,43.75108282937032,-2.0471501388412605,362
IMG_11922,-4.599873336090312,28.821399175004014,398
IMG_11923,-18.530836167732204,-74.04379523591206,416
IMG_11924,51.73336700068651,102.70136864849228,930
IMG_11925,-27.538351887611935,23.79315401744984,466
IMG_11926,36.70444032588628,-10.217209484830336,457
IMG_11927,47.66622766640509,15.82977432783872,201
IMG_11928,-19.340604349626915,139.32754460307842,709
IMG_11929,-27.41271532483021,29.176304613958365,235
IMG_11930,28.044539522256,-97.32278005266588,384
IMG_11931,-0.8098620593319765,27.25391612084041,904
IMG_11932,40.28846490885888,-112.70864205070322,300
IMG_11933,-32.530460725019694,145.63855222465872,90
IMG_11934,55.80975295366957,-121.11423900193812,380
IMG_11935,-17.53762787278778,-53.31841846159287,221
IMG_11936,45.26844606241292,-93.05483702580116,567
IMG_11937,-29.13991754118396,-49.55372832531992,545
IMG_11938,54.14559833034133,-115.37315156871962,40
IMG_11939,-26.470519086957964,50.91431104092203,789
IMG_11940,2.6073530067092463,-59.70453202415953,952
IMG_11941,45.617802876421024,112.42291496975594,938
IMG_11942,-5.330204164658056,-50.09997340241623,804
IMG_11943,59.33399341147998,36.85987111429185,734
IMG_11944,2.1718974280900056,-4.139292443622708,444
IMG_11945,-30.624833694440355,-63.63893317535764,881
IMG_11946,10.1322165106654,39.722993685683605,880
IMG_11947,40.86083619561461,71.16209205193968,834
IMG_11948,-26.964552370949136,19.94183253187157,314
IMG_11949,-10.215540427726664,-78.15719379509666,0
IMG_11950,-29.24489226172764,-61.62202366142276,683
IMG_11951,33.596980521914475,39.46455217955321,889
IMG_11952,-21.3650416310077,27.77453755293357,413
IMG_11953,10.640853746774836,15.317543776570917,325
IMG_11954,37.50941031214788,-8.686120174524405,457
IMG_11955,-31.59628542240111,114.88856945590123,615
IMG_11956,-19.995625739621545,25.917698780770397,219
IMG_11957,65.78519717200186,16.986182019574613,807
IMG_11958,53.14095786510785,-126.583931911087,224
IMG_11959,-4.077476536226754,28.041164707138226,398
IMG_11960,55.38353686827955,0.537378907490563,488
IMG_11961,59.32934865395535,8.323664266849164,379
IMG_11962,38.43840118372589,68.61249091961452,80
IMG_11963,43.72758126440439,6.042223160789035,686
IMG_11964,-5.623965489492392,116.1312271644631,956
IMG_11965,48.52244620401916,17.956225813621387,605
IMG_11966,49.49145487314317,-119.87738405595304,242
IMG_11967,48.38230164438011,12.667670002746007,628
IMG_11968,-23.101649928994235,119.09141358971038,454
IMG_11969,52.06272795116084,40.40395951796964,59
IMG_11970,60.5767220047378,74.65337822934822,435
IMG_11971,67.49754685515398,26.96761393076477,680
IMG_11972,38.20072213769558,14.273111492010344,5
IMG_11973,-23.373261980663727,145.2167675715266,507
IMG_11974,70.44303620452803,20.87378790721664,297
IMG_11975,-21.86304190563089,25.700068675442708,886
IMG_11976,41.04454563652581,32.17815111295113,308
IMG_11977,63.5498541821197,-103.96079120960933,823
IMG_11978,-10.23056414533437,118.96710913120108,797
IMG_11979,64.55457352139996,23.853003050653,364
IMG_11980,-27.253869894890705,150.10737959661225,280
IMG_11981,45.10825881328711,-112.3988229857338,198
IMG_11982,-16.678161439196828,144.89546189886852,606
IMG_11983,11.125918814977013,-4.177095112636181,830
IMG_11984,63.06707025888432,45.25102266317708,154
IMG_11985,-27.70457976876827,-52.0387979257315,545
IMG_11986,50.733204234122354,107.35121029834043,158
IMG_11987,61.42353851523876,-116.15402628185552,276
IMG_11988,54.8910249227018,-130.290909743554,582
IMG_11989,43.31621799043768,21.965006937436243,695
IMG_11990,32.00331052298901,76.6819819409011,511
IMG_11991,-24.82018110030667,143.87770084993224,348
IMG_11992,-5.681037300488328,-44.94487972274717,657
IMG_11993,42.91247440548168,100.43667481758604,883
IMG_11994,-35.494523714786055,-74.06544104134794,223
IMG_11995,64.74771512483818,-122.97586917409308,820
IMG_11996,-27.87515488216636,-59.52757450375448,533
IMG_11997,56.74895177389226,30.104796950385776,451
IMG_11998,46.79878327265865,-100.23228788501964,281
IMG_11999,-15.665743946828542,26.21411695444576,647
IMG_12000,45.09959993379334,35.36943925189587,925
IMG_12001,-14.609330402286872,-42.19457821033444,66
IMG_12002,-21.660834121406253,-63.91052491196804,910
IMG_12003,54.7394689926393,-101.71938743704813,583
IMG_12004,29.810767434229646,-98.16824861267506,893
IMG_12005,-31.35619713087356,-69.71858070957582,577
IMG_12006,30.32617322793408,82.27793270960723,458
IMG_12007,27.797426505772123,-97.49431301173078,384
IMG_12008,51.92071438847631,18.34568292694169,623
IMG_12009,-10.730881954774006,28.5809033879564,63
IMG_12010,47.78175087090162,25.748718572922822,692
IMG_12011,46.802549487560015,73.50100678156866,974
IMG_12012,-22.40784089724528,26.278400550956174,886
IMG_12013,66.39634841837767,69.08863302912158,584
IMG_12014,59.871611406593786,27.170321188382587,368
IMG_12015,48.874384598470925,-95.18401459130052,693
IMG_12016,55.37752128580962,70.11906510209775,465
IMG_12017,-10.679245174605825,-147.58543471910937,486
IMG_12018,75.9579129990988,84.45401105119038,896
IMG_12019,44.64730270846695,94.99757819361533,37
IMG_12020,52.13929602724437,46.275810680046106,260
IMG_12021,-11.058356478295424,-44.70577056974531,702
IMG_12022,-26.47302064699076,27.689744557205277,629
IMG_12023,40.23302685917105,76.15154428093314,518
IMG_12024,37.93863171872367,103.94158392938454,443
IMG_12025,42.97602749227326,-126.88566466355748,150
IMG_12026,36.17938434143163,-87.92183435312259,139
IMG_12027,56.96458702063583,-122.72164010585256,113
IMG_12028,-19.80040667402412,-63.180579669143015,143
IMG_12029,31.81135951310779,-107.254217160577,613
IMG_12030,31.33567258423893,-93.82982793382403,89
IMG_12031,59.2792343307238,17.761562870539365,354
IMG_12032,48.54924261064775,22.1640241060266,860
IMG_12033,-11.160964896337418,142.16448820756796,193
IMG_12034,-28.185359078999863,141.51411493546811,643
IMG_12035,9.88118715277777,29.15022768330681,594
IMG_12036,37.76374616488151,-108.91175312489057,722
IMG_12037,-37.25045517636135,-70.22006718369362,999
IMG_12038,11.550675365116405,-60.75797429244673,508
IMG_12039,-27.612632174426068,-55.749056828202725,602
IMG_12040,31.79956881578784,104.29597826232168,705
IMG_12041,26.506494258725557,-99.09209666242128,384
IMG_12042,58.63102708657999,30.62354881885005,962
IMG_12043,53.67126903472735,-124.35548955940904,536
IMG_12044,-19.462561915175115,-41.46454723498351,106
IMG_12045,33.57115413139738,-95.7148508923017,327
IMG_12046,-15.390823644622856,140.1838868024971,469
IMG_12047,30.301796133311967,-114.53692860768618,178
IMG_12048,68.00215051351344,37.76346685825223,494
IMG_12049,-5.004867194462932,115.5073120803716,956
IMG_12050,-27.763168453493734,-54.8894311352135,602
IMG_12051,0.6544474441083423,-73.26561442648153,624
IMG_12052,44.98705785778765,-86.34982018880928,397
IMG_12053,37.31181534649269,29.867241077982868,892
IMG_12054,39.91802135823946,-110.8965110140545,408
IMG_12055,-20.89831251166005,135.6324417056838,161
IMG_12056,-19.573697168068648,-54.38072929080518,575
IMG_12057,26.852560209345768,75.97912244084307,268
IMG_12058,47.26176715273914,43.925264290220525,750
IMG_12059,52.54782228534998,33.91466581277064,604
IMG_12060,31.557977545261508,77.13402778680722,112
IMG_12061,-13.768403300139028,139.9448132988039,954
IMG_12062,-23.62104735008636,139.53924458346393,850
IMG_12063,-7.09966191698922,16.506056538313914,780
IMG_12064,55.93335144365204,-97.84486967726662,491
IMG_12065,9.544323094320262,2.8581742145329088,929
IMG_12066,45.060879062530034,64.53438251713175,739
IMG_12067,29.65531715389764,75.88124184545845,511
IMG_12068,57.9338029779048,84.96886782386792,373
IMG_12069,52.12738191826631,89.90962749357311,246
IMG_12070,53.72323177756513,10.254397156261431,644
IMG_12071,58.0342881938854,44.59008883545607,921
IMG_12072,-23.625842653036077,27.009053565577744,10
IMG_12073,30.06362392247192,-113.29324192872636,391
IMG_12074,-8.22298458271132,13.596795766868638,220
IMG_12075,70.1546693782094,65.29722267800088,965
IMG_12076,70.02011338617257,27.094947434637906,123
IMG_12077,-3.8940810079726313,-58.54050664946345,840
IMG_12078,57.57463133607456,65.18713758846718,556
IMG_12079,36.24160623189084,-10.170220194520397,457
IMG_12080,-0.1742331304360931,-68.07593645374948,619
IMG_12081,30.738927947384923,-85.94463062332414,234
IMG_12082,46.307477583600814,-124.17267884580032,639
IMG_12083,-19.143272521348777,132.20183597021344,161
IMG_12084,1.2860985512750176,-64.34190547489106,111
IMG_12085,58.54673248141125,37.324510528504845,734
IMG_12086,29.64834024777372,-107.9358592697667,407
IMG_12087,44.019802075021005,-10.743301613538534,209
IMG_12088,51.20030047291169,46.99583612017318,882
IMG_12089,-26.300537080821847,25.870953809287613,62
IMG_12090,27.04041183452864,87.01051066673926,697
IMG_12091,32.717617311660945,-86.49672873506245,54
IMG_12092,32.45759424695608,-94.25376972420852,127
IMG_12093,42.78939928956686,33.60985608471398,152
IMG_12094,61.34824562653168,70.07263860278908,104
IMG_12095,34.82582623280443,-118.08698320447331,307
IMG_12096,-25.80870769696608,27.79285126387714,629
IMG_12097,43.448231613155485,-7.96447943345845,209
IMG_12098,-24.528148128728148,13.480985889382254,43
IMG_12099,49.8764362526116,28.75831324755532,688
IMG_12100,-33.72230457624843,20.716218442912947,110
IMG_12101,68.33696113741388,34.17104617170668,494
IMG_12102,-24.11114577485634,144.57685899032333,507
IMG_12103,-39.97519883655676,-73.1432093601165,395
IMG_12104,46.15781658803763,94.7516049672829,37
IMG_12105,40.43564157914324,68.26083433064278,80
IMG_12106,35.94194569737199,-94.22385752172188,12
IMG_12107,-1.1389371163544697,28.791037351479247,4
IMG_12108,43.69865190674844,42.723109736992285,418
IMG_12109,47.34466200563583,96.22270480423532,316
IMG_12110,-39.96652163209663,-75.85226052072478,573
IMG_12111,52.78999059424547,102.58298035291516,930
IMG_12112,63.6779075199841,24.48564701367252,364
IMG_12113,53.30377902261574,-114.236817985873,351
IMG_12114,42.3570674142392,-91.69912291808184,188
IMG_12115,-21.636054563185866,25.502360305173568,886
IMG_12116,66.30443070619862,81.16540848441377,746
IMG_12117,-0.7073290422384275,147.81276799454906,389
IMG_12118,55.72190021574562,-131.71331739077362,582
IMG_12119,-32.567104391145065,145.7496854328757,90
IMG_12120,61.264589104609286,78.21807033155687,589
IMG_12121,32.845710562491774,-94.12262861592215,127
IMG_12122,-41.22105462148573,-71.73485345060926,109
IMG_12123,-18.279603330229065,60.08635126688216,541
IMG_12124,38.92968187825758,42.47765219433825,703
IMG_12125,45.10924298063162,-119.7386822148394,19
IMG_12126,36.60907424041039,-109.37978158173036,47
IMG_12127,-24.533627730848124,151.87511321393083,689
IMG_12128,10.259656842682377,45.02769994781394,862
IMG_12129,64.6156461329249,21.98330839943455,21
IMG_12130,45.375460497596805,93.17094213552122,37
IMG_12131,40.84782723371575,-1.5126122573586829,142
IMG_12132,58.18490240500381,85.28552843524528,373
IMG_12133,48.1796087043638,43.46132214897708,750
IMG_12134,-16.440837180902946,28.83969791696313,947
IMG_12135,-43.942610322301725,-62.25380452737103,939
IMG_12136,50.89312632075573,-116.59472810680704,650
IMG_12137,2.400867512683874,-52.0487775207711,94
IMG_12138,-1.6395051589963143,-8.927086428334405,309
IMG_12139,44.775444513290495,-91.70740070471088,567
IMG_12140,-30.61979523877858,135.9805156529103,513
IMG_12141,3.1759437227956795,-74.15031456025591,282
IMG_12142,-29.19702047663175,153.68994197414122,636
IMG_12143,-2.7291569580965955,-84.09945198053452,370
IMG_12144,-2.1254976275753847,28.190947145146595,904
IMG_12145,-35.35258681140298,-66.16476675406132,664
IMG_12146,49.65443775615793,112.81741807389233,393
IMG_12147,30.442010731510635,114.02772462868006,434
IMG_12148,-15.265181837902546,15.512972008102023,808
IMG_12149,51.77994433443453,-108.29043742987466,847
IMG_12150,47.61870360677665,75.28352435431651,14
IMG_12151,40.76519823420338,76.83967247765355,518
IMG_12152,56.17749057224154,105.0382449976617,805
IMG_12153,59.44073391765667,5.761950407859501,379
IMG_12154,47.32548995537397,-3.029355910895248,534
IMG_12155,2.3770360409657485,35.74491195393887,825
IMG_12156,42.44917306978334,-88.45927758057798,32
IMG_12157,55.22650575312048,-100.86607366269314,583
IMG_12158,-22.552064998775748,-64.78443588019388,910
IMG_12159,-3.1948224618583083,27.50753424477628,904
IMG_12160,-19.43981916623862,37.60080703517269,326
IMG_12161,40.3137304791596,30.776045237354907,308
IMG_12162,-17.266898638813387,44.25703052157067,326
IMG_12163,62.84568561675383,30.261620725019892,288
IMG_12164,36.13169766939801,44.18434104977291,329
IMG_12165,-5.340130995165822,-74.89538678596227,888
IMG_12166,43.34157689887292,-89.61427801866003,32
IMG_12167,-15.70133845404807,-50.35206375862788,869
IMG_12168,57.34268438661775,92.32565371363864,187
IMG_12169,28.137440574696317,-106.32259241902295,725
IMG_12170,52.79093198943903,25.45116398543752,176
IMG_12171,-36.66533737348854,-58.511956385944615,527
IMG_12172,-25.77824144762154,-53.861293706414216,233
IMG_12173,-32.94899240995541,115.58212848270102,238
IMG_12174,60.354585997347726,46.06588608118085,677
IMG_12175,58.27114534015146,-130.62476466157892,800
IMG_12176,70.09025017293808,24.301282632591267,123
IMG_12177,32.409648852436376,-94.72947021092888,127
IMG_12178,50.810097534653664,34.009833804501795,828
IMG_12179,37.19828059146482,110.75627911586793,255
IMG_12180,68.36079416189932,17.597186290811976,736
IMG_12181,65.16131068975412,39.25654255029863,463
IMG_12182,-1.562296522809547,125.86971556701934,611
IMG_12183,-8.815101990307852,-70.92019362080944,459
IMG_12184,-21.454462820664048,27.48741890342987,413
IMG_12185,-12.723181107287246,117.69722551706116,522
IMG_12186,54.68332979010262,29.40851427541384,960
IMG_12187,32.42180134777914,-114.62710446341578,819
IMG_12188,12.155471108105942,39.26732668546168,251
IMG_12189,39.109681690417176,43.18133122544782,703
IMG_12190,52.73738850309792,-100.873624828692,239
IMG_12191,-31.6342322127295,-68.83942928898176,577
IMG_12192,50.20346725616611,5.799349594981237,946
IMG_12193,66.50463009973339,-131.97819324493543,406
IMG_12194,48.40327489308734,3.062787427095145,334
IMG_12195,37.77372977698512,36.37647542707873,99
IMG_12196,-42.92929377263556,150.17068484493188,906
IMG_12197,39.472971901730745,105.9137845066914,770
IMG_12198,42.17689134536931,-124.76016145516346,150
IMG_12199,11.708846097061866,42.758115818782414,862
IMG_12200,53.22343306124708,-9.965659838877144,912
IMG_12201,-4.009698154081576,-50.63648597687365,737
IMG_12202,-21.53901056130279,-69.20894470557485,51
IMG_12203,-30.86261312637491,-56.96860872507078,155
IMG_12204,42.8576838724554,-7.785159520303807,209
IMG_12205,5.736921438520085,3.618724532309386,555
IMG_12206,-6.034045594865546,-51.61781858153981,804
IMG_12207,3.351393440622473,-39.48718345893528,421
IMG_12208,-9.312480759990407,-54.80370308307019,975
IMG_12209,41.87275708494525,-0.6203516907053483,607
IMG_12210,1.9956146600736415,-62.20022414147046,111
IMG_12211,48.1343936669349,88.43510677004718,449
IMG_12212,58.2642838774492,11.682596664805828,779
IMG_12213,66.02725687746118,8.360134936804712,199
IMG_12214,45.38898958120819,24.091014014998308,950
IMG_12215,67.94430804232056,21.19370539176288,736
IMG_12216,60.095259814030726,42.71041594427882,195
IMG_12217,49.63380515314634,-86.54580783271678,147
IMG_12218,-29.11368513662812,-75.25078256173936,174
IMG_12219,46.1948359894985,-90.48196392658896,501
IMG_12220,55.65981636910348,4.531574373725675,837
IMG_12221,8.114287430178962,37.9352162570145,192
IMG_12222,40.31037716446275,18.878680845170265,436
IMG_12223,61.389514538676224,77.42326133406038,589
IMG_12224,-15.935913693132504,-43.74692777295502,66
IMG_12225,53.12176658141794,4.483061318059782,363
IMG_12226,56.88372342208248,-132.5200262713502,582
IMG_12227,-6.878172809093115,-52.73652120836593,804
IMG_12228,3.767799407794598,5.707772305080937,868
IMG_12229,51.33419410798592,41.96133199694199,794
IMG_12230,55.23463771677714,100.73993184682018,226
IMG_12231,58.39890122550216,13.558163125076677,779
IMG_12232,-18.600050637177247,-49.55048534089312,969
IMG_12233,54.16122635556158,79.95493217456385,140
IMG_12234,-4.905460033638093,-75.23340266328674,888
IMG_12235,11.209051460735196,-13.328001180191563,942
IMG_12236,70.73366141977229,67.13752276956271,965
IMG_12237,45.7918520944101,-104.17701031448512,993
IMG_12238,12.7430478915186,-7.864321031128355,124
IMG_12239,-2.652005172211034,-43.65627786676299,277
IMG_12240,-43.74735039230819,-66.43300856798837,269
IMG_12241,47.07188302240664,-93.14421005157092,108
IMG_12242,33.18537334674403,-88.25126976987974,54
IMG_12243,9.318592773074071,-85.23331832530911,718
IMG_12244,45.16176082337776,-114.34368006026384,609
IMG_12245,43.10836286165437,-85.24028679177846,608
IMG_12246,6.823130947999928,38.18790854890901,864
IMG_12247,8.357919523970253,40.654298379938325,754
IMG_12248,41.87781462738354,3.545569302552167,953
IMG_12249,45.19787516651388,24.90075957791788,950
IMG_12250,44.4374798536918,79.77042561068112,299
IMG_12251,51.59633530846372,111.38912584511117,254
IMG_12252,47.95147246472732,35.21026393124879,262
IMG_12253,-6.101731015407864,-43.4095225718408,657
IMG_12254,43.8955392719198,-91.6323765457769,567
IMG_12255,-16.976888180649865,-63.318709931861946,715
IMG_12256,4.74972385366263,117.6607933862054,311
IMG_12257,42.46144519423137,-86.26550643580774,968
IMG_12258,-12.414550847415128,142.43383274746714,193
IMG_12259,39.14117552633817,109.31637680897175,255
IMG_12260,51.71699363239432,-0.260032805306281,919
IMG_12261,35.64761025104673,-97.91549868173932,327
IMG_12262,48.02560998731843,-119.0284644032603,242
IMG_12263,56.70951681662342,-114.968785451151,151
IMG_12264,11.808121292525485,-6.558724495090615,124
IMG_12265,0.3316843770163018,29.139891349351103,4
IMG_12266,51.24012066392768,-102.11729228307564,663
IMG_12267,7.157579888151133,117.74879963498483,311
IMG_12268,-12.404363111100963,-56.688828168086246,306
IMG_12269,-37.95940458197566,-71.6075750553266,682
IMG_12270,13.16770932167627,-12.530317530343552,942
IMG_12271,41.96613116057625,-0.6210109260665035,607
IMG_12272,-22.837131609037414,-44.783368253111405,284
IMG_12273,8.618213057707521,9.730789182673362,566
IMG_12274,-4.194383762576891,-33.61476845412787,167
IMG_12275,67.4718022554836,-126.23358341106209,735
IMG_12276,-38.44113192560128,-64.2154521024689,772
IMG_12277,50.33901831000537,46.31871523257962,882
IMG_12278,-23.680989025832474,-70.48774198292193,801
IMG_12279,60.45199411771324,-1.5835619814307904,766
IMG_12280,39.22616127360442,-92.5368673286148,293
IMG_12281,40.06041018705304,-119.36650955228971,854
IMG_12282,65.05700743802498,72.51441997403509,48
IMG_12283,52.58322845736734,47.99655536369491,475
IMG_12284,-24.27988122120972,27.522628506292904,10
IMG_12285,55.34459303249304,43.8466924505646,206
IMG_12286,60.02795909258259,-2.207689270189121,766
IMG_12287,41.8366445136902,-91.04171487513317,188
IMG_12288,40.96177718299964,105.95537941970912,770
IMG_12289,69.4771495357731,15.92863998662449,297
IMG_12290,66.06156342487495,-116.34832819426111,471
IMG_12291,39.925775286020325,66.11245636868892,80
IMG_12292,50.42468861010423,-100.41491394156344,663
IMG_12293,-26.19986098933571,24.594423848754676,62
IMG_12294,33.415048615933685,-118.41188160637772,474
IMG_12295,48.57433457488699,64.34219357721724,336
IMG_12296,-10.86943655686096,25.48648606181604,510
IMG_12297,-1.5392437904237966,-77.70940244479065,64
IMG_12298,-18.04751599526371,-63.08918315745578,715
IMG_12299,-24.68704316905749,133.2069748285469,271
IMG_12300,7.855219576733759,122.34747284962418,905
IMG_12301,38.71211318333843,-0.0505065781615599,727
IMG_12302,-26.89789037033552,-62.13661132015494,222
IMG_12303,-18.04521513732145,27.69738349028981,122
IMG_12304,51.46471629359783,0.098780931481258,919
IMG_12305,27.495168280765316,80.28220062711921,24
IMG_12306,9.904158903897924,42.68851861097818,420
IMG_12307,-17.976466503369068,-60.21524957783706,715
IMG_12308,-24.16590786384461,29.41703888177517,386
IMG_12309,45.53725261774139,-97.83563875096652,666
IMG_12310,68.43343109739305,-121.915312364604,923
IMG_12311,-25.92399983720152,-44.20445626431524,721
IMG_12312,40.91772596273239,75.87168935606013,518
IMG_12313,38.22496427856075,-113.68045883208902,796
IMG_12314,49.170317023988446,-111.50736216264151,821
IMG_12315,51.62714916278708,19.07720591946384,623
IMG_12316,28.17057945664737,-101.55202033143476,580
IMG_12317,-23.542778087976544,114.2116610327372,146
IMG_12318,-5.0435098165657735,-53.75362761099878,456
IMG_12319,-28.044311926677665,21.262591931828894,314
IMG_12320,57.846837990035056,44.81647169195054,921
IMG_12321,-26.08677206734899,-51.80505156320504,984
IMG_12322,-7.459800830866612,-47.95288083384514,352
IMG_12323,44.73266108620652,110.63492207247803,938
IMG_12324,64.39650032964983,3.3800906937148056,791
IMG_12325,49.65211615938938,104.19433608627644,85
IMG_12326,47.29568623975774,74.21261527318217,14
IMG_12327,28.164587482041952,-107.82648808389028,725
IMG_12328,-19.58984025645823,-45.19057730130993,601
IMG_12329,-20.465032220216017,135.27771222226113,161
IMG_12330,-29.85692842606712,-62.5655142694276,683
IMG_12331,-33.92001138276072,-61.647541195929975,630
IMG_12332,49.71054904311853,8.92208068008631,145
IMG_12333,56.69280046693382,107.7792986714046,805
IMG_12334,64.39891207058787,68.36279078376072,48
IMG_12335,39.43685837488391,-106.6462957896654,722
IMG_12336,53.036456891920864,-101.21150157494974,239
IMG_12337,54.393502738164415,11.549277813660694,644
IMG_12338,-28.251355885436084,-62.5500658045454,683
IMG_12339,-10.36364249525792,113.25155181420826,521
IMG_12340,-19.59693206358415,-43.76162303595834,601
IMG_12341,57.16392035162903,22.100359385968204,646
IMG_12342,54.40367214585552,35.684467501258666,131
IMG_12343,-5.9617370605637205,-79.48193497971931,525
IMG_12344,-31.48524230802253,-53.552828786675946,559
IMG_12345,-34.47892834338826,28.58806272176145,388
IMG_12346,62.228703462384345,66.06942625919066,723
IMG_12347,46.76001125745228,19.69387998150205,605
IMG_12348,51.86893057836679,46.94614016201959,882
IMG_12349,-11.736787890454451,-65.12699350848959,401
IMG_12350,58.00547375980369,33.7218150328585,962
IMG_12351,-0.1038537829942356,-59.04719557611506,207
IMG_12352,-36.11195532526651,142.5114670176058,562
IMG_12353,-8.470408531961283,-50.30996963251644,72
IMG_12354,-4.6919042152110535,12.522485557005524,652
IMG_12355,-2.32612094316184,-63.16104672979003,455
IMG_12356,60.42990244368718,79.73579513281157,589
IMG_12357,-2.31832119310414,-47.09512808539404,743
IMG_12358,53.89265998266416,64.36713652542434,73
IMG_12359,-26.333296790199817,26.80902437698731,629
IMG_12360,55.65468148817024,68.02971283940806,878
IMG_12361,51.34741546839052,95.83774586952666,593
IMG_12362,5.07713273220466,1.1930994202581644,874
IMG_12363,35.553366059550484,-118.91243031449864,761
IMG_12364,30.89782288999031,69.9266937507793,729
IMG_12365,-4.698810762827904,-13.417831055861654,102
IMG_12366,31.226005914412468,-115.52423454001142,178
IMG_12367,52.04951033990807,38.53355957397096,59
IMG_12368,60.94864894953349,16.34589763189797,571
IMG_12369,-7.986746319968404,-76.55197654093918,267
IMG_12370,54.36798621618817,82.77639597379971,998
IMG_12371,-33.31233708426819,129.17171280402732,756
IMG_12372,41.23291022457897,0.7193900400719428,607
IMG_12373,47.938395530057846,-102.01622702900916,526
IMG_12374,-23.07500617126496,27.1019088881672,10
IMG_12375,53.18806483830119,7.94235071972119,363
IMG_12376,42.17857457760988,-91.98462053081738,188
IMG_12377,59.39562088391736,-129.3192373482998,800
IMG_12378,53.64604288044632,39.66601926328349,59
IMG_12379,-2.011023279119172,28.36711459883261,904
IMG_12380,56.61976805526257,11.321922499419712,659
IMG_12381,9.771945353422524,44.370709739871415,420
IMG_12382,56.80107772271344,-4.995124017993135,988
IMG_12383,36.07343276013344,37.97652257427356,889
IMG_12384,58.49899147416099,44.774264340586086,921
IMG_12385,41.65846405301818,-119.89353492991528,447
IMG_12386,-16.533441734185658,-150.14745254236524,486
IMG_12387,54.39158259720895,-102.08198857047051,583
IMG_12388,54.33117521847609,-1.6954578381227634,861
IMG_12389,56.086660929815366,-110.16455030827598,417
IMG_12390,51.26390376777741,79.04761628222411,496
IMG_12391,-6.643760974572871,-0.4793316811833961,135
IMG_12392,63.90522923969428,36.69033884334149,782
IMG_12393,56.936439577286194,75.2300070835633,569
IMG_12394,-32.807964535876124,30.893615879099684,764
IMG_12395,46.81942826906115,30.117952564293542,989
IMG_12396,45.01325136720087,6.048019391993137,686
IMG_12397,-10.952596121796631,-55.79999992223309,306
IMG_12398,11.596604063825694,-2.748074927867094,830
IMG_12399,53.409120792061344,77.94313233930927,140
IMG_12400,47.14800608684004,113.5288732890166,393
IMG_12401,15.621520983726056,-16.6294923822378,649
IMG_12402,-29.173388739781984,-63.10290035199975,683
IMG_12403,45.91936406250039,76.84351935085527,974
IMG_12404,43.8920179963884,-122.66668321431092,150
IMG_12405,-28.24017403490673,-68.7094983624888,713
IMG_12406,47.65560508204982,-4.075320762127575,534
IMG_12407,35.26758311797175,34.79181551861342,173
IMG_12408,42.10162699977829,11.147998355283278,985
IMG_12409,54.35293273084776,17.58512999652754,971
IMG_12410,36.94287754461271,-91.68822454764673,911
IMG_12411,57.97194167376296,16.921872190730824,915
IMG_12412,48.01873530656209,-107.52391983664236,3
IMG_12413,-1.9982230394943483,28.44507163365583,904
IMG_12414,61.4969992437774,38.23443138298245,473
IMG_12415,40.66310483468166,18.93202115824641,436
IMG_12416,-27.00198744399924,138.93845942944648,128
IMG_12417,28.3598427914412,-103.022593314462,580
IMG_12418,42.61682548038203,-105.90756788229372,115
IMG_12419,61.49426030643701,-125.95535445251664,600
IMG_12420,53.05108690946366,-6.862238779389941,720
IMG_12421,62.883862632833655,-117.02270525616711,561
IMG_12422,30.133759254941225,74.56593177537866,511
IMG_12423,68.92162908829121,41.69972014568853,671
IMG_12424,69.47086122029884,29.130781407268728,123
IMG_12425,43.87018496536538,-105.57862194167028,993
IMG_12426,30.336561804073128,-105.99098679970982,725
IMG_12427,-10.880307190513804,121.6792543343251,835
IMG_12428,-16.382407580733855,-57.32682002421724,476
IMG_12429,16.380258911081626,-16.684974921563196,331
IMG_12430,59.367181567625664,18.475499934784125,354
IMG_12431,36.356918271790846,29.602324181947097,892
IMG_12432,-9.915344295862909,-75.89707024033396,679
IMG_12433,-35.04035040278769,-69.81982094828888,23
IMG_12434,-30.03830727929487,121.36179735285724,31
IMG_12435,40.82369806478869,-95.33123483707756,635
IMG_12436,42.71367845981919,-98.2339696516354,175
IMG_12437,-34.45718282975764,20.49667312091668,110
IMG_12438,52.33629891391587,25.665067639580627,176
IMG_12439,-45.57313407871677,-70.82773483981012,460
IMG_12440,39.05846832365856,44.4435535261031,703
IMG_12441,58.02593436649386,23.6742307477798,856
IMG_12442,11.565832889958472,11.685760756265694,156
IMG_12443,48.74519107936425,110.14316286171004,158
IMG_12444,38.029505400530894,-94.75154070632875,293
IMG_12445,31.3945900285849,74.33185424920805,511
IMG_12446,63.7324926809041,34.917893296146445,782
IMG_12447,28.392581661475432,108.74097596247869,832
IMG_12448,48.00956423983669,-95.61232615111292,693
IMG_12449,36.95901456657444,30.19100421050493,892
IMG_12450,-37.15247267157859,146.80519274074442,285
IMG_12451,38.60392682179196,-117.183061459703,96
IMG_12452,40.00210081712581,-117.87138251153486,854
IMG_12453,53.568134975490665,4.813722457365941,363
IMG_12454,28.34596089421919,-90.47339206854238,563
IMG_12455,58.682928979168565,70.79898900343125,228
IMG_12456,-28.388037847271256,26.05813741231944,62
IMG_12457,51.29336824775635,43.48573230962055,794
IMG_12458,27.350956316961643,77.97658488020238,978
IMG_12459,-7.051605470388893,105.39465179887225,504
IMG_12460,55.37269465900468,90.38568421103616,859
IMG_12461,-23.855448078550324,-54.70276281957862,813
IMG_12462,-17.795211274113797,127.2256841823629,585
IMG_12463,54.95523109408549,-130.10081922168723,582
IMG_12464,46.19546116799543,18.80581819908028,605
IMG_12465,65.0093274117306,40.00032049539234,463
IMG_12466,38.80011233705065,-123.46607717143218,970
IMG_12467,43.72174215472779,79.66636400120046,299
IMG_12468,-18.39046214964388,135.4382982524745,161
IMG_12469,-0.3466338742714896,-55.490152759702895,375
IMG_12470,50.14672221820143,85.51401093890604,92
IMG_12471,43.61906213772846,78.58460845235811,299
IMG_12472,-8.3217895184453,5.78765463871008,532
IMG_12473,55.33722323605937,-7.181409433087822,248
IMG_12474,36.01270334332298,-102.9415041488164,632
IMG_12475,40.06748662561401,3.09781627860184,213
IMG_12476,48.19817641500168,-104.44372567894456,526
IMG_12477,60.21890165128198,-126.50454860921484,600
IMG_12478,42.674905105855146,-124.75237650834838,150
IMG_12479,-18.141347139786237,-72.24292153955764,416
IMG_12480,43.714345166495946,-114.80949520874012,973
IMG_12481,54.03067597686717,113.74111036125556,399
IMG_12482,36.44478718239832,79.75789856708332,730
IMG_12483,52.41668543216375,100.31482982845888,593
IMG_12484,54.80819131208955,110.74429509944616,399
IMG_12485,-21.23689097869493,-50.53488581972616,390
IMG_12486,-25.65749393193562,21.295999080939737,673
IMG_12487,49.55621672838083,21.12140318365698,53
IMG_12488,53.62690869632144,86.4520431693386,425
IMG_12489,40.40899255630612,12.918044313529236,985
IMG_12490,11.48296901813734,-15.608984625710605,771
IMG_12491,36.54712201568413,-122.92402073497747,257
IMG_12492,54.77826258026301,-8.86933681025613,125
IMG_12493,39.85920036594783,9.895307629196536,489
IMG_12494,-18.21806370520328,143.21530956396413,39
IMG_12495,59.37463691925117,31.31027394477303,57
IMG_12496,5.0517537406228,38.81588690569998,519
IMG_12497,49.55306327768256,46.49895032764445,882
IMG_12498,5.66921378810207,-0.2884958350933573,874
IMG_12499,-33.84552885713619,20.98319762854902,110
IMG_12500,30.15279293424537,-118.91633415454208,976
IMG_12501,-16.371038405315858,-75.90246251797201,728
IMG_12502,-21.463394649201817,-68.77369215646168,51
IMG_12503,-30.916381380381864,148.40825380537416,990
IMG_12504,-32.7166922245836,131.83449790386578,2
IMG_12505,-25.91976048943276,145.6560999682609,542
IMG_12506,-21.594508425086133,-66.2694807872723,842
IMG_12507,27.53680072914261,-93.2135882725142,966
IMG_12508,-12.192453249658657,-74.67380864603903,558
IMG_12509,-15.896043952735624,40.09523772626031,326
IMG_12510,35.655023264680494,113.76433755422352,616
IMG_12511,28.137100093293935,80.06302630798433,458
IMG_12512,-10.404687128564362,126.88300576131336,788
IMG_12513,60.93920663556116,21.63604432171772,166
IMG_12514,45.30628968095601,-86.05676087628106,397
IMG_12515,2.038041748893221,-75.36901861570507,624
IMG_12516,-17.431161616322328,141.0306631669131,469
IMG_12517,39.07596191693182,-11.740599849154648,337
IMG_12518,52.74438186916649,-106.17138910753434,847
IMG_12519,33.50383908034888,-95.553571699909,127
IMG_12520,45.45708569792112,64.59586539855403,739
IMG_12521,53.258931529345176,-6.427511305742428,720
IMG_12522,47.90060174413389,-101.72209755646118,526
IMG_12523,11.49543693874277,-68.38382865671252,428
IMG_12524,42.72621160933306,-119.08774563595888,447
IMG_12525,2.246001663310807,26.27100367315171,818
IMG_12526,-33.23547175390486,119.87881107503529,480
IMG_12527,-32.07965787898166,150.8967422821936,197
IMG_12528,-41.05648959957851,-72.22905845098572,395
IMG_12529,-23.998141131933156,-55.50475385712373,813
IMG_12530,40.18665247852064,34.374134310508566,653
IMG_12531,49.8191087799996,6.4712226691019055,946
IMG_12532,39.472379037308826,21.738183485856723,436
IMG_12533,-21.77412958299834,-53.84584967811824,813
IMG_12534,-1.9105181545151737,-44.16017911694857,277
IMG_12535,57.93194794132728,-125.93387267324697,113
IMG_12536,52.54037541574195,68.08453552633688,564
IMG_12537,48.920814131764246,47.751236633519255,118
IMG_12538,39.198465903462846,-124.39486410487052,970
IMG_12539,47.32138882147737,109.87122039385396,711
IMG_12540,9.606374349944076,101.30526514997392,341
IMG_12541,61.80749785691361,26.63895721514132,811
IMG_12542,55.56063324759097,13.923691215472331,60
IMG_12543,68.7613954866784,30.086579336701615,123
IMG_12544,65.82062954330291,30.46962563071429,75
IMG_12545,-0.6875861589625885,43.66508780447276,675
IMG_12546,50.83763909051845,-121.18656377254028,783
IMG_12547,-16.918531413357414,-46.2642927715587,790
IMG_12548,68.47764783985644,13.988974010009372,622
IMG_12549,-16.44674883142963,-49.56950345283286,869
IMG_12550,41.78261497158965,38.43280486397893,717
IMG_12551,-16.264448400779855,-57.210976341151365,476
IMG_12552,39.69695568673976,-90.7552995671156,404
IMG_12553,36.2980499973184,-2.12852687648072,366
IMG_12554,43.64467597507303,-121.74343634292724,447
IMG_12555,-13.645025252034388,92.50982899094402,65
IMG_12556,67.51819385476247,26.054971494359364,680
IMG_12557,-29.634496591394125,30.902298683474697,144
IMG_12558,-25.654188885565787,26.85097060711172,629
IMG_12559,40.71542548115141,74.66026719785793,518
IMG_12560,42.369296656260246,-96.08650097153202,751
IMG_12561,57.19756551017636,-104.6016552810579,583
IMG_12562,-23.40819319918145,26.322326825145097,886
IMG_12563,53.94249604663384,-1.663057127671749,16
IMG_12564,-9.9320187585446,118.52830605573013,270
IMG_12565,0.0681315821315422,-51.65336476012757,283
IMG_12566,51.306060542566286,-104.02842056681168,82
IMG_12567,58.022993266603606,-111.13176235728608,151
IMG_12568,47.96166617862437,68.77761820580179,336
IMG_12569,69.81220426799473,-121.1428526793982,923
IMG_12570,51.90682828833138,10.0325227758793,145
IMG_12571,57.70221392354233,76.58893472695149,967
IMG_12572,-26.814021850952862,28.664437439998096,235
IMG_12573,-26.731165820109737,141.1885356266734,643
IMG_12574,-31.709371021802944,114.15140399102243,442
IMG_12575,44.38298001496557,-101.32155073818048,430
IMG_12576,32.24215687131968,-107.35010617690784,613
IMG_12577,-43.52524814899212,146.10131410558313,906
IMG_12578,69.37437515045923,32.012401419677246,933
IMG_12579,43.62588823567893,10.834171444851563,17
IMG_12580,-15.062119163468424,-48.26246449459472,229
IMG_12581,48.6750229192474,-84.3357352633743,147
IMG_12582,48.32341465174059,-107.38356700842452,3
IMG_12583,62.42871735530849,65.58640562398239,723
IMG_12584,49.99762382830676,-89.30290976090227,645
IMG_12585,-27.84123344272858,-63.17029626505317,683
IMG_12586,-2.3238945911023734,-71.23824226846632,698
IMG_12587,-19.82895724365055,121.21207260085043,69
IMG_12588,-30.23528097718058,15.09240433758751,732
IMG_12589,60.11844919686058,23.23934528794348,166
IMG_12590,-17.153560436348485,-69.2281247784173,358
IMG_12591,-27.49971225595675,-56.74935099286955,533
IMG_12592,-20.6149523088733,14.776005184650046,43
IMG_12593,51.94999200259775,-8.178363969882355,912
IMG_12594,-5.689705112411687,-37.550109398723095,344
IMG_12595,52.84831990281623,2.1506581543112304,824
IMG_12596,-40.62412638880414,143.1152120948875,535
IMG_12597,52.342217509586334,86.09825108712062,425
IMG_12598,-47.10027744600844,148.62084241008176,906
IMG_12599,34.446969021573324,75.02115206381274,305
IMG_12600,-37.6319824530493,-74.95410535976193,223
IMG_12601,-27.874500009300935,152.3962797273257,636
IMG_12602,43.14706854381373,24.12791069705108,342
IMG_12603,48.439866057084885,111.37752974389576,393
IMG_12604,58.1387778585555,39.82668479338287,734
IMG_12605,67.243327502808,67.6126391666453,141
IMG_12606,54.82049181956612,47.73248072944208,206
IMG_12607,57.677787707611856,-117.63438339486436,937
IMG_12608,-33.000673052403585,124.78355673946191,266
IMG_12609,-18.178443777957625,41.98595556545729,326
IMG_12610,53.6495107297994,89.0798216448685,859
IMG_12611,46.47173141244474,-103.96155013695036,526
IMG_12612,-13.199960564025815,-38.42319033394284,588
IMG_12613,-2.4875418933193174,-38.4583875314739,719
IMG_12614,44.67581219353937,92.4380861028364,37
IMG_12615,47.66828698559112,21.21525759806701,860
IMG_12616,57.44446834368631,94.63775546400166,187
IMG_12617,40.73924645095809,-86.99087924075423,440
IMG_12618,59.271060512681714,-124.4301968245162,113
IMG_12619,-27.77996738240482,29.063795353238845,587
IMG_12620,31.817617108262965,-84.66482488350712,579
IMG_12621,52.945874507060125,15.14694924933113,278
IMG_12622,-19.265952992953416,144.34451510947918,871
IMG_12623,-25.7901199891557,140.95092351925825,128
IMG_12624,-7.1806214752757285,-73.2547948608718,130
IMG_12625,42.81510893544535,-7.67955687147861,209
IMG_12626,58.836669745164926,37.98644767922076,734
IMG_12627,-35.49482691000211,147.73673998313018,546
IMG_12628,-27.950883684654254,33.293899545410454,530
IMG_12629,43.21060287942783,-92.05603128622752,567
IMG_12630,31.88324512281541,-103.93073378345191,137
IMG_12631,38.649160162111286,-107.7309622656513,722
IMG_12632,34.66581641448602,-96.14920424083428,327
IMG_12633,-12.466648446558082,-48.098785007032006,515
IMG_12634,-44.97738491002569,-71.05783886677025,460
IMG_12635,44.566578397266426,37.88086155148383,925
IMG_12636,-19.426757914377436,117.93694883269518,793
IMG_12637,-24.237573957545607,32.56584814020488,502
IMG_12638,-14.61946304711735,131.01943986054414,304
IMG_12639,-28.700837659567227,-57.37364695215926,533
IMG_12640,-6.243967302022213,-80.79466448973534,684
IMG_12641,-3.154478537297478,-38.44495976921039,719
IMG_12642,2.581198301351108,19.25196349972361,382
IMG_12643,32.007110126909254,73.92349044390033,511
IMG_12644,64.67939230020784,33.68977563868097,782
IMG_12645,9.186809450099531,-63.408113253613806,508
IMG_12646,31.838116290574035,75.83976668241252,511
IMG_12647,46.09800833481884,-107.9141584313059,3
IMG_12648,-9.42789549143319,-45.97677127881883,163
IMG_12649,61.30862382497827,71.72612954351206,104
IMG_12650,59.94477225161327,35.69363335510195,554
IMG_12651,27.202059781652977,75.07390899724368,268
IMG_12652,-2.853792425810667,28.22966692801438,904
IMG_12653,33.683215888841715,-119.99400468132136,474
IMG_12654,46.3990705673159,96.30410364014988,37
IMG_12655,-36.95488810309572,-71.18682671182103,999
IMG_12656,53.900579148026765,23.086619965625403,176
IMG_12657,64.92915632108415,44.13119814297505,258
IMG_12658,50.41430355327432,74.48103431147774,926
IMG_12659,-44.64718408021834,-72.68021715339907,460
IMG_12660,62.99820847033325,10.750082310256118,597
IMG_12661,64.63098497739031,42.15210327688462,463
IMG_12662,-11.817149629072048,137.58450574303572,954
IMG_12663,-35.55010767766706,-70.41168430372765,999
IMG_12664,-26.48724728872584,-71.27992868890075,633
IMG_12665,49.14385043820738,97.34713876960814,493
IMG_12666,-42.4267347947452,-70.33543020268635,109
IMG_12667,62.52666272228959,27.34854904611524,992
IMG_12668,-39.57858007992447,146.37683218162044,285
IMG_12669,-27.30619731969084,116.2366568877901,817
IMG_12670,-21.64980072819006,25.472229584537985,886
IMG_12671,58.737625037817,11.244646570509246,779
IMG_12672,28.366338650752454,-99.42485187023864,980
IMG_12673,43.81639894161529,98.88436770621615,287
IMG_12674,65.96660273839018,19.143806718455096,807
IMG_12675,33.0622898018847,-105.39703373897382,613
IMG_12676,-6.038445101399319,-41.72885860605311,22
IMG_12677,-29.792335423646108,-57.77809983466847,810
IMG_12678,-23.3456495037574,32.52410993709219,502
IMG_12679,13.370375263414232,2.3000674166292185,483
IMG_12680,-12.348085408473525,29.24329987274163,464
IMG_12681,-14.190208989327871,-40.82192007111129,836
IMG_12682,29.505202697785663,106.27745152637874,52
IMG_12683,-9.039278977812046,-48.65165398783438,72
IMG_12684,1.1244592044190256,-74.89197112103754,624
IMG_12685,-8.89501811014594,-82.17745159805767,273
IMG_12686,-37.11459026338809,147.88516207860198,285
IMG_12687,-43.77140120203752,-67.02899776598704,269
IMG_12688,56.2744307398703,-117.62327227046426,937
IMG_12689,54.217172582388656,-3.239893931183332,212
IMG_12690,-38.21396716495583,-57.90649932126685,928
IMG_12691,45.43271206896668,-109.14388071485143,198
IMG_12692,-38.63798848346305,-61.99437590336723,303
IMG_12693,29.06602062289967,80.47398581117284,458
IMG_12694,40.19107878884452,-3.970626137734968,29
IMG_12695,42.275399545233626,-101.50943610131584,430
IMG_12696,-27.96122271545069,-63.82115137535274,683
IMG_12697,42.56020109975617,-101.25750070677228,430
IMG_12698,42.92867128026535,-88.33972427770897,32
IMG_12699,47.63659976475827,99.2748400916812,493
IMG_12700,39.87906326015849,5.9687653114231125,953
IMG_12701,50.98984886098236,46.553314659471,882
IMG_12702,10.368511834819316,8.251373195058648,427
IMG_12703,-31.065035014747792,114.18768824847376,442
IMG_12704,0.6823706579358202,27.964975933018565,4
IMG_12705,45.72236578682018,12.363089844470608,674
IMG_12706,49.289026869002896,35.369666914992195,262
IMG_12707,56.50486852963911,-4.745710620853032,988
IMG_12708,28.569991547842704,-116.15399654490454,976
IMG_12709,43.95955645595927,134.58008765070383,578
IMG_12710,-15.095768587344168,-39.45527615564953,432
IMG_12711,45.33077452540505,18.724854502452217,374
IMG_12712,-31.978159313174302,155.24199985051823,523
IMG_12713,57.14460542588998,34.4618150214896,279
IMG_12714,3.416841472522009,106.74124379147878,216
IMG_12715,40.04422194692853,75.26929180034062,518
IMG_12716,51.39737094447384,82.55742640047532,496
IMG_12717,40.87055138513267,113.09494025010925,627
IMG_12718,52.01072542612681,4.776876666602504,824
IMG_12719,49.30741750277281,2.8962087060089914,340
IMG_12720,63.43875045331544,-130.26405455001503,872
IMG_12721,10.595061917126742,83.90788653756101,160
IMG_12722,49.40151142323575,78.26532426658434,926
IMG_12723,48.59178028641577,86.28166361491333,92
IMG_12724,-25.48127273831308,-59.280133692710905,815
IMG_12725,43.37073238442972,1.9428932200604263,757
IMG_12726,6.9628306099706805,3.195529385469285,555
IMG_12727,-45.07077106493056,-69.82304694140228,907
IMG_12728,45.82809086910453,-4.254789114077823,903
IMG_12729,-2.2274315069302872,27.659354910931768,904
IMG_12730,48.52257060933246,-113.4209996410938,227
IMG_12731,8.567554074598263,-16.042843378035315,335
IMG_12732,-31.282343918010184,-75.35979043107355,462
IMG_12733,-11.734453718511531,-48.06453564108045,515
IMG_12734,66.11841705214783,24.352891848668836,503
IMG_12735,37.87907916884038,36.305233170057534,99
IMG_12736,63.38787415609238,10.379945051956042,597
IMG_12737,58.88426111963992,-114.72663851775276,151
IMG_12738,49.48146327844151,-103.35136780029369,302
IMG_12739,29.175890272179146,-117.96145309878318,976
IMG_12740,53.16328792429789,24.849222314671977,176
IMG_12741,53.31250811848832,-130.17200599202383,224
IMG_12742,-17.7937560569828,129.3470458986103,585
IMG_12743,-28.56222698484902,145.53081936914225,244
IMG_12744,7.560095189823073,48.90695453396359,845
IMG_12745,36.314867740551335,12.580877428399702,920
IMG_12746,11.500579182930522,42.45116388618988,420
IMG_12747,-28.24555147892804,-52.91450685245957,545
IMG_12748,-28.745353146401957,27.84368581919173,587
IMG_12749,31.1829842490168,-93.3541487268638,89
IMG_12750,51.32989283464639,-123.34959752688832,783
IMG_12751,-37.335242156516415,-74.07630298530043,223
IMG_12752,8.656279489409954,-0.8362349668524303,295
IMG_12753,37.56599197796717,-110.0174928248097,179
IMG_12754,-21.2229525911784,-41.586786844969225,298
IMG_12755,38.658062194617685,-94.49837247144087,293
IMG_12756,-13.992746531851608,-62.03412164678133,581
IMG_12757,68.92877548421669,17.884497232836225,297
IMG_12758,-34.427785099316,122.23819461653056,574
IMG_12759,54.697600262072,-97.46306659209972,491
IMG_12760,-10.432873177271873,-73.7840588552034,558
IMG_12761,42.26024192049118,72.69735318553595,165
IMG_12762,62.65683029136147,-6.863074064492423,884
IMG_12763,-8.261080854463074,25.926522117331277,510
IMG_12764,49.90510998635145,-84.33578381366817,147
IMG_12765,50.06918685088169,36.81044549080178,185
IMG_12766,-9.330683021149568,-59.66415017713882,610
IMG_12767,-14.921199460167344,21.68236572201431,378
IMG_12768,34.98578669872869,-108.42463604599558,47
IMG_12769,63.66214677159269,38.32363092472573,463
IMG_12770,-24.094246105556596,-136.25935086135203,265
IMG_12771,-37.05215772502242,-61.45668262287461,303
IMG_12772,-11.144299762466346,-48.82535622577552,515
IMG_12773,58.917001696460346,30.9550866082686,962
IMG_12774,8.707881083432994,37.02639292289902,192
IMG_12775,58.11122102234484,-119.39500176114552,937
IMG_12776,35.57120238959027,73.6023931795792,305
IMG_12777,39.45329728779245,19.566534037256588,436
IMG_12778,-28.183187963732443,-57.96131530588271,533
IMG_12779,39.83753884572732,-111.90327788790133,408
IMG_12780,64.40377839133703,30.03695717444629,288
IMG_12781,37.13373216991869,-97.61171289585494,708
IMG_12782,59.259935160887125,80.10012824914224,967
IMG_12783,59.90070401019307,70.16203065851357,228
IMG_12784,64.03011714087029,8.324733096885723,791
IMG_12785,-6.683305083608957,-79.59687810010129,525
IMG_12786,-26.119482566389365,115.63587418228964,245
IMG_12787,54.04106481814674,-111.14749137161024,517
IMG_12788,55.49975980604589,39.257089111778185,412
IMG_12789,-19.118557785914675,25.081060565836992,219
IMG_12790,41.6422241910706,-88.56217840306995,852
IMG_12791,46.37846515922553,-109.91436006593312,198
IMG_12792,-30.6112064330948,-52.36125695347897,81
IMG_12793,27.294727807169394,82.97943033320877,798
IMG_12794,-5.063257663735541,-43.3039144284993,277
IMG_12795,66.08079108748859,10.884561619744233,199
IMG_12796,-14.608311939546354,25.13768435074161,647
IMG_12797,63.80484338760186,26.023694006955598,364
IMG_12798,-14.50026021298774,-76.28470292232788,945
IMG_12799,9.52540628603056,-12.89025846928621,942
IMG_12800,26.98831810702552,-90.8894457437732,563
IMG_12801,55.19858747484301,-110.84838049183608,517
IMG_12802,55.95380064593402,106.79432255817233,805
IMG_12803,53.96732505514325,11.082072918025176,644
IMG_12804,39.81180120175753,100.58249543500074,138
IMG_12805,-29.04969734118128,119.98261683813922,670
IMG_12806,-2.832544814091264,134.26288213565948,291
IMG_12807,47.91494460988946,47.0204065249045,118
IMG_12808,-22.297935841619903,27.09607771770237,886
IMG_12809,8.897501021406583,-7.928374767009018,838
IMG_12810,42.460100469944166,-89.039966370946,32
IMG_12811,36.71535357798399,24.3982283395855,369
IMG_12812,52.62563353131645,73.04837512406328,858
IMG_12813,50.52340006025673,9.085296718775368,145
IMG_12814,63.69084958299487,106.02518700937968,634
IMG_12815,-26.80287504513269,-70.7238874848368,633
IMG_12816,61.6256396462569,79.8219995601462,589
IMG_12817,43.46165933187919,17.712448553006084,374
IMG_12818,29.391812197893103,68.2529847271403,70
IMG_12819,7.549944359525128,38.75923492738343,192
IMG_12820,-32.514561450525214,-58.98168961813994,806
IMG_12821,34.67341298389388,-86.18711643298498,139
IMG_12822,51.767872671819305,83.04109231627308,496
IMG_12823,-36.8545281200234,149.837838463045,263
IMG_12824,6.975570306806745,38.62316173673727,519
IMG_12825,60.64890168179076,4.276984047685119,505
IMG_12826,50.42617648187837,70.83526647314142,264
IMG_12827,52.03117723923791,-107.63501984315354,847
IMG_12828,-24.11665733364805,-40.690738931213104,298
IMG_12829,66.85303919488433,-120.98837122804072,735
IMG_12830,-26.88448755329225,26.733610905639296,62
IMG_12831,51.2599347351198,99.70106094133617,593
IMG_12832,47.20375068624219,26.555032325975134,692
IMG_12833,-27.0391771301672,-51.535453697422014,545
IMG_12834,60.15778912557769,104.3346875549745,977
IMG_12835,1.0967730987217408,-78.03317147847778,169
IMG_12836,-1.5818440942017276,-47.66283214093269,168
IMG_12837,-7.727960840892933,106.50676479008962,504
IMG_12838,-15.322749829279571,-50.57018484018761,869
IMG_12839,55.10642654590384,94.62494397956708,914
IMG_12840,43.83314015896463,102.95358711192456,678
IMG_12841,39.98450302557876,-2.809100845430464,142
IMG_12842,-31.3576238584956,-54.92248576065048,155
IMG_12843,59.079470091910366,-111.67607811108344,733
IMG_12844,53.531739812221815,4.4558688241108655,363
IMG_12845,56.95920152668839,40.83011917929309,412
IMG_12846,42.64718820802807,41.38006633736987,25
IMG_12847,43.070535590106886,20.6184935439984,695
IMG_12848,55.45916213925736,-111.6684063236028,517
IMG_12849,55.987775079951206,96.5650643392753,755
IMG_12850,-12.080431071969912,155.8073805684412,86
IMG_12851,28.532004898538677,113.39657406295332,543
IMG_12852,10.615659813331575,7.060037737225684,427
IMG_12853,8.229786256226106,-2.284730070697634,200
IMG_12854,-9.033332761034076,28.75113976231455,544
IMG_12855,36.604031105544266,-4.0069104032732525,366
IMG_12856,60.4092603547922,46.59329955685811,677
IMG_12857,-26.13155459141985,149.45745682628444,280
IMG_12858,-39.05514439522887,-59.6856692941164,928
IMG_12859,56.79968445910848,14.990875622315514,60
IMG_12860,2.579053378763888,-75.37775796524866,624
IMG_12861,-25.76536083213449,27.64982420065604,629
IMG_12862,-7.951424184672504,69.79633264269472,95
IMG_12863,-28.220938643613053,29.457220155231795,144
IMG_12864,-17.421304499178547,25.97979497177343,426
IMG_12865,43.78772577509079,-114.711207863226,973
IMG_12866,-26.09134373428208,-53.50202788954647,233
IMG_12867,12.725445250896255,43.18139452003871,862
IMG_12868,68.87521942582364,-124.30200273591386,923
IMG_12869,41.04919850350311,0.3067624158703665,607
IMG_12870,-16.140033899049,-67.11864463108577,468
IMG_12871,57.41553277947753,28.7251865078525,451
IMG_12872,64.61927514406719,34.445311899500325,782
IMG_12873,-32.07611008976889,-65.4314570951507,67
IMG_12874,-19.053242147420363,-58.02351446319989,46
IMG_12875,11.332467927856626,37.267458730754726,880
IMG_12876,-25.775087293087125,23.903646181174423,466
IMG_12877,54.606037608668174,-5.878397072409939,248
IMG_12878,51.322140606144245,5.710717257676691,824
IMG_12879,-2.114311396345599,30.061991494667893,4
IMG_12880,61.03961707547148,18.560922823080237,571
IMG_12881,37.75349315661539,-111.41350073885494,179
IMG_12882,59.53811659313766,22.886302126185115,166
IMG_12883,-31.426223441262067,17.653735198030375,732
IMG_12884,7.844474826555384,46.15872815488802,433
IMG_12885,61.66485482705659,-124.9829091567914,600
IMG_12886,34.48258892748993,-102.97787815228256,632
IMG_12887,60.52110851396333,-132.62127040935866,231
IMG_12888,-15.346239389456612,-52.44080372447437,221
IMG_12889,-28.2626900110364,-68.33035839615424,713
IMG_12890,-4.838539716507682,-81.72557110991454,684
IMG_12891,51.77945184101196,88.15982118153204,246
IMG_12892,-2.0959224958056097,-49.21841733988455,168
IMG_12893,36.01442224322884,-114.58381689914157,591
IMG_12894,59.28622938093093,11.047082746774038,779
IMG_12895,64.1474105076449,39.64187349089167,463
IMG_12896,48.76372675616807,103.17394614239949,85
IMG_12897,-31.82298897980678,140.01518253965065,312
IMG_12898,38.72537164777037,1.338203523039084,213
IMG_12899,35.95661064923769,-5.242314481576813,366
IMG_12900,11.820052821629927,38.97272709952338,77
IMG_12901,34.00955887414398,73.06140081932489,305
IMG_12902,-33.12431745898667,-60.19962514259251,806
IMG_12903,66.62921380236264,-122.78709294656848,735
IMG_12904,65.14347662950468,-119.66199733425516,820
IMG_12905,-23.942508090020468,25.87143738799472,371
IMG_12906,38.810009579987366,-89.58488094600553,404
IMG_12907,37.69581012706982,-94.26472128755316,293
IMG_12908,57.36479138431781,-7.989478839150365,243
IMG_12909,-13.556807732986186,143.1772463697721,193
IMG_12910,-2.936694802858881,-70.92568020045476,698
IMG_12911,53.58009581003432,-133.5577961833815,551
IMG_12912,57.43493851443807,15.35542388270693,659
IMG_12913,-23.03811395266868,-67.80058636550481,343
IMG_12914,8.563677475524116,-78.03755626417578,681
IMG_12915,-9.628472334632905,30.468963906763577,544
IMG_12916,0.9389160749789198,-77.90668999567217,169
IMG_12917,45.389311643987526,1.5411390236521356,76
IMG_12918,54.52748485813328,91.169633770887,859
IMG_12919,-20.659016449272546,26.496232841530087,413
IMG_12920,-34.62889788438788,147.82088868491445,546
IMG_12921,-11.145885028091229,29.11526685819223,63
IMG_12922,26.856702096993047,82.30159007309135,798
IMG_12923,-14.425237129838123,-74.02813047724146,289
IMG_12924,-25.370633053568326,-71.48393962873767,633
IMG_12925,59.408290138165455,45.67419216232341,586
IMG_12926,54.63654918945457,73.94486060924618,858
IMG_12927,-29.61981778678159,118.55006360289303,509
IMG_12928,62.2514850353684,17.440725665796663,571
IMG_12929,-33.59917131928262,142.5344892291015,690
IMG_12930,49.51965142430694,12.080384452190287,477
IMG_12931,68.50102897205056,23.03920847540101,736
IMG_12932,29.900851837332567,-86.28875087831216,234
IMG_12933,28.881051123004625,94.706848557493,419
IMG_12934,54.39541156929101,41.48893560313675,478
IMG_12935,-26.66105172917591,-65.7330892444545,114
IMG_12936,43.75128245597327,3.711056742669769,757
IMG_12937,38.374862100636,20.30487659647628,655
IMG_12938,46.0237205832922,81.84395429439678,656
IMG_12939,48.95423151135421,67.83817305106595,336
IMG_12940,43.069299095481085,5.969121940749176,686
IMG_12941,56.612349038220486,90.5869493165859,187
IMG_12942,64.47551601652475,81.43691946975036,301
IMG_12943,51.610253221389854,-115.8953214346862,351
IMG_12944,-24.596459136577607,-65.1650849039601,620
IMG_12945,40.79540649051674,-93.33550354481328,188
IMG_12946,14.056299847736966,-8.344552323757313,809
IMG_12947,62.22886651450426,46.22818647989067,677
IMG_12948,54.14495262653111,-105.34667337047796,82
IMG_12949,61.581786680655625,26.42416750057214,811
IMG_12950,41.76117002054934,23.632655406078243,342
IMG_12951,-25.68323214755065,-54.44171313131149,233
IMG_12952,-0.4577609346907536,-53.52185135327306,760
IMG_12953,53.41617146629841,-127.62989655192884,224
IMG_12954,-14.071754134402028,24.711331007254216,647
IMG_12955,49.639569086729125,-88.99077590377179,645
IMG_12956,45.67579892914426,65.42178077765823,739
IMG_12957,-32.216856295751995,18.784174885255965,618
IMG_12958,62.30578185246904,43.03390465293222,195
IMG_12959,44.01125865954566,102.11222734912592,678
IMG_12960,40.07002746926537,30.837406237275417,308
IMG_12961,61.39103453903306,-117.28119544247076,276
IMG_12962,66.32685577933182,10.24219182008352,199
IMG_12963,-9.12336145816839,136.52425388176204,749
IMG_12964,-4.205607231802475,-60.06224758865031,840
IMG_12965,42.196171343668766,-99.03027778018571,175
IMG_12966,34.997600623300386,32.95411842866338,173
IMG_12967,47.55344286722266,87.61111506649712,449
IMG_12968,-27.50782776228068,28.62768973182668,587
IMG_12969,30.22543496069892,-95.72188876139656,529
IMG_12970,-19.060149256326383,-36.55303064205685,432
IMG_12971,56.99895470827286,86.42265464208322,373
IMG_12972,35.77947818048145,-88.41657155687068,139
IMG_12973,13.995719936357972,28.11681184895724,948
IMG_12974,36.05092098804363,-102.97233295975389,632
IMG_12975,57.47591273534499,66.6961468750888,878
IMG_12976,67.96212005573972,-130.063181023888,406
IMG_12977,-29.40711970810769,-51.3020015419996,545
IMG_12978,50.56167084116856,30.80312511049493,13
IMG_12979,66.50570196478083,21.44538660362133,503
IMG_12980,54.1828875738218,-132.035905856553,551
IMG_12981,-2.341733275685698,-48.598794686943336,168
IMG_12982,-29.608245344925685,116.1435465497044,817
IMG_12983,49.28338744538303,100.34221518072172,963
IMG_12984,-22.12850970179879,-48.29464778021878,119
IMG_12985,48.15049326164348,-121.52730773755675,242
IMG_12986,57.04841152159537,25.615871768803142,451
IMG_12987,-22.621215556688213,-51.33692327712782,599
IMG_12988,-22.72724488643016,134.39578039594238,271
IMG_12989,-2.3635743663735127,-56.53624745070164,375
IMG_12990,50.14435290880056,-88.72173797048876,645
IMG_12991,54.82497713062759,45.38506251323832,206
IMG_12992,-21.01912450654521,-43.68335227333898,284
IMG_12993,-21.85822465460872,117.3104786648778,454
IMG_12994,-35.08778987895133,27.22454146802877,388
IMG_12995,-24.19020357128187,25.30720432978052,371
IMG_12996,35.18095639339032,38.11105921347033,889
IMG_12997,48.72462145608125,105.40447115956351,85
IMG_12998,67.51651213777632,46.0392026129868,671
IMG_12999,61.25527685638386,11.581953704829772,121
IMG_13000,-36.851885152560186,-73.95965427854813,223
IMG_13001,-7.919166788656469,97.60284950014449,887
IMG_13002,-15.34961617368674,-53.466826518190345,612
IMG_13003,37.970902337374696,4.714938840749625,252
IMG_13004,59.89712371863919,13.59839937139526,121
IMG_13005,-35.6117843892675,-67.23523081222788,935
IMG_13006,-4.050994318689135,-45.190777982059615,277
IMG_13007,-5.899878610796094,-36.653725936124346,344
IMG_13008,6.395636441476142,40.0339825542344,519
IMG_13009,-28.64534783845997,133.83571710659538,513
IMG_13010,-6.246215965705488,-37.22308596902499,344
IMG_13011,-20.72121044952688,50.84749566554504,97
IMG_13012,55.44015572932136,45.01722338223982,206
IMG_13013,3.202239328899793,-63.90305395303756,111
IMG_13014,43.41508493277871,75.93135484940734,157
IMG_13015,65.40323170786883,20.645445677829912,807
IMG_13016,46.92744134367075,31.270820571150608,414
IMG_13017,50.65244800409059,-11.371691498001551,912
IMG_13018,55.59407022409334,27.935155855523703,451
IMG_13019,-13.645633939730304,-74.50190565396592,289
IMG_13020,46.07601211030763,-106.86029330329796,3
IMG_13021,39.401027082881626,21.682171630342992,436
IMG_13022,47.034720294235086,-86.66504959656976,397
IMG_13023,42.662757059965486,-107.43852422039662,592
IMG_13024,30.791488651792008,-113.39051584668476,391
IMG_13025,-24.77870214189565,-61.80450669579923,222
IMG_13026,37.32376768903204,2.1914843393447256,213
IMG_13027,-5.657319320989757,135.92772689837454,291
IMG_13028,28.698669769355632,-99.5822748666316,980
IMG_13029,48.76825170280699,-119.26627022505994,242
IMG_13030,46.70692245517151,98.4680547625349,493
IMG_13031,7.66358231447586,127.73093736486032,259
IMG_13032,46.92007812486355,-92.92294659010943,108
IMG_13033,-8.261351580110272,-41.90806272289291,603
IMG_13034,6.692734279362895,99.47113820994048,867
IMG_13035,55.380977448800536,64.36236730918046,73
IMG_13036,-17.947763264278777,-49.59409552192443,969
IMG_13037,-22.993557017374968,140.6049987907287,850
IMG_13038,51.54950452664494,23.29564448208066,875
IMG_13039,1.2212072547291086,-0.0951948945541971,15
IMG_13040,37.10224603178135,-121.12872394327594,499
IMG_13041,40.04144100603898,103.22312727746942,770
IMG_13042,57.52644622752132,12.056156964471825,659
IMG_13043,-42.68859313236448,143.1674287033029,535
IMG_13044,-32.217749384612404,17.859269253421132,618
IMG_13045,-31.16576219004792,-53.354886163561545,559
IMG_13046,-16.690649121270823,-45.43735332737901,790
IMG_13047,64.76044615243825,-126.73118948075448,50
IMG_13048,-27.819777783127364,-60.419637649351856,683
IMG_13049,59.022946083623424,47.868487080983726,586
IMG_13050,47.85478173240617,23.90270158566284,860
IMG_13051,-5.226670577031683,-56.4030086703236,456
IMG_13052,-19.293047228579425,143.41423919014085,39
IMG_13053,-19.72610247774442,-70.46081683160055,51
IMG_13054,11.42177895535974,9.850490660058624,156
IMG_13055,33.6501389621242,74.88026360836284,305
IMG_13056,-11.87639740966324,28.962821968601872,63
IMG_13057,41.30752015481505,-5.676415529326931,565
IMG_13058,55.47784498233276,100.01863891744745,755
IMG_13059,59.47852527846692,71.37835916976985,228
IMG_13060,-21.657511188059047,-51.582227007588926,599
IMG_13061,3.737640183056385,126.42121989246078,936
IMG_13062,-13.708306232501627,-60.5943334165209,581
IMG_13063,-9.10109684026824,-49.59272084859799,72
IMG_13064,28.503419396152594,-113.04522677354905,391
IMG_13065,36.55474046287648,47.18081818749201,329
IMG_13066,10.709109559740083,9.27119340339911,427
IMG_13067,10.230077160201546,43.61754777211772,420
IMG_13068,-29.186513194434998,-55.365897598172296,602
IMG_13069,-13.899202867011269,-47.97849479850856,229
IMG_13070,-32.50466257944493,-53.58415718100687,559
IMG_13071,8.887666824511683,39.01572640358182,192
IMG_13072,52.07709747587981,-90.563898368642,645
IMG_13073,49.4933878531003,27.144779794009423,688
IMG_13074,56.59439062731158,43.55238166685618,921
IMG_13075,55.26455642276056,-124.1511479587285,470
IMG_13076,9.570605636155603,13.900691590910752,325
IMG_13077,48.091846612569725,-118.4001888566184,242
IMG_13078,39.85815478615496,16.557264778926736,208
IMG_13079,-33.13857732753665,117.63499663866976,480
IMG_13080,7.294277169780386,39.17524853162416,519
IMG_13081,58.909808623621984,-129.96198333850296,800
IMG_13082,-12.117030070837911,-75.70775627063897,558
IMG_13083,28.91181928189627,-102.58782028662232,580
IMG_13084,50.89400606364183,7.407259556467608,145
IMG_13085,63.56884885058085,-112.8312268095105,561
IMG_13086,-5.127557838977111,-68.16244673583027,640
IMG_13087,52.78689048320203,79.45460835806716,998
IMG_13088,54.59546163542137,-102.9858416474921,583
IMG_13089,-11.48935522554234,-46.37954586350321,515
IMG_13090,41.686960021223,-84.9389551128036,968
IMG_13091,-26.62539648142668,24.35703415614057,62
IMG_13092,40.42056987493973,-96.36847522999987,635
IMG_13093,47.70088087313442,18.533277625702,605
IMG_13094,46.8111779647127,66.09038847777362,739
IMG_13095,60.12608934034333,42.91215165347384,195
IMG_13096,47.3971425110889,-120.87433799018164,242
IMG_13097,5.3182202354267645,119.32850722328806,311
IMG_13098,46.041290538524265,10.273918767081057,218
IMG_13099,53.15640461203549,-129.41459350001455,224
IMG_13100,-31.103436313787117,149.98181876980493,990
IMG_13101,38.26726700327785,-92.2355107950751,293
IMG_13102,42.38278914389721,-1.5586009091479411,142
IMG_13103,54.71190392861371,-4.353385678047147,212
IMG_13104,51.232059485665445,43.33938490262952,794
IMG_13105,55.694829858156766,102.85062700137188,226
IMG_13106,9.194349260212505,100.71729619176024,341
IMG_13107,-25.06101736823348,-66.50344445098102,343
IMG_13108,-15.211090004884,-68.98908228398565,98
IMG_13109,60.25346860297958,14.936615164313338,354
IMG_13110,62.50606872200305,40.97673858968673,195
IMG_13111,51.28168004178667,-3.268728997583679,215
IMG_13112,-11.133366137761158,-51.879008640721054,891
IMG_13113,-36.54828679533705,-65.45452174146855,196
IMG_13114,30.30367286653724,99.2262864639739,333
IMG_13115,54.05026229089731,-0.948886132641178,16
IMG_13116,42.29470388010978,46.92484299330496,180
IMG_13117,-17.660762743860417,-46.599448079565605,790
IMG_13118,-7.080658926201181,-82.7300953054358,273
IMG_13119,1.110417355387142,-78.26751598919118,169
IMG_13120,61.542206884463326,-123.526290636367,600
IMG_13121,37.81760899936749,16.298875212603264,849
IMG_13122,12.172527112410506,-6.1941100784004846,124
IMG_13123,-16.690307096316715,-76.66536932526293,728
IMG_13124,32.2998930455869,-89.30647148736583,54
IMG_13125,57.12175584394038,86.47693976825519,373
IMG_13126,-31.402998875018557,-50.72677114932202,81
IMG_13127,38.508985782913726,-122.42528569162567,499
IMG_13128,1.2199964209728194,-80.06418055740328,169
IMG_13129,-38.47066238672019,-72.0514393781359,682
IMG_13130,-17.900392971869422,142.7835148119117,39
IMG_13131,-11.237650165269288,-76.51430723712528,0
IMG_13132,12.885723695374525,37.961122920855246,77
IMG_13133,-37.633424876061326,-66.78422585748544,617
IMG_13134,65.7622415601302,66.4682225767225,584
IMG_13135,-9.139864689077967,-56.07429593147469,975
IMG_13136,-13.999660942089108,-45.86176254401411,229
IMG_13137,43.30871179711164,-105.09272811060234,993
IMG_13138,40.139642787732384,3.0438689420156493,213
IMG_13139,59.26018675288179,-3.0908169649019044,766
IMG_13140,62.0799268982409,4.579303829083017,505
IMG_13141,7.216152721497892,13.460721553025536,742
IMG_13142,68.53362925902388,22.210468447757933,736
IMG_13143,-40.01374584965795,-67.63276979078154,710
IMG_13144,-12.099271172327391,-55.94968325916123,306
IMG_13145,35.58853195870741,41.47318056442049,217
IMG_13146,70.5164089287239,23.940810807531847,123
IMG_13147,51.945364921798586,-96.80265539069244,448
IMG_13148,-32.063169869287066,-48.63310331584967,570
IMG_13149,54.020550467725,69.83438446388567,465
IMG_13150,50.466647771540096,86.88856815008393,92
IMG_13151,53.63583863512207,-103.14843661844264,82
IMG_13152,41.4477448172191,29.11606225744231,590
IMG_13153,54.38949195328632,84.85789828284294,425
IMG_13154,42.94677205193,78.49523726795667,909
IMG_13155,43.79200925739892,-91.22436518934964,567
IMG_13156,54.79775145928232,-7.417499492691178,248
IMG_13157,-23.832994988976267,30.13665735687596,386
IMG_13158,31.915874010611745,-84.2231250093949,579
IMG_13159,55.62184120843864,18.810750608461237,971
IMG_13160,61.00877420945256,30.43828940891993,57
IMG_13161,49.54876409054518,28.708875366002985,688
IMG_13162,-2.949980862082853,32.63860207472871,237
IMG_13163,51.13860792416088,0.1719834007218708,919
IMG_13164,54.26428510165215,-129.09561129810166,224
IMG_13165,-0.3685714564520879,-60.20568468278816,207
IMG_13166,-18.16877292556225,124.40346874808688,253
IMG_13167,49.01607938486316,-127.66371191192634,982
IMG_13168,56.443542545432535,29.046933351028628,451
IMG_13169,-42.53733551015257,-71.0438539399663,109
IMG_13170,43.02713063785191,-119.041082849696,447
IMG_13171,-20.93393858724228,143.97318510093845,871
IMG_13172,-30.151562168866896,139.74388066461177,312
IMG_13173,58.94981343047536,25.97305242263559,368
IMG_13174,54.09614479777181,112.78343729005984,399
IMG_13175,-18.659972770008096,29.83549814322629,122
IMG_13176,52.25181620215011,87.3244620539661,425
IMG_13177,42.20365936115704,-120.687311584926,447
IMG_13178,12.187751336255417,38.2771271571728,77
IMG_13179,42.55905648146418,39.82329682706404,25
IMG_13180,65.4415976553799,19.65630923733835,807
IMG_13181,-36.38351851357366,-66.12823526412917,196
IMG_13182,-26.025645790566102,26.03672077597375,62
IMG_13183,-13.95178604099587,-55.09934463676335,612
IMG_13184,62.16728190139838,-121.21502666682672,276
IMG_13185,49.4186929310132,-84.71832905843719,147
IMG_13186,-30.741440206421224,149.7241157133327,990
IMG_13187,-14.20317055903007,-40.82509912229938,836
IMG_13188,-23.523530838349046,-44.32743474717893,721
IMG_13189,-22.08434116234055,27.69786077274512,413
IMG_13190,-2.102520915313619,-60.91248340487566,207
IMG_13191,-4.5452945798428175,-73.99277710474479,676
IMG_13192,-24.72739251132394,24.65099998674583,371
IMG_13193,-26.127783362617198,141.5673390452838,128
IMG_13194,54.6053982636451,-121.46861140431416,380
IMG_13195,-32.881166673044746,-51.576220902302,392
IMG_13196,50.94851622596957,86.29933154775375,92
IMG_13197,30.727285459924545,80.69054811208275,458
IMG_13198,-37.43623259616337,-53.992988032926064,987
IMG_13199,3.9085914017478274,-8.599293770197448,838
IMG_13200,48.35428956074418,34.51565109236165,414
IMG_13201,63.15713067461252,15.293641468142198,597
IMG_13202,49.12204655821336,-84.64152358467155,147
IMG_13203,-7.262764278834808,-71.13809709085211,459
IMG_13204,4.52885664597396,7.573575048593511,995
IMG_13205,38.50311679576498,-104.2462063974098,345
IMG_13206,39.79628746509746,20.73821143469388,436
IMG_13207,36.675368490116085,20.472219410761483,655
IMG_13208,-6.867208443307064,-48.3445675257334,352
IMG_13209,-9.430963449519496,29.174980390850976,544
IMG_13210,54.93442983245342,-124.91312997706372,470
IMG_13211,-36.9010441093543,136.8675091724462,400
IMG_13212,40.23491310081664,-91.18262665956658,188
IMG_13213,-25.300145910199404,-57.74487234689551,815
IMG_13214,60.4469568992389,73.90262292260974,435
IMG_13215,33.55838877361204,-86.34962587454869,54
IMG_13216,-11.17305870879818,27.897460702627427,63
IMG_13217,58.02485782298268,-84.16097777630353,814
IMG_13218,54.7089102123704,23.87885410145321,176
IMG_13219,-28.175291729183,28.182699765184708,587
IMG_13220,-21.477922378785024,25.57557048664725,886
IMG_13221,-23.299477847086507,55.49815344866556,58
IMG_13222,43.49356325715127,21.72818264029013,695
IMG_13223,-21.928534729446483,22.12881169591753,951
IMG_13224,62.51778655950847,-132.85119604609875,872
IMG_13225,50.70814287150222,109.3279892950955,158
IMG_13226,48.5716351483396,32.7370825264282,414
IMG_13227,-20.645936686096945,25.760776580653896,219
IMG_13228,40.46633006383229,-93.0406475848892,188
IMG_13229,56.99465890288539,-8.694664834994086,243
IMG_13230,27.884377565201845,75.38466710263052,268
IMG_13231,62.23544345018598,-127.66492413563564,600
IMG_13232,-12.032350963199008,-49.60749648674343,891
IMG_13233,-34.303704921158385,27.09712666670453,388
IMG_13234,-10.395097438714046,-68.79275280648207,148
IMG_13235,33.86980064388385,-92.97875113668924,918
IMG_13236,63.41485874511051,-8.051909497784294,884
IMG_13237,57.79276799404892,104.00812394230616,61
IMG_13238,42.10722523249939,-117.24792382024737,854
IMG_13239,46.52010038059379,-106.28934914563156,3
IMG_13240,47.86254405236923,21.490162557409462,860
IMG_13241,59.52681567589883,2.3808370211716863,766
IMG_13242,39.33407683569072,3.012125596456201,213
IMG_13243,29.56111285967769,-115.79997599839504,178
IMG_13244,0.9457819615890912,112.97048308779142,11
IMG_13245,11.833860950761904,-58.96592958025764,508
IMG_13246,-6.674976062340548,-76.5923722908723,888
IMG_13247,-31.77073990860768,-58.99720129381637,810
IMG_13248,62.03517205706464,25.3492180754223,811
IMG_13249,5.286347987355015,-87.36450137934361,718
IMG_13250,-45.175508825151695,-65.00014558861652,446
IMG_13251,-3.567783403989182,14.563668447761644,652
IMG_13252,8.552273621536216,7.588244355998569,566
IMG_13253,-17.5103225225228,-63.96145269645757,143
IMG_13254,50.06942512475405,-113.10542397393296,227
IMG_13255,-20.623655715556936,29.31042809385329,413
IMG_13256,-35.95114167698373,145.08745521380706,18
IMG_13257,61.6726309133179,-118.21074047951952,276
IMG_13258,-33.60542783345845,-54.38504988649851,392
IMG_13259,53.39238890480016,-104.12733959547428,82
IMG_13260,53.20517366151796,47.456722437745725,260
IMG_13261,34.89358302964243,112.48324934917356,616
IMG_13262,50.178881607309904,35.46160220991709,185
IMG_13263,52.74960460308753,28.75514585018942,13
IMG_13264,-35.495982863661446,-58.2787591844978,667
IMG_13265,-7.986088971919571,-60.75783630307527,247
IMG_13266,31.76999062912633,-116.94513255215982,178
IMG_13267,50.4935382356019,23.365936254793667,383
IMG_13268,51.787733245750445,-130.50106713722258,551
IMG_13269,47.64540703396551,17.248855855584196,605
IMG_13270,-37.17547347641474,-56.53314169780991,527
IMG_13271,43.959468273866094,33.40818415768848,152
IMG_13272,-8.502563220921644,25.666003827526566,510
IMG_13273,67.5227012411147,20.903761871082335,736
IMG_13274,-24.074732859597248,28.756612806652328,10
IMG_13275,-24.109230560533348,-67.03185093875985,343
IMG_13276,0.5814307896692128,-56.37355455726164,375
IMG_13277,-42.74551546489642,-67.43040971279294,269
IMG_13278,53.74836599077437,106.9676421067179,669
IMG_13279,65.59633236536072,33.15453685114434,75
IMG_13280,39.36410250615921,36.41243869177106,653
IMG_13281,52.85302359901456,-106.76716245504367,847
IMG_13282,47.85840671164812,-89.63486865430372,500
IMG_13283,35.26155755419019,-97.24932362767407,327
IMG_13284,-30.020540544639424,-54.53340221439238,155
IMG_13285,27.402912991372503,-99.26093244089188,384
IMG_13286,-30.800179681882923,-65.10111167194218,881
IMG_13287,55.944640667461385,-98.19274299491308,491
IMG_13288,-37.91705333787667,-66.28473189817265,772
IMG_13289,-0.7288978229610734,25.33579022344412,738
IMG_13290,-38.11353440851853,-75.64573740456333,223
IMG_13291,-20.314496150600363,26.50083394744766,413
IMG_13292,63.842095936357794,73.49300533858815,48
IMG_13293,-31.892476578224816,-52.83221763449035,559
IMG_13294,51.39215797592249,28.2310557183572,13
IMG_13295,-2.9866923702739143,-47.39073710316441,743
IMG_13296,44.73309123210444,24.820336422384827,950
IMG_13297,51.04297745346747,-4.885508873890444,498
IMG_13298,8.915371438240157,49.02328649386578,845
IMG_13299,46.81276554752793,-4.463455572381321,903
IMG_13300,64.9077785826639,-124.2844483335513,50
IMG_13301,57.09290066524568,8.397924903120554,837
IMG_13302,3.5778474621930485,-0.3398798896998585,15
IMG_13303,47.2920154840825,-87.66733332478734,500
IMG_13304,29.944255084810397,-101.02723217927311,205
IMG_13305,52.24563633236181,-96.49552076315938,448
IMG_13306,52.485260744887086,38.39845805141201,59
IMG_13307,56.63026182215191,16.339308162816053,60
IMG_13308,44.84814909246688,106.86818083370936,132
IMG_13309,37.65953301011984,-105.17261158778938,345
IMG_13310,-26.952158663840542,28.53607949244028,235
IMG_13311,-23.39486888495307,136.37165340162983,271
IMG_13312,-10.282159689348616,-135.83893580729384,27
IMG_13313,61.885043451067816,111.96020818805545,194
IMG_13314,-36.93563512919429,-68.6529357299168,617
IMG_13315,56.62208925924807,-123.77958717124098,113
IMG_13316,31.6032440647308,-113.8434955403466,819
IMG_13317,7.398521403152813,-158.20502936758712,328
IMG_13318,60.71205869347921,73.47122477658814,435
IMG_13319,46.5433249709115,-119.90025397853452,19
IMG_13320,44.25185924710564,27.263580820453143,236
IMG_13321,-37.34499273400051,-70.63057789200644,999
IMG_13322,-26.671854600208945,-59.34958693988728,222
IMG_13323,59.12962404398149,113.41873870351134,981
IMG_13324,55.66613580843159,53.51169255524883,514
IMG_13325,41.268248174989935,-104.7491184009867,115
IMG_13326,45.12391878769239,22.08086272664832,120
IMG_13327,51.615423453482094,-133.9215603919295,551
IMG_13328,-33.24502721908294,-57.70180142333032,9
IMG_13329,-27.82676299476268,29.09842478809901,587
IMG_13330,56.6962261470062,96.32382137950545,755
IMG_13331,47.4472973918482,47.55223657044098,118
IMG_13332,43.603020852990056,-93.98163282309008,567
IMG_13333,-15.962328978619569,-47.26541393382792,229
IMG_13334,-18.460967400613622,20.21207593628841,402
IMG_13335,60.46009182480333,112.03051645304106,981
IMG_13336,-21.468070013826363,-52.378407781960775,599
IMG_13337,58.45936957296541,66.31528058158585,556
IMG_13338,-20.39852658236748,-49.923798794492,390
IMG_13339,-9.076384770088296,-77.34219825788337,267
IMG_13340,50.64631201780659,79.58168277794601,496
IMG_13341,43.13076253035325,1.6129279701426924,757
IMG_13342,49.26564335879502,-120.80798002848007,242
IMG_13343,-28.33860873007872,-54.31163207245254,602
IMG_13344,32.08640820236178,74.15556820241798,511
IMG_13345,-34.1041218264002,-62.64858745047181,630
IMG_13346,-9.937840712909434,-69.90123028953008,459
IMG_13347,28.889225986190283,81.4684897870356,458
IMG_13348,-24.528428304342118,26.88907721900361,10
IMG_13349,34.62972986871465,-105.69166477329829,613
IMG_13350,60.90106732535386,64.95463647258293,290
IMG_13351,71.32159065223917,72.3031753578318,965
IMG_13352,61.44705856042049,-120.40178349299404,276
IMG_13353,27.6931215282426,-100.73817662151755,980
IMG_13354,49.19972031306611,-105.34130528231437,302
IMG_13355,30.46541408274554,-107.18908565355258,407
IMG_13356,64.599234211717,13.355094999740516,396
IMG_13357,50.03616575313845,-125.98188246530977,982
IMG_13358,-22.08285938368121,-41.901207728770686,298
IMG_13359,-27.650082735573307,113.85309294545988,817
IMG_13360,11.940484325601515,108.43049926655874,851
IMG_13361,-4.76846248880986,136.11957207989633,291
IMG_13362,38.39297824134519,-117.81934448925828,96
IMG_13363,-0.4488776421428326,15.386839868757193,767
IMG_13364,-25.4441063939925,29.00377853914273,235
IMG_13365,8.888079812556043,6.970583539724089,566
IMG_13366,39.77740655305246,-99.44404748792832,917
IMG_13367,-29.034556242004392,-67.74135246684837,310
IMG_13368,-23.96041763631723,27.024068704027517,10
IMG_13369,63.95886811849675,16.834216121624934,21
IMG_13370,-23.24281269856715,28.02084576782815,712
IMG_13371,-10.505525280207904,-58.32736017306157,610
IMG_13372,54.034498309397634,21.208648131539466,445
IMG_13373,56.46827491200747,-109.93899219525122,417
IMG_13374,62.33954515960096,-117.18667693475298,276
IMG_13375,49.9836551244392,-105.35348752533288,302
IMG_13376,52.37516148979535,-101.84062742728756,82
IMG_13377,2.6986614571997336,-80.52124712738934,768
IMG_13378,59.14105107707667,-109.3239054105007,733
IMG_13379,11.539983587200012,-7.567287997794182,124
IMG_13380,37.52627662439778,101.31092300813587,443
IMG_13381,-31.452507956772408,-65.69273665089833,67
IMG_13382,51.73718868265007,47.70688611594221,882
IMG_13383,37.46169820074664,-92.64555890670783,293
IMG_13384,-16.34073471231656,-42.71213271602392,66
IMG_13385,14.794231127757229,-8.045607056399916,809
IMG_13386,-21.17495877327661,26.953788781703366,413
IMG_13387,11.947900073607444,97.59463956052537,341
IMG_13388,-4.468223784890256,-42.26064801764247,22
IMG_13389,-20.87733724909688,27.097413973693847,413
IMG_13390,37.07863617984003,24.25241863202487,369
IMG_13391,70.76271079452772,-103.4724838357529,320
IMG_13392,26.621628783187475,-113.90153372084804,353
IMG_13393,-31.77255513101303,117.45795918223246,480
IMG_13394,-11.769680844076674,-53.20268704745705,306
IMG_13395,41.765923908389794,45.15389645063669,180
IMG_13396,38.446134663428325,34.254369039791015,99
IMG_13397,38.28452789946684,-91.54351585935858,293
IMG_13398,55.35923107919595,111.68101043999178,399
IMG_13399,42.82216937374915,107.3702901038751,132
IMG_13400,49.89535437733855,28.091234405502007,688
IMG_13401,49.48433263663495,92.17665595517764,740
IMG_13402,41.43205887446612,-103.52740551735134,885
IMG_13403,47.70292346333474,14.87090523931289,201
IMG_13404,62.10999584791063,-126.71102534209524,600
IMG_13405,43.7577869459509,76.03292232755689,157
IMG_13406,7.573838886798427,-83.09400559397534,190
IMG_13407,41.29700363404345,44.5189155417365,703
IMG_13408,46.66442535439359,-115.00971152019622,609
IMG_13409,8.204777328568724,-77.62305116983123,681
IMG_13410,-31.43293253771208,130.77769876813352,2
IMG_13411,42.98200127501494,-116.840926819665,973
IMG_13412,-31.173073697731283,128.02248000776126,756
IMG_13413,45.55132732148479,78.7881391315342,299
IMG_13414,-6.9756142782674,-7.5418530965444575,595
IMG_13415,1.913198967205446,-61.389869767085685,952
IMG_13416,45.31377663608009,-86.96273209220661,397
IMG_13417,-31.73129263140781,152.93366945336368,523
IMG_13418,-39.80678386987612,-68.91991895166936,710
IMG_13419,-20.879608568174632,27.23730240064469,413
IMG_13420,-4.139782532296437,-32.056667644060866,167
IMG_13421,35.33690303204804,-87.2131226802253,139
IMG_13422,60.1127841316727,41.84211558684521,195
IMG_13423,44.883752951096085,-112.36090603235974,198
IMG_13424,55.1257934941155,-118.51520632138438,380
IMG_13425,-34.43745616537201,138.58877251291835,706
IMG_13426,29.83406777662668,97.3799068118002,181
IMG_13427,-3.4885310190240943,-65.81256730219602,455
IMG_13428,43.84559000896937,-120.99288514258046,447
IMG_13429,67.98889884632356,27.04465121180297,680
IMG_13430,-23.82335918291697,111.25943120651424,660
IMG_13431,63.09549750565964,45.72192105655501,154
IMG_13432,-36.766532414678906,-71.26518571261764,999
IMG_13433,51.95149729794366,-128.35222498427933,93
IMG_13434,51.92931621316663,77.3490654356026,926
IMG_13435,42.4091189751012,74.72655132167378,157
IMG_13436,10.589709507967498,8.561067048633873,427
IMG_13437,58.07908393482077,-8.253797394061962,243
IMG_13438,66.11904427142332,42.57190673510192,671
IMG_13439,40.94609294548039,17.454425058309198,208
IMG_13440,52.07922265579174,7.095192851263306,145
IMG_13441,-44.310515618407486,-69.65344074519786,907
IMG_13442,11.777763110170255,43.50023655102106,862
IMG_13443,52.025428034394935,102.73227418701384,930
IMG_13444,68.50450915391059,-132.0189138135432,406
IMG_13445,65.80690836938774,23.25573728906372,503
IMG_13446,-16.604350673398926,-38.44713580987968,432
IMG_13447,35.19627989264264,-112.62121072892472,591
IMG_13448,52.30741976975057,42.18926551217871,59
IMG_13449,51.01175670391052,-100.43106576951344,663
IMG_13450,35.32923536825969,-95.51185464916568,12
IMG_13451,62.3827037774459,14.646195997240229,571
IMG_13452,59.39280153685917,32.28215930285728,57
IMG_13453,-16.78422783647028,-51.69882432294938,221
IMG_13454,-20.784864804017133,27.635887138752423,413
IMG_13455,33.945195411860965,-92.25196209907872,918
IMG_13456,44.92056140203627,14.245010634291646,674
IMG_13457,-1.4143746894015408,146.00649037012624,389
IMG_13458,-3.628084774650901,-34.0665314346798,167
IMG_13459,31.58810070685692,77.20128998765301,112
IMG_13460,58.64831465272425,-131.74425349984045,800
IMG_13461,-6.028102509303139,-63.14850715859299,745
IMG_13462,50.26505517141226,-129.80721889731242,982
IMG_13463,35.51271495823136,-113.79413915853408,591
IMG_13464,-29.425817840075524,-57.175716630331664,533
IMG_13465,-39.11525944145468,-58.76177416157552,928
IMG_13466,68.86663482431419,24.178748692732118,680
IMG_13467,65.55578234994113,26.141362321838187,503
IMG_13468,-25.06802450629482,26.118271454887548,371
IMG_13469,-19.845627454831916,-44.42036244335108,601
IMG_13470,-10.11561791401192,-38.41197397692059,177
IMG_13471,51.73894554614259,23.18330244749302,875
IMG_13472,44.80711744245349,83.46833965333474,286
IMG_13473,-1.6143858534398134,-46.14649271446331,902
IMG_13474,44.21887021851228,-104.70085476839392,993
IMG_13475,2.1043630605566506,-60.82132256463743,952
IMG_13476,43.22136013374612,2.8001573222884417,757
IMG_13477,58.95424879162084,6.228846980208999,379
IMG_13478,53.88792982882251,-124.36692362627043,536
IMG_13479,56.94620309016688,42.47960249953718,921
IMG_13480,68.31128724778756,78.68670939335516,431
IMG_13481,49.18271895470943,1.731089034983171,340
IMG_13482,47.225701079189605,-98.26526495100131,281
IMG_13483,61.70504346252562,35.53773146562435,473
IMG_13484,54.883470227065146,46.06491734267644,206
IMG_13485,46.83091983668942,-8.413588175406886,903
IMG_13486,66.15347330266025,83.89939797277066,746
IMG_13487,65.10440006622912,42.34973685978832,258
IMG_13488,53.58598846394037,-129.82537067403743,224
IMG_13489,50.968251279511776,17.649458198738415,623
IMG_13490,61.816122848058086,0.7190947515750281,78
IMG_13491,52.58033047471636,-10.114582357210878,912
IMG_13492,-9.108539856305384,25.18715171762972,510
IMG_13493,44.772669847217344,-0.1846778841154162,362
IMG_13494,61.68288881157906,-110.9175693144472,561
IMG_13495,56.76738650390183,-111.04918836065268,151
IMG_13496,62.476312795498245,-8.557787571358404,884
IMG_13497,-4.030260175644372,-41.13901448508824,22
IMG_13498,60.966844131481366,28.29897641788364,811
IMG_13499,42.668877761470696,-4.351768506797981,565
IMG_13500,11.389840968533804,42.59948318464626,420
IMG_13501,-25.4073083697931,154.91253082253547,689
IMG_13502,52.05665175077508,25.21015021539569,176
IMG_13503,67.1117041161774,6.544632060861801,199
IMG_13504,59.30001542859108,-125.705543652193,113
IMG_13505,39.71094888318129,-89.95346079873069,404
IMG_13506,10.405988997016747,92.84843003781192,661
IMG_13507,33.95778128662724,34.43684091410776,173
IMG_13508,-15.088777585732116,-45.3432230802961,229
IMG_13509,36.70883721846639,-91.10975649821437,911
IMG_13510,64.48960796332034,83.70218585039203,301
IMG_13511,57.85616666336247,32.94254254333592,962
IMG_13512,38.282952732877504,-104.51500032508518,345
IMG_13513,58.10459169478847,71.49399189706904,228
IMG_13514,58.176328301579474,-91.20069224417016,172
IMG_13515,62.100320699471865,-131.46759765413626,231
IMG_13516,41.67267678143071,-116.59003616366212,854
IMG_13517,53.04084813137956,-102.08723525338364,82
IMG_13518,62.47207203333397,76.35403419676015,589
IMG_13519,39.65772583059015,-5.280123674422441,29
IMG_13520,51.29982381366858,-90.7950654198294,645
IMG_13521,-10.02547248539176,-74.13159020035035,679
IMG_13522,42.77426488336008,7.456793550639276,686
IMG_13523,-26.88238449342681,-49.97710196904046,339
IMG_13524,-4.361731449370126,-61.62561802379007,745
IMG_13525,62.51817437541479,71.82508043970978,104
IMG_13526,-20.522229723301493,139.04143880425374,709
IMG_13527,-27.49810126288166,161.35929343094182,784
IMG_13528,64.80543189181495,78.75223000725805,839
IMG_13529,68.07728175628199,25.624625289465968,680
IMG_13530,-21.864097420692342,45.51457219578455,934
IMG_13531,37.47609283428173,38.88794456910398,889
IMG_13532,53.83846084036247,-104.33124322640936,82
IMG_13533,-25.84337448909426,24.66457184098817,62
IMG_13534,27.0580172883341,-107.39253009746136,38
IMG_13535,40.12129009693561,-122.32124279480574,970
IMG_13536,41.54385105804107,43.28442133600064,25
IMG_13537,63.83604193636,77.2604572563589,839
IMG_13538,5.435367587361739,-51.32269446623718,724
IMG_13539,-28.86635252482671,-57.410205458759805,533
IMG_13540,12.668263198123654,44.09602158463713,862
IMG_13541,55.81040466995535,89.84977318946574,859
IMG_13542,63.53972397795425,24.76763276096267,364
IMG_13543,42.65896461216579,22.68205053344525,342
IMG_13544,67.46198520003401,10.776312117562467,199
IMG_13545,40.69145282321713,-100.58216999014611,917
IMG_13546,62.01582717563252,42.21576106829895,195
IMG_13547,39.771012669957855,-87.83880319403514,440
IMG_13548,42.84997468741676,75.80396493422734,157
IMG_13549,39.22306178960804,-129.78412168192148,694
IMG_13550,46.45507231824348,45.63626048095418,707
IMG_13551,53.05358227926678,-103.00483731125522,82
IMG_13552,38.99517917430424,-114.89467959724476,796
IMG_13553,3.181818102041319,-78.89037882054471,169
IMG_13554,-28.768445475046832,31.087816340848438,530
IMG_13555,28.253156740381684,93.93328208490618,419
IMG_13556,45.4587700252236,-94.9006976720703,376
IMG_13557,-26.811033553944178,-69.4572410178538,633
IMG_13558,40.15474949180273,5.214638559099114,953
IMG_13559,46.34620292475822,36.15061044587253,700
IMG_13560,-24.2147801955328,132.55902792104075,271
IMG_13561,-11.55758591781634,161.9907608089202,330
IMG_13562,61.558745363457774,36.52121003169353,473
IMG_13563,-34.33024359644338,112.56741695903952,833
IMG_13564,46.20888595061104,-121.836954404014,639
IMG_13565,-23.40284782713473,-71.25636276974365,801
IMG_13566,-6.282063078457838,-37.23523816694643,344
IMG_13567,-21.039441264728158,-54.34180988050987,575
IMG_13568,42.63427186673894,22.12121606375007,695
IMG_13569,-25.41359015492813,118.71837285328763,752
IMG_13570,-39.60936691366222,-56.63480353689447,928
IMG_13571,52.83263638117484,-119.6083286779238,40
IMG_13572,-28.70176274197025,43.70524779554273,789
IMG_13573,-7.915607909527466,-76.2935130823241,267
IMG_13574,58.094251810491215,-107.10098587849656,417
IMG_13575,-17.222233403737903,133.13410150360136,453
IMG_13576,-42.71588111859545,147.62569387177962,906
IMG_13577,63.77008057672697,-91.12190126219193,452
IMG_13578,4.503078314712241,-71.37240809333636,42
IMG_13579,54.23035137424637,34.0728331623954,131
IMG_13580,55.4735762452153,-10.976199615450383,125
IMG_13581,-27.97530045951561,27.682452331922235,587
IMG_13582,49.83771782486923,-101.36619983001164,663
IMG_13583,52.275670756883954,85.45603748282338,425
IMG_13584,57.06637208970045,-8.273740867563589,243
IMG_13585,-23.43704247187354,-41.02024770393368,298
IMG_13586,63.48048793744718,109.8683279873809,194
IMG_13587,64.88617754534636,39.24716526715128,463
IMG_13588,60.00734610204478,19.951844304442773,166
IMG_13589,36.30394987161537,-96.75741779150384,12
IMG_13590,47.02811273643522,20.14274252454186,605
IMG_13591,-29.19719382271713,-54.824771292786906,602
IMG_13592,-23.05309192457696,-53.8478266113416,813
IMG_13593,38.45063655196213,-105.97578679662962,722
IMG_13594,57.87954943217383,83.32545921557613,203
IMG_13595,42.69009753442853,47.98831851679361,180
IMG_13596,38.31432082424928,-105.99358677258556,722
IMG_13597,57.92646012304581,94.05192054747896,187
IMG_13598,44.692917439723146,82.38262227167161,299
IMG_13599,5.938718093225958,37.288427405013465,864
IMG_13600,-25.229704211369608,-62.78821786526174,620
IMG_13601,-38.591616203802296,-57.93154724116678,928
IMG_13602,-38.56947046789091,-69.72464339616326,322
IMG_13603,-16.340736566822173,-57.5737840994242,476
IMG_13604,-29.838713590891288,-56.57218207906422,155
IMG_13605,44.30270804227388,-90.32199547361726,501
IMG_13606,-24.412212230209263,-127.68267006683472,88
IMG_13607,-35.483093782653484,152.8078791161886,691
IMG_13608,-19.54387589035683,-47.82467748438589,7
IMG_13609,37.94354625391364,42.38518162022877,217
IMG_13610,54.879856945456936,86.27081335781361,859
IMG_13611,45.31754736994847,-118.03745303719334,19
IMG_13612,57.53739576656318,-112.84643959969752,151
IMG_13613,61.64492737321268,80.17072245579158,589
IMG_13614,-32.5582167552,-56.46406886549522,9
IMG_13615,48.54081365865565,37.61471931547243,262
IMG_13616,41.42750615230872,-114.56488005964522,300
IMG_13617,64.6195109192152,-132.92775830009057,872
IMG_13618,40.63917156095988,94.62754898751712,512
IMG_13619,-19.173097248744483,-68.90587488288011,358
IMG_13620,57.87144131490416,6.733628652551772,379
IMG_13621,31.486468294523164,-95.15003532210676,127
IMG_13622,-10.420125898067925,-68.68239650092738,148
IMG_13623,52.22076738055642,65.75962903565886,564
IMG_13624,47.14200602484192,-114.69949079857128,609
IMG_13625,56.95896961565555,-130.09870210264162,582
IMG_13626,41.19534343925494,67.76076836045411,80
IMG_13627,10.659031015875255,48.939849686763694,134
IMG_13628,-9.906510162264553,-68.15065937079223,148
IMG_13629,46.78686098574582,101.96128587125236,931
IMG_13630,-34.15996251681259,-68.51809959310003,935
IMG_13631,61.37365389921965,39.87144996214568,195
IMG_13632,-26.99196778568387,28.66819390844023,235
IMG_13633,-32.956842170925746,19.109745122793584,618
IMG_13634,64.41412128751739,31.076425893999044,288
IMG_13635,46.19506848742552,32.233899710026606,989
IMG_13636,0.1302006764983616,-80.10942633633468,741
IMG_13637,62.81969128687581,-113.97604644344509,561
IMG_13638,-0.9400514539991888,-44.80616699387721,902
IMG_13639,52.29558955096343,100.7569946186286,593
IMG_13640,54.42322455637088,86.11329141185223,425
IMG_13641,43.98091496200311,-4.655954547709143,685
IMG_13642,45.54035251846386,110.47257081716498,938
IMG_13643,40.622990604229415,4.38585837505866,953
IMG_13644,-43.7167301023534,-71.07121370717628,460
IMG_13645,51.04380557353713,0.1524656176836174,919
IMG_13646,50.09634825018432,92.82922607517378,740
IMG_13647,49.57172709559853,87.60248324786915,92
IMG_13648,40.13796213894915,27.003943353917972,590
IMG_13649,-8.726818110069388,-81.29618905982781,273
IMG_13650,61.366865293319,-84.69987474362142,452
IMG_13651,51.49748147816587,86.58102117682472,425
IMG_13652,51.34751305816093,29.707587753101592,13
IMG_13653,-0.2577236274724583,28.754445959408,4
IMG_13654,52.42616833674185,-0.3141671826454342,16
IMG_13655,-23.76543411938232,-47.09895818854813,119
IMG_13656,-22.22601549113942,17.486681730725252,538
IMG_13657,66.858003955041,85.51395557922206,189
IMG_13658,47.20801263430809,14.623142136414032,201
IMG_13659,32.366440274345905,-108.84916820843402,225
IMG_13660,53.0626045902082,40.64263498076062,59
IMG_13661,44.89782350721194,-85.93989458455431,397
IMG_13662,35.737583590967915,15.369989973214842,920
IMG_13663,39.67299126611607,-115.21306252839037,300
IMG_13664,46.20311202174355,-124.19769434558984,639
IMG_13665,44.08433372522859,-118.34389412685924,447
IMG_13666,-34.93984455553135,112.83237519210024,833
IMG_13667,54.21091284706549,2.759314779802395,488
IMG_13668,60.88411468634962,-129.46247511169514,231
IMG_13669,47.91212639387615,-111.73778931353318,821
IMG_13670,1.5351016357345486,-52.99253711649442,94
IMG_13671,51.01160652765134,-119.90402065192072,650
IMG_13672,-27.544653572659957,28.389118751867016,587
IMG_13673,-5.480361387681995,-58.19453285380976,840
IMG_13674,19.72155870378141,25.42702076157929,461
IMG_13675,28.186210345360465,-98.73778104543344,980
IMG_13676,36.09086716201651,-94.51272429635527,12
IMG_13677,42.671441537068006,78.07033924311213,909
IMG_13678,-35.052027461146764,-64.2132354742183,196
IMG_13679,48.7860828107726,83.56861155884314,92
IMG_13680,45.1118414674238,71.00943016848203,596
IMG_13681,-10.852157612571574,116.83897774443108,270
IMG_13682,-17.511916594936153,-44.90570857912678,790
IMG_13683,41.03902374432536,29.32575265322143,590
IMG_13684,-31.96978446786576,-53.51693891376701,559
IMG_13685,1.4083760992778167,-77.23000390321462,169
IMG_13686,-22.927457754133076,148.0598391310201,549
IMG_13687,39.52218271698706,-116.51411536866372,96
IMG_13688,30.94251955856876,-116.99337510097128,178
IMG_13689,4.43319006563847,101.57345162486462,216
IMG_13690,-39.92708233334497,-64.3187190739089,103
IMG_13691,36.12757569498045,10.274864087529636,490
IMG_13692,-14.981783099014136,25.396587156684177,647
IMG_13693,46.24292709769446,-1.1027834889191863,164
IMG_13694,6.321487952253506,37.0919350189364,864
IMG_13695,-33.17135878393598,-59.5818815863191,806
IMG_13696,42.09241159223626,-99.54484480871436,175
IMG_13697,-16.838951071240913,-65.58744524653844,468
IMG_13698,43.42109781618996,17.662831793845612,374
IMG_13699,-0.5645553329921142,-53.94694693371463,760
IMG_13700,-0.2027764666271707,-48.32812189634146,168
IMG_13701,-36.025362726556914,148.57232129386728,546
IMG_13702,69.71301879885192,24.328989327244585,123
IMG_13703,-32.69501859192579,146.44619635969372,540
IMG_13704,-2.0131840939430674,25.12929686393909,738
IMG_13705,32.87411423637319,-108.55098359718292,613
IMG_13706,-27.584183991769592,22.78033081640325,466
IMG_13707,42.68855123840518,-84.8942220844776,608
IMG_13708,-23.095031463808223,-70.76274346001355,801
IMG_13709,48.86854837925006,9.173820599553324,628
IMG_13710,6.4966974007438125,-1.9391500116228717,200
IMG_13711,-8.962998453905982,-40.433425640162966,603
IMG_13712,56.9283222825797,68.68858251176616,878
IMG_13713,-21.976884579190823,-62.865712176314304,910
IMG_13714,-18.273932648272364,-36.03590941404633,432
IMG_13715,-25.656538591378023,135.6694703902707,271
IMG_13716,-14.466416823979529,-57.20717886218711,149
IMG_13717,42.59740527752248,24.02773025124125,342
IMG_13718,-14.43897111764008,-53.55671235219819,612
IMG_13719,32.69514204008132,72.99634189686839,305
IMG_13720,56.74214741912999,13.08133349833983,659
IMG_13721,52.125356004022336,-109.80374314839888,641
IMG_13722,39.11829450188992,-97.8014993841059,708
IMG_13723,40.65043706904498,-9.12323043024054,337
IMG_13724,50.867137467686376,0.0994838159803634,919
IMG_13725,47.85634424137103,104.13445319024726,931
IMG_13726,-25.702377842816237,139.21526855372696,128
IMG_13727,-38.878465074861005,-59.64487670948317,928
IMG_13728,52.207391123452055,33.38838591240884,604
IMG_13729,34.763881325756344,102.19541637168624,443
IMG_13730,-15.817777828283354,133.8997633318313,453
IMG_13731,46.35915102351396,27.330338133592303,692
IMG_13732,63.7202335606807,79.59237557645872,301
IMG_13733,60.62726054303488,-124.95076916302466,600
IMG_13734,-16.91101966369405,-61.28902648670349,715
IMG_13735,52.84301492172455,-117.06776053949994,40
IMG_13736,-11.279430698011735,-42.91985789751468,702
IMG_13737,44.31469517208527,-89.48197522569929,501
IMG_13738,40.95442235342392,26.15407672590186,654
IMG_13739,56.21096303969733,-133.4411002545161,582
IMG_13740,-8.14358849934564,-78.84548690037576,528
IMG_13741,-20.376259776499797,-51.56726094412821,599
IMG_13742,0.3124228420711574,-79.58897498030811,741
IMG_13743,-11.370000866385736,105.57922117784187,346
IMG_13744,36.91657886896557,-119.83129770310588,761
IMG_13745,29.95795190629123,-90.64537061653957,637
IMG_13746,-25.50561346256072,28.496421786387515,235
IMG_13747,-31.271705723182823,-58.0117662416634,810
IMG_13748,54.16743792278186,-133.2454431355525,551
IMG_13749,-18.89849731014168,-44.19404190038833,601
IMG_13750,-26.50778998602255,149.9578731012018,280
IMG_13751,-36.48626601018413,111.47395340574384,833
IMG_13752,54.2391771823086,45.35985207235288,260
IMG_13753,37.30702201320044,-101.78044780773796,632
IMG_13754,-18.91454684631927,-67.47963048663144,842
IMG_13755,53.93374686165387,64.53484302006277,73
IMG_13756,36.776845420598434,-84.27823019258143,898
IMG_13757,-12.652462815607066,-39.11064978787422,836
IMG_13758,29.646532661159117,80.22197858249655,458
IMG_13759,-8.55831795057236,125.1212381093208,116
IMG_13760,60.77719053377331,-130.1660889994139,231
IMG_13761,-37.61528286093701,-68.90428507921932,617
IMG_13762,60.67581257660754,23.282972901110668,166
IMG_13763,54.81370033395493,14.503040965353565,60
IMG_13764,-7.615987597527066,-40.06899814924901,557
IMG_13765,-2.2151659013584606,-77.35563924543587,64
IMG_13766,-34.35461969638919,-71.16608777844304,23
IMG_13767,28.863186741397413,-95.69473691041112,529
IMG_13768,-11.153541220291814,-37.22254805519941,699
IMG_13769,43.22896642933523,46.31973126765004,180
IMG_13770,48.25841021585688,68.63848248077042,336
IMG_13771,-28.4561892998479,-61.53402773426228,683
IMG_13772,49.35442617106372,25.294672018297437,383
IMG_13773,56.60232411917153,74.78872911332348,569
IMG_13774,-11.578589051994156,-42.05164694231945,836
IMG_13775,-23.33607082919869,26.581404002638607,886
IMG_13776,49.05742282306454,-96.328314764084,693
IMG_13777,2.115065611460324,-77.561559385401,169
IMG_13778,-31.981164143896223,140.96839112517193,690
IMG_13779,47.55177220489179,-121.06302466246714,242
IMG_13780,39.97909947160207,15.465769185175075,208
IMG_13781,-34.42740834884343,-70.50128499499476,23
IMG_13782,38.78970796054284,-92.35290519959634,293
IMG_13783,-18.70697985905214,-39.42738442989548,106
IMG_13784,50.71224657382891,92.30663596921464,740
IMG_13785,45.79949362972826,17.387701712908296,605
IMG_13786,34.66337960594811,-104.59913051321053,632
IMG_13787,-15.687116992544633,133.67360288501663,453
IMG_13788,-25.43809504839209,-48.620868577666414,356
IMG_13789,33.451165792078726,68.46251527546701,485
IMG_13790,-32.06041647324025,-77.92674354109407,405
IMG_13791,4.881683727309166,-3.75016717130714,444
IMG_13792,40.13461609289413,-92.61828981050292,188
IMG_13793,-9.879382614261246,-44.87959101635255,163
IMG_13794,56.284131206520016,41.03148818713555,412
IMG_13795,46.74242162727381,43.53465990801698,750
IMG_13796,35.8674536576805,-2.728269632761169,366
IMG_13797,-13.114766138301718,114.06557299191866,270
IMG_13798,-28.13561603016568,28.45628536892187,587
IMG_13799,65.73081942147732,-122.238368214235,820
IMG_13800,50.15266619034293,-122.791882061994,783
IMG_13801,31.015933576398822,-112.03512738413109,225
IMG_13802,-43.74242189658786,-66.20147639067397,269
IMG_13803,-6.842590854903463,29.770044586905897,544
IMG_13804,41.63512822995216,16.569718937354395,955
IMG_13805,52.20984510710207,15.93283557239218,278
IMG_13806,40.106262704667245,68.81050942367301,80
IMG_13807,48.72025060049157,-105.27894444943388,302
IMG_13808,53.35302297016963,-111.98125110149108,517
IMG_13809,56.62409903154327,36.45766597148449,279
IMG_13810,-6.415435599695684,-79.68079420937676,525
IMG_13811,35.21836881043123,-102.84642563796513,632
IMG_13812,-18.191314454459786,-47.95875835002016,7
IMG_13813,-39.95764005929486,-71.84512973788793,395
IMG_13814,45.205900609076366,18.719860671990062,374
IMG_13815,8.327601300095921,37.56380740316962,192
IMG_13816,-3.15699256961895,-80.02536794932644,64
IMG_13817,3.0727382376655896,41.171173270706674,36
IMG_13818,35.17362936532392,6.849257408482231,349
IMG_13819,53.17396115235681,-131.46252382569355,551
IMG_13820,-20.200470334974668,-69.68566212797654,51
IMG_13821,45.86766375946428,22.271223911519684,120
IMG_13822,-17.66012169482468,-71.17932363908938,924
IMG_13823,15.84388780062065,-5.778064775897974,897
IMG_13824,-13.773565936273712,132.5621608989294,26
IMG_13825,-17.204234880681256,-55.229809109049285,476
IMG_13826,53.75800934630007,-106.81817188615304,847
IMG_13827,-23.53093272929037,-55.21531256961797,813
IMG_13828,41.7681874277784,-106.45167262292044,115
IMG_13829,39.10897884493042,1.7877779158124554,213
IMG_13830,52.57514908838832,-106.72459159035157,847
IMG_13831,58.52171925337049,82.11329250047311,203
IMG_13832,37.79570535403207,-10.018713947314351,457
IMG_13833,50.8245671781176,-3.203963659985533,215
IMG_13834,55.3763172396844,80.18837344756287,140
IMG_13835,42.94429749366253,-120.27653229696942,447
IMG_13836,-41.49250090535145,-63.059452256792014,103
IMG_13837,36.58557256868755,29.12511692421907,892
IMG_13838,65.9782575832754,70.66748233127646,584
IMG_13839,41.99032234304008,80.47067766621404,909
IMG_13840,36.47164292983005,-90.83362599466888,911
IMG_13841,53.96107587903751,88.04389777344466,859
IMG_13842,43.17150495937426,16.34858569703505,374
IMG_13843,40.08308929125394,22.03437713587684,436
IMG_13844,39.87346000982427,11.299712968683508,489
IMG_13845,-28.57308120236848,-58.01310772533702,533
IMG_13846,46.86872831081308,9.251272954757011,218
IMG_13847,7.200803287527705,38.369517541881294,192
IMG_13848,-16.32589238515763,-52.091780642940165,221
IMG_13849,40.0658751022801,23.19950754838493,342
IMG_13850,50.51441760403094,32.03389161930855,828
IMG_13851,65.49048727242189,-131.1448829463645,406
IMG_13852,65.5275293494474,79.63483260754526,746
IMG_13853,-29.961653956663632,-65.58996802573813,881
IMG_13854,-25.967054627979024,29.20861433386364,235
IMG_13855,46.94562411336108,-90.1706791212848,500
IMG_13856,59.672129829108826,47.97825515698375,586
IMG_13857,3.680006952613809,-80.30346838297457,768
IMG_13858,-34.90634732758433,21.91851506011656,110
IMG_13859,54.02871217081167,-99.52241557510143,239
IMG_13860,59.06024909275183,85.05948056807631,753
IMG_13861,64.12939927035336,38.99857512674026,463
IMG_13862,63.63159030406291,21.48862383954281,21
IMG_13863,46.71221020462781,-118.39099067998326,19
IMG_13864,44.67513000949026,-117.14207119531704,19
IMG_13865,0.5530684061705244,35.72935567391852,410
IMG_13866,-11.576294445461784,24.67553420018686,510
IMG_13867,62.07792591957838,-111.95013439020951,561
IMG_13868,36.5322380407417,17.605813719232714,849
IMG_13869,-6.493069071699665,38.98674065841226,387
IMG_13870,11.952625786575297,12.757838005072898,325
IMG_13871,67.75202166207075,66.12386274576903,141
IMG_13872,-42.83697956463094,-67.05059338460424,269
IMG_13873,53.46073769560096,1.4027816862915472,16
IMG_13874,-0.08029822002689,-42.927269678096565,421
IMG_13875,59.12269469383944,35.42765984956958,554
IMG_13876,51.13674582805732,33.65202304389493,828
IMG_13877,43.47235678640459,-126.34419907954155,150
IMG_13878,-1.8208063632040847,29.282914641286595,4
IMG_13879,4.1906210337538425,32.1868663578511,484
IMG_13880,39.945671932752816,-103.32001036998228,885
IMG_13881,-38.68784486915652,-61.806093728140766,303
IMG_13882,37.47281387123439,14.041459413528088,5
IMG_13883,39.21913660173888,17.982585023830552,208
IMG_13884,-22.055918422846503,21.719514133850254,951
IMG_13885,60.54881807510637,86.13030661080592,753
IMG_13886,16.140167004128926,-20.865543463165864,41
IMG_13887,-5.158525045603568,73.56869546855327,95
IMG_13888,51.141110164513634,-130.1932271062249,551
IMG_13889,49.35149106069469,-88.13166838201533,500
IMG_13890,2.451654049275376,-51.17256854124457,94
IMG_13891,-4.4282568030531735,-42.061282050463575,22
IMG_13892,28.55518042234385,-112.13154550973135,391
IMG_13893,61.26928844123245,-118.93665326542248,276
IMG_13894,-22.596163290122437,-64.77844540310285,910
IMG_13895,39.71893235751526,-109.7529469673221,408
IMG_13896,24.659442417005778,44.691720161301134,944
IMG_13897,45.76323532616453,107.08031288946472,132
IMG_13898,7.425415226923292,50.36074080176888,845
IMG_13899,-16.953570371222384,-46.66188946594502,790
IMG_13900,40.18049052259792,-2.9713163081991354,142
IMG_13901,48.71418410286276,-98.84634324565953,281
IMG_13902,-21.17028066128792,115.097252519285,146
IMG_13903,8.51498724253247,14.421228623417877,325
IMG_13904,53.94993591529155,70.22388925371402,465
IMG_13905,-15.373634494600168,97.96831825843196,482
IMG_13906,9.730322825630251,14.498464978737276,325
IMG_13907,66.7061897146981,26.597243098060204,503
IMG_13908,-23.20428524017764,11.739921048688984,43
IMG_13909,7.051960718451596,26.642390593778288,359
IMG_13910,43.81720297218368,79.56405939471796,299
IMG_13911,-34.68993351688949,139.12380835588073,706
IMG_13912,28.40105670779636,82.09528032348743,458
IMG_13913,-31.39221897522465,-55.7522380280148,155
IMG_13914,43.97493416067897,79.75628482938862,299
IMG_13915,50.10716711724791,-101.09060403070528,663
IMG_13916,4.749704578972512,10.803282865484448,84
IMG_13917,-3.865650109574517,-57.38381188219931,840
IMG_13918,-32.05381565758365,138.87736603297014,312
IMG_13919,-27.986252451872065,-71.05664935348452,713
IMG_13920,47.64568886509056,16.380492562258098,201
IMG_13921,21.775585113696398,24.375003896462005,461
IMG_13922,56.3431275684961,29.831457845350258,451
IMG_13923,53.21225938581429,-4.467438157669932,212
IMG_13924,56.35226717402668,-108.08513396305288,417
IMG_13925,64.03047443639736,26.57657081278808,364
IMG_13926,39.90617936630903,45.48071754813748,703
IMG_13927,-37.78912169993775,-67.2899522702118,617
IMG_13928,58.419070780106665,70.58619030842314,228
IMG_13929,56.20808196147186,86.20832923947245,373
IMG_13930,8.61949165941789,1.370337296752325,929
IMG_13931,66.60908807358794,25.82516585503896,503
IMG_13932,50.784853098324334,43.11690398596829,794
IMG_13933,69.88647499127023,15.924119124882992,297
IMG_13934,53.43630867515972,46.00894103836353,260
IMG_13935,-25.44453731186221,26.91012825703538,629
IMG_13936,50.80290418556626,93.62308549393452,740
IMG_13937,10.886202332477282,24.956687938500806,71
IMG_13938,45.2706209128892,-109.44181720596048,198
IMG_13939,43.00153669332934,143.21333610465183,495
IMG_13940,63.2702567536744,74.6071217300543,839
IMG_13941,28.36676554088865,-109.1180991070456,899
IMG_13942,35.17906780458847,-100.6409744501566,450
IMG_13943,66.646883487732,26.99198535866896,503
IMG_13944,26.560624333341,82.4888258518522,798
IMG_13945,63.58815426500766,38.54751620875743,463
IMG_13946,46.481129859623536,38.369392449693066,700
IMG_13947,9.02410436683992,39.268279656222745,192
IMG_13948,2.086408766135605,-52.946406296594944,94
IMG_13949,40.94460419508852,-106.4664180595275,115
IMG_13950,-0.0228149963503625,109.66100653055132,184
IMG_13951,36.60011488577664,-84.27248116034434,898
IMG_13952,44.87191313751396,-86.44434057077206,397
IMG_13953,-27.97642229776853,26.18758361265847,62
IMG_13954,60.45125949877544,66.03202707880871,290
IMG_13955,33.77664606482253,-88.78292061175978,54
IMG_13956,49.24244570423525,-109.98118749242823,821
IMG_13957,-10.608279416251904,-64.72623666742004,853
IMG_13958,12.169811477452,11.079267340581085,156
IMG_13959,31.302790558377893,77.61367230823936,112
IMG_13960,46.04847341579358,46.233462500456,707
IMG_13961,44.19620986202256,-8.0944586688112,209
IMG_13962,-28.016211397070407,17.211483533113068,732
IMG_13963,39.10747419344216,-100.20071491685812,917
IMG_13964,-20.532307183108745,25.92114708882798,219
IMG_13965,10.838652338353484,-87.04906183635146,718
IMG_13966,29.44893268286495,80.47564045309878,458
IMG_13967,-10.530231897985516,-62.30453760507642,853
IMG_13968,28.00379404875683,-98.8409219022632,980
IMG_13969,-8.220115262739768,99.15408703428665,887
IMG_13970,45.72016672200269,-8.62353860497035,903
IMG_13971,70.09162906019938,81.55876062653738,896
IMG_13972,65.39839878450942,13.557227233912329,396
IMG_13973,53.47724388005656,-128.96568336997592,224
IMG_13974,37.298781087402574,68.41783291457193,799
IMG_13975,45.992056905870896,-92.56294462140026,108
IMG_13976,56.91797987673232,66.6190223981514,878
IMG_13977,32.74872236484504,-95.30518108480044,127
IMG_13978,38.01953205161874,-85.44356056485489,932
IMG_13979,46.281421189287926,26.547954710990663,692
IMG_13980,47.40984301828794,-89.45292466203286,500
IMG_13981,-44.80526637192442,-71.21260752553489,460
IMG_13982,55.16612899492722,-127.88932228172962,470
IMG_13983,49.69547846962615,-110.75945900383267,641
IMG_13984,-25.798260130780434,-50.21488767823829,339
IMG_13985,-19.999858706810585,44.88380976053753,934
IMG_13986,56.94178392525603,-101.91324860725992,583
IMG_13987,51.70479168507888,-115.62773920885972,351
IMG_13988,41.67806971453706,15.621356031947158,955
IMG_13989,46.63398793245324,9.368594820147903,218
IMG_13990,36.98568936873868,-89.15197077432789,911
IMG_13991,53.44620878107239,-93.29724780706246,361
IMG_13992,-20.15242784055837,-39.918279022677865,106
IMG_13993,-19.258574706587368,-52.67927849256388,575
IMG_13994,57.76896206278849,35.99453530500949,734
IMG_13995,-23.119678766448573,-64.0114875257515,910
IMG_13996,36.91832157213528,-89.48594998638958,911
IMG_13997,43.405269984289816,-116.76271637742926,973
IMG_13998,-34.31020054162899,-68.79313683597536,935
IMG_13999,12.21663411403705,-68.56005582588466,428
IMG_14000,40.35505711990072,-113.16895333912656,300
IMG_14001,47.53192151144725,76.06361283215762,14
IMG_14002,60.28189826225463,14.371362548031328,121
IMG_14003,0.5530759559907068,-76.02262645707137,624
IMG_14004,-15.971543303902564,130.2357947147755,304
IMG_14005,53.76637715714983,110.23743611282612,254
IMG_14006,13.759600101679156,2.7348753841789915,483
IMG_14007,2.174062967575182,28.397345657285143,560
IMG_14008,44.6274349859047,-102.86582067229092,430
IMG_14009,-19.899593359332545,-63.34460056555004,143
IMG_14010,-19.09177759524704,-54.25797824709089,575
IMG_14011,-17.26397947325745,-43.169230014132495,66
IMG_14012,-15.5554617370489,-57.919532540334856,149
IMG_14013,64.08374368362865,13.512233199026014,597
IMG_14014,-27.90920377110784,-54.52840469103177,602
IMG_14015,-16.925444586392302,-70.60341083245612,924
IMG_14016,42.639107867703785,103.88478792848092,678
IMG_14017,-15.217611556494631,137.4694719419196,658
IMG_14018,40.01159279690091,45.51188227209653,703
IMG_14019,54.49078656069744,-5.814179691428905,248
IMG_14020,45.942461251141935,93.26532701273266,37
IMG_14021,53.604136130615416,-114.17174789998607,517
IMG_14022,-13.034147053615785,25.943201983788956,63
IMG_14023,-15.209956064701942,125.85191397230346,253
IMG_14024,48.38658375437606,-107.05689067519596,3
IMG_14025,-24.647589583780945,27.56877527088878,10
IMG_14026,-9.426460736392656,-66.05091599963606,148
IMG_14027,55.99094686551237,109.78173895809846,805
IMG_14028,-9.953520988682342,-54.335301451406565,975
IMG_14029,-14.26191368727956,140.9730717246947,954
IMG_14030,50.69006922526182,-93.76925031680815,448
IMG_14031,50.73130267746137,-121.02454619067974,783
IMG_14032,-21.4557505071042,-44.51113719837869,284
IMG_14033,-11.433746060891169,-40.21217681622284,836
IMG_14034,16.119761128394657,-15.522398173594809,331
IMG_14035,13.356031660194091,-1.288237166229976,483
IMG_14036,-24.455518396916887,133.35169050076092,271
IMG_14037,55.62457494026927,-121.22045495745824,380
IMG_14038,-21.465891821952116,-51.80726118095856,599
IMG_14039,-37.55391245592814,-67.42043959436236,617
IMG_14040,-13.161644935488368,138.94130375469211,954
IMG_14041,-16.19954436163964,16.54883558558737,808
IMG_14042,-5.984065526548747,-55.34135595286989,456
IMG_14043,-6.1700862542381,-48.418706490322194,352
IMG_14044,-26.904030539124363,-70.93540716638914,633
IMG_14045,-21.939164688758357,136.15244097317782,161
IMG_14046,49.38743525590786,98.51141106602812,963
IMG_14047,55.43585009193026,-93.97698426603075,361
IMG_14048,-28.734994246590524,-65.81319405138905,114
IMG_14049,-35.49289886170128,-67.10322864259967,935
IMG_14050,31.675148573258525,-110.10089649921412,225
IMG_14051,-21.7663162737456,-67.59853606978766,842
IMG_14052,30.499686560792952,-104.1698162892428,725
IMG_14053,32.44289147823754,-124.90325436598752,74
IMG_14054,45.90598138585406,-104.77011173310234,993
IMG_14055,51.63529298245646,68.15169016788019,564
IMG_14056,58.75970832733896,-123.16985558607192,113
IMG_14057,50.163653967123565,13.933938893250826,477
IMG_14058,-4.26966632173226,-83.11619493561551,684
IMG_14059,-16.32421657608782,-63.33307295112351,715
IMG_14060,-38.91955651383884,148.97841877702416,263
IMG_14061,-0.9388587850901048,76.3676765815743,762
IMG_14062,39.33224057767208,-117.89126169764684,96
IMG_14063,45.28384920552264,26.05610705755109,950
IMG_14064,-19.50536400498605,19.102105793023043,402
IMG_14065,-12.794221921988653,25.832931778775247,63
IMG_14066,-33.735518888914974,-52.881406598402776,392
IMG_14067,-19.916361869145533,-63.9884980481049,143
IMG_14068,32.83708538847368,-116.49356759326687,178
IMG_14069,60.30194619615946,21.30159699828596,166
IMG_14070,37.67893469117367,-115.36392371357692,796
IMG_14071,67.87810069573507,74.02806134086904,431
IMG_14072,-32.67101806486305,150.45143956844515,197
IMG_14073,52.53404237630042,-106.936553621176,847
IMG_14074,45.16284820113228,-109.64458839228688,198
IMG_14075,1.2484586153474595,119.64683576317331,701
IMG_14076,39.0593523113792,39.0372474475806,717
IMG_14077,47.45003165995689,-2.243122483672522,534
IMG_14078,41.55634825830114,74.31188388379519,518
IMG_14079,63.5424198595083,46.78606358915923,154
IMG_14080,-30.554392248656967,-59.61869004422319,810
IMG_14081,-28.1905080648649,-72.13720573627616,174
IMG_14082,-17.21401029060705,-42.17446484034295,66
IMG_14083,-9.139913738094547,-40.54515100971548,603
IMG_14084,52.3480789272848,-110.26052154142312,641
IMG_14085,11.333376922614493,42.12157119099663,420
IMG_14086,27.41897704962527,-97.18809080159672,384
IMG_14087,56.73858204771142,41.07005531572384,412
IMG_14088,4.766873869871148,-2.6359653104435097,444
IMG_14089,-19.13086586475184,116.76251395492318,793
IMG_14090,41.61970217837074,-117.18322009851912,854
IMG_14091,38.74029554439386,-107.99283272867042,722
IMG_14092,35.15677181496898,-117.09325336947435,307
IMG_14093,-20.64517733218561,-40.04896469551875,298
IMG_14094,47.32524071955999,44.52503380642497,750
IMG_14095,52.54732549214759,106.70813851783026,669
IMG_14096,60.02021018755772,69.88684186180785,290
IMG_14097,60.60332603471187,40.67478651752057,195
IMG_14098,-18.97476739638742,-146.52912270462323,486
IMG_14099,7.1117404667815975,-87.97639232182334,718
IMG_14100,-37.04468694010873,-75.32708998259037,223
IMG_14101,-23.94108378760612,-70.848006573796,801
IMG_14102,4.959650225703285,101.70685767418696,216
IMG_14103,59.465018537523065,-110.0296993291374,733
IMG_14104,-29.040903423900005,-49.57164800345191,545
IMG_14105,-17.789794235862274,26.37723975453119,426
IMG_14106,51.3534212516027,-122.89122412158684,783
IMG_14107,-12.358516194967564,-37.77161537454333,699
IMG_14108,57.81368328921974,13.497337801192742,659
IMG_14109,52.94207542844566,37.41985311854347,848
IMG_14110,48.26116724933334,9.675446852705306,628
IMG_14111,-4.578451069570704,-55.12625437117606,456
IMG_14112,38.60398746345487,19.61830327266054,849
IMG_14113,40.58531850151036,76.611884900154,518
IMG_14114,53.18460508555762,-126.81654874959152,224
IMG_14115,43.33776867357042,65.7232181457399,210
IMG_14116,56.27707089764726,82.4540881959611,203
IMG_14117,-18.473817548128523,-51.52178108861884,969
IMG_14118,-16.270059411155074,141.20535330264272,469
IMG_14119,35.96663882824521,13.071594446834752,920
IMG_14120,-20.61459825015099,-57.94015820516853,46
IMG_14121,66.66124194799752,17.73849142754068,807
IMG_14122,52.092494773147166,-131.2201106435588,551
IMG_14123,6.967777955572487,30.42575948400281,484
IMG_14124,0.7260161761748947,-76.16146104435845,624
IMG_14125,-22.708364537339836,-41.39270131441373,298
IMG_14126,56.23155943328868,27.90047786913405,451
IMG_14127,51.18254663453547,90.0234128275589,246
IMG_14128,35.53445261190052,34.492446179244524,173
IMG_14129,42.918317315581135,78.90263273792607,909
IMG_14130,56.46808329626367,-3.859622287906461,988
IMG_14131,-28.2378055561458,-48.999651813301966,339
IMG_14132,28.106601903572724,106.4940615341635,832
IMG_14133,59.304160560571376,-91.788673900635,172
IMG_14134,-12.685742900460411,99.9664536970929,482
IMG_14135,-26.919280240677004,24.76433274601689,62
IMG_14136,26.079199483637893,-111.09969035861135,899
IMG_14137,55.72143875383571,109.41871132680176,805
IMG_14138,37.75436509722529,108.27372938180736,255
IMG_14139,46.38860626144867,65.49006316631414,739
IMG_14140,52.49059661755911,-125.77795260418834,93
IMG_14141,-18.42860433511042,19.354737912291853,402
IMG_14142,-37.82068560067067,-73.59112237366065,682
IMG_14143,36.88167497959422,28.916411883495755,892
IMG_14144,-27.410960432368206,-52.37740469544056,545
IMG_14145,44.99947388034582,-123.7589511421241,639
IMG_14146,53.16843209201216,30.309434230543303,13
IMG_14147,4.766296587772516,-11.596482674458514,838
IMG_14148,36.40838721517423,-106.30398948730924,47
IMG_14149,52.4676495094414,-103.87367778671126,82
IMG_14150,3.9573523243502393,-51.47397343331511,94
IMG_14151,43.427803330554895,0.6923942486688759,362
IMG_14152,-26.172130118167978,26.896096822849444,629
IMG_14153,51.141030877745095,33.16166525606383,828
IMG_14154,-2.221850449838797,-58.33843472619526,840
IMG_14155,47.02400891716746,-111.02014713910414,821
IMG_14156,-23.00746911899525,120.2934960493136,69
IMG_14157,45.48679632797382,95.35934321605993,37
IMG_14158,41.16375793807913,-9.198459197882784,337
IMG_14159,29.50102094234157,85.27768833013391,438
IMG_14160,44.13094719444632,16.620217282784836,374
IMG_14161,61.84535229960613,34.38885092843941,473
IMG_14162,50.19405521833664,84.51664922341024,92
IMG_14163,38.80007222063784,-4.156201608353285,29
IMG_14164,-6.246129759546491,-63.49932984631718,745
IMG_14165,69.34242717493916,-123.23661333286984,923
IMG_14166,48.03652173410731,26.224917513562588,692
IMG_14167,50.97258786468189,-5.579211354310047,498
IMG_14168,38.83896351182756,-117.41943947135726,96
IMG_14169,-16.20482274464834,-38.81628075625977,432
IMG_14170,45.66763061788117,0.5294209314007787,802
IMG_14171,57.203570188405536,-9.594858358116454,243
IMG_14172,33.351857658890395,113.52400357229236,616
IMG_14173,34.392255337655854,-87.47032021631556,139
IMG_14174,47.560480799326086,16.0230366101695,201
IMG_14175,-23.73623484286948,151.16706469908047,549
IMG_14176,48.18304307069795,-96.9035388402319,693
IMG_14177,37.47669572813672,43.5313725073614,329
IMG_14178,33.63729853977924,-103.08377612160103,137
IMG_14179,-26.240841322418007,-60.97355533323105,222
IMG_14180,28.74820342141996,-94.98532306053698,529
IMG_14181,7.575603959901784,38.5592717414012,192
IMG_14182,-6.413004195875203,-55.15545956866392,456
IMG_14183,-18.39826524118834,25.44072700260736,426
IMG_14184,-19.11638945049032,-67.35659988559794,842
IMG_14185,32.32046064888294,-116.85038641999816,178
IMG_14186,49.44540986420847,-117.97647841534848,650
IMG_14187,-32.68329232736185,135.61806963609058,773
IMG_14188,-17.855334429714574,15.626762121830865,808
IMG_14189,50.31410519292467,100.5889680793096,963
IMG_14190,-19.846363286503674,143.4316459876377,39
IMG_14191,-13.1206390331634,-50.45934469381223,506
IMG_14192,-26.563749426434867,26.756040199045344,629
IMG_14193,56.53752458792604,41.13148438841961,412
IMG_14194,65.85645359981177,84.4351116031396,746
IMG_14195,35.642177402446066,98.6509065568236,785
IMG_14196,67.86426235695149,84.62318156692533,189
IMG_14197,-19.42626832358297,121.83063019343808,69
IMG_14198,52.82427754622171,74.52857766230093,858
IMG_14199,47.82557371225684,-124.31913336301288,319
IMG_14200,-9.940867000171693,-64.49018774862886,853
IMG_14201,42.76618917545116,30.902753204566807,989
IMG_14202,47.3121006459412,-99.84765995308788,281
IMG_14203,45.411024683214976,106.43992650393852,132
IMG_14204,53.927502488000016,95.75313204348782,914
IMG_14205,57.25469723029076,-4.08651184499459,901
IMG_14206,-15.559918472410928,137.0997574617345,658
IMG_14207,51.33957995162348,42.70901177239088,794
IMG_14208,-13.434927031320996,100.59551672849,482
IMG_14209,-18.71036622773548,147.82475130561852,159
IMG_14210,61.776242900559566,-123.39079687450813,600
IMG_14211,51.56236086247952,38.440857191526135,185
IMG_14212,-22.598441512323703,150.49731630042686,549
IMG_14213,-6.374901788339173,-67.04448371636822,640
IMG_14214,36.016589716058405,-111.52396377576056,179
IMG_14215,49.75456020620766,99.46477348731162,963
IMG_14216,-7.857141798132204,-38.79478608133448,557
IMG_14217,52.57504686872284,15.60699761140586,278
IMG_14218,46.11459292907779,106.36858097451324,132
IMG_14219,53.92123415939383,-120.80125481496812,536
IMG_14220,58.41753349049881,34.189384633648785,962
IMG_14221,-43.58450921852174,147.4982632958255,906
IMG_14222,52.96428769473874,84.8344684167684,425
IMG_14223,-20.76854374868826,-42.95694124404997,284
IMG_14224,-27.39657445974518,25.083649497821117,62
IMG_14225,-33.48420423224206,-65.49418618229149,664
IMG_14226,49.1333189684899,1.501021733143773,340
IMG_14227,-35.90889799585421,133.01036981442303,400
IMG_14228,54.27624907318727,73.07801047452568,858
IMG_14229,-16.85258666791144,-160.55586588274022,776
IMG_14230,-39.7263894283436,-72.0164476004575,395
IMG_14231,27.688330052581637,68.01144127203713,70
IMG_14232,5.559615480876488,3.702953665893091,868
IMG_14233,48.7018883119494,68.12342684432019,336
IMG_14234,55.65972316911706,-123.94915638950336,470
IMG_14235,51.274003776272366,17.204458067233787,623
IMG_14236,41.28709108337915,-90.79015871405224,188
IMG_14237,-44.85248929331517,-71.94733530268043,460
IMG_14238,47.59936628160514,-95.08589935008531,108
IMG_14239,-30.884172538086936,115.54415709923217,615
IMG_14240,54.754916618608405,-94.25042704663176,361
IMG_14241,36.50539280526076,-121.08105270287196,761
IMG_14242,12.637222054368324,20.93950510673875,71
IMG_14243,7.094112881634615,1.0294141776761307,874
IMG_14244,30.288925205766915,-114.6853900113411,178
IMG_14245,36.87235454473182,31.96179851500125,230
IMG_14246,34.40831040030679,-92.70371303731837,918
IMG_14247,54.03543224087949,-131.883033413679,551
IMG_14248,-26.12228856933845,9.34322568887032,100
IMG_14249,52.485452686335606,-126.65101135413153,93
IMG_14250,47.17482181425274,-92.3556902041343,108
IMG_14251,48.960327361478335,1.2476115461649329,340
IMG_14252,32.589980844639484,-111.0847801367275,225
IMG_14253,51.66564083480171,102.91722522888664,930
IMG_14254,-20.3062751472751,-46.42839076892912,777
IMG_14255,-34.34131279174329,147.41815156717337,857
IMG_14256,56.23274658688649,99.74094039577687,755
IMG_14257,48.59602614742542,93.54102060379768,316
IMG_14258,58.17884293780895,-5.501163281941217,901
IMG_14259,60.37536807477204,38.41225129040231,554
IMG_14260,-30.555725089410025,-54.9801104964572,155
IMG_14261,59.21595904886573,92.7491424975808,20
IMG_14262,-19.667801530751404,-48.58954074054648,7
IMG_14263,8.684742766870187,-2.762428174789733,200
IMG_14264,-15.82719842961913,147.82769908530503,275
IMG_14265,59.81090843520178,-130.378352926888,800
IMG_14266,-9.105433552193333,29.3495055155135,544
IMG_14267,57.97116752291615,24.297788379716508,856
IMG_14268,-22.059334829837,-49.05546819612724,390
IMG_14269,50.87249994117627,43.59400955736487,794
IMG_14270,-25.602941172788647,116.36387746595312,245
IMG_14271,62.96918282217962,-125.26034421530788,50
IMG_14272,65.59295432686477,6.114270715752355,199
IMG_14273,26.6774066880444,-104.01398094126986,38
IMG_14274,62.6795095585361,25.60787298209973,364
IMG_14275,-30.34013419929232,121.84678738486048,31
IMG_14276,46.26577808083485,112.6183065751216,393
IMG_14277,55.97224913171067,35.05209738917682,279
IMG_14278,-2.3996261737321447,-42.15463055440594,277
IMG_14279,6.32326047244527,118.0784278068092,311
IMG_14280,-19.58670870555126,-50.10999874151503,969
IMG_14281,-9.168204246353127,75.71023197751973,95
IMG_14282,-26.045171407059502,-46.56557936687915,356
IMG_14283,-26.76644875966249,-62.32310909149941,222
IMG_14284,40.60150424742864,73.34380415658126,834
IMG_14285,-31.56781384562828,111.49860234060338,442
IMG_14286,56.54229784160262,-120.2645875668103,380
IMG_14287,47.41033472782806,19.431640867436016,605
IMG_14288,64.2171000932257,40.75762919972692,463
IMG_14289,55.34190904226938,32.161513942435704,960
IMG_14290,50.3562295270049,-3.121495698529856,215
IMG_14291,-41.75832109935494,-67.66868534032012,710
IMG_14292,55.4239720707709,24.796408139950984,646
IMG_14293,4.179815325533113,29.07977513006313,560
IMG_14294,-11.078586428394274,24.696062217038303,510
IMG_14295,49.747893095951326,102.1310145633572,85
IMG_14296,56.37641987721838,39.84680193356485,412
IMG_14297,-9.968941312513437,107.52440452650808,346
IMG_14298,56.032420050071295,-97.35967885696353,491
IMG_14299,-5.368249275586862,10.524756319508896,652
IMG_14300,6.706615335562304,9.917362458712404,84
IMG_14301,1.40066297027343,112.926574758509,11
IMG_14302,48.62243940430199,32.58923089765912,414
IMG_14303,3.044846243870268,20.035466576151123,382
IMG_14304,53.20493380309307,39.95765823406313,59
IMG_14305,56.311822534754526,-101.19039698535796,583
IMG_14306,-28.42640454368273,-66.44743708902394,114
IMG_14307,-13.171925645449903,-37.05880948702893,588
IMG_14308,-9.96532197232426,-55.33758754009492,975
IMG_14309,54.2446926182798,6.538808540267752,363
IMG_14310,-18.66355528039685,141.73695441859672,39
IMG_14311,-37.46257616918365,-70.07257057049567,999
IMG_14312,-24.70210521921504,28.944338446015536,386
IMG_14313,48.44377902226779,-98.28013120787622,693
IMG_14314,37.78942998529613,37.01805474505972,99
IMG_14315,31.49882876865105,86.61248957938557,438
IMG_14316,33.399601378506134,-103.24999082046436,137
IMG_14317,-9.592401156139232,-63.38685943305944,853
IMG_14318,-32.847971983987804,-55.44734331327175,559
IMG_14319,-20.09087410940623,25.92504083483385,219
IMG_14320,-11.898267729370843,-47.3324053345533,515
IMG_14321,-8.20880557604086,30.209405935296672,544
IMG_14322,70.94085700027307,-131.83289028978896,162
IMG_14323,60.04085677135646,9.061848508441445,121
IMG_14324,-16.100411809186497,128.52118890283344,304
IMG_14325,52.70372351172426,110.6526994762799,254
IMG_14326,69.67757255264499,17.04130720584152,297
IMG_14327,55.004147981977525,90.20969420691324,859
IMG_14328,-19.245644454038768,143.66908415257888,39
IMG_14329,-11.627404467561291,-60.61724915746025,581
IMG_14330,40.81676240176972,34.08054479108367,653
IMG_14331,67.69863485624472,22.945090503206785,736
IMG_14332,47.532253202349295,15.08074026554698,201
IMG_14333,-21.106612847352125,-50.35169372755101,390
IMG_14334,45.33385199402275,15.700611427526413,674
IMG_14335,8.410354784080596,12.484402791998662,742
IMG_14336,-29.27110787931698,-68.85502275243526,310
IMG_14337,45.5104028659581,109.31261625259008,938
IMG_14338,53.8357804278412,37.0323141163542,848
IMG_14339,-9.956398676797818,-76.22858803124713,679
IMG_14340,48.23126963002284,-123.37918206702956,319
IMG_14341,33.6697497861411,-104.87341219631853,137
IMG_14342,62.42855765418858,65.46508931934412,723
IMG_14343,50.59924341297943,40.36936840651413,105
IMG_14344,-26.811352195348437,-70.45339990873194,633
IMG_14345,39.80908539612574,-112.50520489383428,300
IMG_14346,37.4562125324118,-113.06603627042014,796
IMG_14347,49.71242850368699,10.812563201168643,628
IMG_14348,35.60707287352827,-119.22326582881315,761
IMG_14349,-18.167405123400187,-24.13226170177262,424
IMG_14350,53.55733734796877,73.48853902661486,858
IMG_14351,-12.160181052082606,-77.74299083635279,0
IMG_14352,39.04074014008828,73.28785221043063,411
IMG_14353,-13.212016944016897,29.04858134978599,464
IMG_14354,54.42941440922132,86.8058549899315,859
IMG_14355,46.38335760332444,-86.23289916300448,397
IMG_14356,-4.000900317140278,-47.39037540828895,743
IMG_14357,-27.470301757944117,-68.78461372626775,713
IMG_14358,48.08740956603984,98.58910304379924,493
IMG_14359,7.29549402271914,39.47254811107726,519
IMG_14360,33.171126102311035,-123.75980826503113,74
IMG_14361,50.78029438636088,-89.26650335243693,645
IMG_14362,50.78003526785298,-119.71647255300576,650
IMG_14363,-23.60867287160403,48.30247161698006,934
IMG_14364,60.87178816404045,-7.411818718001086,642
IMG_14365,40.5858171049932,30.290449696239023,308
IMG_14366,43.38430717576296,110.80506100222824,6
IMG_14367,-15.504433907639878,-59.041035499591175,149
IMG_14368,63.31908472437115,113.93585722981705,194
IMG_14369,56.24213425937228,89.76632480075023,859
IMG_14370,36.2123695704254,138.906777172899,786
IMG_14371,67.41776746508106,30.766928417103884,75
IMG_14372,-17.579095377952854,-42.232252707820805,106
IMG_14373,-39.128864562787385,139.58633285581095,714
IMG_14374,57.99706793591309,19.42675445275691,915
IMG_14375,29.01337332068813,95.86038027961342,419
IMG_14376,-26.04899539328474,111.83509223973402,660
IMG_14377,49.39270895218678,31.536024748894647,828
IMG_14378,44.67793150367905,23.665495373618057,950
IMG_14379,35.08226886987015,-110.61524782119888,47
IMG_14380,-19.330163759797276,26.70660930286857,122
IMG_14381,55.61333496426124,102.10275028052968,226
IMG_14382,32.59482347943441,96.86540242979164,785
IMG_14383,-37.3082764198352,-67.75442912455536,617
IMG_14384,51.9853759901267,100.14012212246485,593
IMG_14385,-31.78191626961116,-48.76466232027943,570
IMG_14386,40.46393873651027,-117.6874694929585,854
IMG_14387,47.05070480391348,37.63487938777388,700
IMG_14388,56.90372785166176,104.90591776696448,61
IMG_14389,-26.414752911462287,20.19783065745466,314
IMG_14390,61.29965470671755,27.345809673762066,811
IMG_14391,41.0562509170606,-102.76370410337896,885
IMG_14392,-32.33578197349718,-60.18276586620945,806
IMG_14393,28.34347037270044,-99.55534841913754,980
IMG_14394,-25.87463140317098,119.18676257248865,752
IMG_14395,-1.7804505921663178,-60.57081368101612,207
IMG_14396,-27.17531611835406,-58.787774830068486,533
IMG_14397,-25.341454340412863,-48.46743557109909,356
IMG_14398,40.48703943823847,-113.59314244180236,300
IMG_14399,42.55050398990565,102.33304769504088,678
IMG_14400,-17.661648188529966,-70.74397789570904,924
IMG_14401,30.938559772890287,65.56680787371693,485
IMG_14402,41.3942652462907,-93.53616630931164,188
IMG_14403,49.67017767169469,-84.07259674855234,147
IMG_14404,37.24069289729636,-107.32158149432442,722
IMG_14405,57.11926347828825,-8.763831941894011,243
IMG_14406,69.82250265782142,-132.80107205688364,162
IMG_14407,0.2802629900830027,-59.6131840262404,207
IMG_14408,45.59862035392601,-98.0506270159079,666
IMG_14409,-26.24856295989313,27.936397102560534,629
IMG_14410,56.15391282323094,17.20044122248214,971
IMG_14411,62.13345084886561,6.764092055550549,791
IMG_14412,66.61428870196133,40.37537669326602,671
IMG_14413,53.09879350654555,-97.51727630698971,239
IMG_14414,-0.1948842142554951,122.79611556254775,611
IMG_14415,55.16078299790968,10.611493727619688,644
IMG_14416,34.9820162857322,104.46043028944842,443
IMG_14417,43.01267833491909,-100.09574161229403,175
IMG_14418,-20.449119152154765,-65.83565149506349,842
IMG_14419,61.4390657493887,76.86549227281762,589
IMG_14420,-8.088461923746593,-38.93820514634726,557
IMG_14421,61.58268439762219,-111.55220004379704,561
IMG_14422,56.676715012020935,22.64659976710726,646
IMG_14423,-20.90711200140855,27.836351866683916,413
IMG_14424,50.31019933416934,92.07209962117446,740
IMG_14425,26.18098603598851,-87.81225688279513,563
IMG_14426,52.07581822253292,66.27078580124217,564
IMG_14427,-33.03115368194331,19.81269163369632,618
IMG_14428,-14.010995937524584,-47.98142435719973,229
IMG_14429,30.638245733419595,-85.7347999430983,234
IMG_14430,-33.28151003212116,-63.12071108021728,630
IMG_14431,-0.3562904746701747,-79.18907465045149,741
IMG_14432,49.481256290071485,-102.23853614146716,663
IMG_14433,42.089010541154096,25.96041532692541,654
IMG_14434,51.21620065856075,-10.320835432053428,912
IMG_14435,53.40628529021134,6.529223852913333,363
IMG_14436,45.15747430534782,89.30125215959816,449
IMG_14437,5.608494551279534,38.3791512725054,864
IMG_14438,46.82916585738207,-117.16887306882188,19
IMG_14439,43.39839904927862,7.7465648089377055,686
IMG_14440,39.564981898557335,4.635705228063614,953
IMG_14441,33.737172165969355,-122.5773739579634,74
IMG_14442,42.8079804707794,-106.1775920616475,592
IMG_14443,33.10745095791292,-103.2679396313046,137
IMG_14444,-25.68206298598633,28.145702685649297,629
IMG_14445,-18.07463011380497,-68.77054215334924,358
IMG_14446,35.12781337985837,-118.74693426544566,307
IMG_14447,59.82940269400831,-112.53656978388948,733
IMG_14448,-19.48929914598736,-48.28026332451458,7
IMG_14449,66.02907171738815,67.86247058159012,584
IMG_14450,-32.20156110882917,18.13480182948308,618
IMG_14451,66.43158208781404,78.39904936304532,746
IMG_14452,46.75671735936487,-111.93209179718936,198
IMG_14453,56.69538403750639,95.66336804904677,187
IMG_14454,68.1427515952625,13.167635128849213,622
IMG_14455,-19.80854023113845,28.837945465188085,122
IMG_14456,27.573253474162694,-90.99055046336224,563
IMG_14457,-23.10364954019613,26.826043467063958,886
IMG_14458,50.10082500690172,-109.28400455784322,641
IMG_14459,50.32602940239477,-96.36805938556542,448
IMG_14460,51.142017827423786,6.095444481592608,145
IMG_14461,-17.41984776519962,24.82984138073644,426
IMG_14462,44.14997071414578,75.6483963501131,157
IMG_14463,-16.37260188535285,-66.26395040877284,468
IMG_14464,36.32236658847469,-91.15821241310766,911
IMG_14465,-35.033229831582176,149.2630525847983,546
IMG_14466,53.60972952531972,-1.2391711104059766,16
IMG_14467,36.7759017459739,26.18779483374402,369
IMG_14468,56.38526237518835,-132.24146703642074,582
IMG_14469,-30.7494393491972,23.959831000569466,576
IMG_14470,12.890594606741502,49.21205935327259,134
IMG_14471,50.22954419672684,-112.56656414624295,641
IMG_14472,63.589345383962126,-86.88728961779194,452
IMG_14473,2.850567627523162,-61.10576560282914,952
IMG_14474,12.939482447361286,41.12780059702925,251
IMG_14475,66.72574590640838,37.49853692450699,494
IMG_14476,61.83317767099192,-119.37632297068208,276
IMG_14477,-36.72848133770139,147.53769376774596,546
IMG_14478,-30.377931733083628,-59.513502536638114,810
IMG_14479,59.97463682281887,81.23392600315219,589
IMG_14480,-22.13185563261355,-57.74661042568784,46
IMG_14481,0.5167096081117677,29.30666577085668,4
IMG_14482,12.157642702161809,14.720780046289292,325
IMG_14483,35.98658180495076,10.486744476449218,490
IMG_14484,-11.597993117375012,-67.01926095342031,841
IMG_14485,32.44925481371372,70.55662712215533,729
IMG_14486,-38.53040526174483,147.88007729122086,285
IMG_14487,43.69662591815842,111.88699993647106,6
IMG_14488,-29.676159013605755,149.46235925876812,990
IMG_14489,26.655759671952325,-109.17770726630788,899
IMG_14490,52.13823660574323,-121.8455509749038,536
IMG_14491,53.71527426707391,0.9365507535018764,16
IMG_14492,-11.641229666820948,-55.91912426802386,306
IMG_14493,-27.354654125163755,127.59081400270662,831
IMG_14494,-12.77791401590504,10.902080651136572,220
IMG_14495,38.97829405646718,37.86533979413568,717
IMG_14496,-36.61046152798652,137.00607199368557,400
IMG_14497,42.91228693760456,22.017215835483853,695
IMG_14498,56.57364585812866,11.426697323785334,659
IMG_14499,44.18401789749609,69.1040117908932,596
IMG_14500,42.84472785967674,102.60333470619923,678
IMG_14501,-14.67224406002731,-38.745115736994194,588
IMG_14502,46.28464790452722,-99.2288876255276,281
IMG_14503,66.31533127360109,25.194886949448687,503
IMG_14504,63.04005419718044,-122.22992002685449,50
IMG_14505,27.92252669235592,74.58421213108542,268
IMG_14506,67.06068448350425,80.42576543634772,746
IMG_14507,48.2217569244832,-120.09281350251612,242
IMG_14508,-44.46508953455887,167.62651687720813,232
IMG_14509,47.5725572546425,33.11179274981038,414
IMG_14510,-1.1981011459016315,-6.896822244045268,309
IMG_14511,-32.227279059954625,29.774235579389654,764
IMG_14512,58.25657975760771,-121.54472405745268,827
IMG_14513,-5.981456964535084,-41.920851174779216,22
IMG_14514,-8.13815227541238,-61.64372472626226,247
IMG_14515,58.30503465239104,-122.00870477781297,113
IMG_14516,4.950717310327292,5.433121778304269,868
IMG_14517,60.37300058762352,30.90455351996405,57
IMG_14518,56.72837047339226,78.91084454421429,140
IMG_14519,-24.67103306932485,27.908038650943467,10
IMG_14520,37.76365963722907,23.32189541621807,655
IMG_14521,-27.119144785250327,27.09566188036314,587
IMG_14522,37.74817494163728,0.3592926695210394,727
IMG_14523,56.711620288382505,73.601873805091,569
IMG_14524,35.125745228325286,-109.84792476854828,47
IMG_14525,-14.53531142765378,-74.69971442467642,289
IMG_14526,-31.10951948778552,-51.53306539229448,81
IMG_14527,7.912973237899934,39.06656266621985,192
IMG_14528,49.933280138980365,-100.12716051695467,663
IMG_14529,46.03505709217114,-100.14530041048168,281
IMG_14530,56.766688256061855,14.842576750104456,60
IMG_14531,-2.4715490123066672,28.347342409856083,904
IMG_14532,-23.166066644581747,26.956329331977884,10
IMG_14533,-27.044051805514144,115.01680258344794,245
IMG_14534,10.674893877522024,38.00653359786861,880
IMG_14535,43.145616492733296,100.017283270787,883
IMG_14536,32.14372610318301,-86.31347370226459,54
IMG_14537,-24.51658077875578,139.49071843937145,128
IMG_14538,60.74547514502618,42.81115411400549,195
IMG_14539,52.98453139449768,-121.38280145124575,536
IMG_14540,35.38323260849103,-106.99340743355802,47
IMG_14541,48.45419430433299,45.79278448759453,118
IMG_14542,46.55672617998965,10.21363122774531,218
IMG_14543,61.7365493235431,-84.83435966464215,452
IMG_14544,60.53997493889074,-109.05529664667172,733
IMG_14545,61.73017984338748,-128.6384631905118,231
IMG_14546,-10.455198918615524,127.09465145438634,788
IMG_14547,50.91373774457014,24.03384064041535,383
IMG_14548,46.12048677048335,-124.38422366676058,639
IMG_14549,70.84227961747649,28.63393930685524,123
IMG_14550,-13.262377011555202,-57.49030246547783,149
IMG_14551,-34.82083714086822,139.29743115768616,706
IMG_14552,11.36482732600362,13.064089708777743,325
IMG_14553,51.42765868157628,-10.83852081002965,912
IMG_14554,52.34381191942919,96.29447638973386,593
IMG_14555,37.74391487854385,101.00082796416024,443
IMG_14556,-24.59037950348042,26.07835970975336,371
IMG_14557,12.608261761156498,-16.734735238981273,771
IMG_14558,40.03285468381631,47.21072987551963,703
IMG_14559,63.02346458735431,23.94690294359887,364
IMG_14560,-35.97015841340166,-70.55692913157996,999
IMG_14561,64.3799614335033,-115.79123137730272,820
IMG_14562,33.28351625662013,-95.46798991882956,127
IMG_14563,55.56324535211465,11.129976417761071,644
IMG_14564,-37.43730413334012,15.047630814601805,651
IMG_14565,64.04409265521872,76.8825368627389,839
IMG_14566,28.924967808997778,76.25643541775872,978
IMG_14567,48.90736362226957,41.22277864912948,372
IMG_14568,11.469808948559788,38.13090918770291,77
IMG_14569,-10.227291155259934,-36.2515645666661,699
IMG_14570,52.02445272974455,-9.053553638094058,912
IMG_14571,43.25529853362542,96.46500915171724,287
IMG_14572,54.58487874740618,111.92150343087344,399
IMG_14573,-10.17442184310562,-58.48075489547799,610
IMG_14574,-11.388949749015694,142.70449518088458,193
IMG_14575,55.282224637139024,100.8972265745358,226
IMG_14576,-17.361548222994514,135.38000304735544,658
IMG_14577,29.95528978660157,-99.05999945021208,893
IMG_14578,53.69375647779677,44.8185340065169,260
IMG_14579,-35.778674076979755,139.74620601462163,126
IMG_14580,40.12422884490513,0.7192273876802631,607
IMG_14581,-35.01245199428021,15.272076074925906,651
IMG_14582,58.29327691998364,104.31839518797835,61
IMG_14583,0.0924809474694541,-51.209537527344224,283
IMG_14584,-25.543797653711948,114.05614165631152,245
IMG_14585,40.03373116787657,-97.19965699004686,635
IMG_14586,33.37950313229439,-106.26968250765805,613
IMG_14587,-7.297757184587112,-39.41255996157776,557
IMG_14588,47.015232188042376,61.26730918312029,739
IMG_14589,5.150326993294854,19.31878629772848,382
IMG_14590,41.67452852002134,24.915104916414062,342
IMG_14591,60.15518056822668,-9.212734432145908,642
IMG_14592,56.239828268611575,7.057042198485192,837
IMG_14593,-30.635575164050493,-72.04712264171766,462
IMG_14594,51.02079905310933,-0.8668746032381591,919
IMG_14595,-25.424372542232376,136.9526319751751,128
IMG_14596,9.51215164087985,7.710089797676204,566
IMG_14597,-26.337529541008927,-64.04243017258361,620
IMG_14598,58.39770334583778,34.99093814492164,734
IMG_14599,-38.47948885524807,-69.98636455486705,322
IMG_14600,40.35066921916703,-8.917506013693469,337
IMG_14601,35.27599734888864,25.3604173164664,369
IMG_14602,-28.96765112254802,-51.722182857503526,545
IMG_14603,-2.275398899026925,-42.91319618221922,277
IMG_14604,27.192408305395134,112.28279867554444,543
IMG_14605,14.661684310211143,-15.253036801037922,331
IMG_14606,49.863705594897056,-127.01691217699276,982
IMG_14607,43.54495154077773,23.03945417717435,695
IMG_14608,43.82413094244595,-7.370262993276071,209
IMG_14609,48.15275620719615,-92.63921379356236,108
IMG_14610,35.52657873777598,45.29629739131019,329
IMG_14611,-14.67212936699373,-47.773331330894734,229
IMG_14612,40.280275640641406,-108.4781806528802,408
IMG_14613,7.694403422316824,4.333280656757751,492
IMG_14614,40.78528543951302,-92.514843810085,188
IMG_14615,35.82800526132026,-115.0109906657222,591
IMG_14616,34.80346381247416,-112.60969850741616,591
IMG_14617,41.040198292321975,32.9400496020173,308
IMG_14618,-28.67076483867953,134.38621580076563,513
IMG_14619,44.435547035835725,20.42616836599112,695
IMG_14620,48.712701960321766,-106.39512041501094,302
IMG_14621,28.792308604929232,90.09012482655736,87
IMG_14622,39.17477414429595,-3.380673708120014,29
IMG_14623,-37.272506112807264,-58.35855966519688,527
IMG_14624,70.40918266018951,11.801193038265154,626
IMG_14625,31.21881198218267,92.85802185675004,419
IMG_14626,51.98362221769747,-100.33888529637004,239
IMG_14627,52.181996989692095,84.967589310258,425
IMG_14628,43.5421068203718,-123.42782196549784,150
IMG_14629,-29.728661030449203,-61.996589191188974,683
IMG_14630,68.3226557840608,21.75124551333721,736
IMG_14631,-23.97537061898518,142.26574289439316,348
IMG_14632,39.51550257030792,-5.292030540705298,29
IMG_14633,32.03175084174072,-86.47474302003923,54
IMG_14634,-19.00402488794252,-52.35153636829151,575
IMG_14635,41.48364570515446,81.60761469715328,909
IMG_14636,-30.661608930679208,119.04005507546368,509
IMG_14637,64.37617955030527,68.59273616844351,48
IMG_14638,60.682469276886565,29.653411129502928,57
IMG_14639,56.0524574719812,-92.83620610793156,361
IMG_14640,-29.670659372518188,139.69507984777653,312
IMG_14641,-21.24130441874325,28.5594074012412,413
IMG_14642,48.644514899796405,-126.39915688772334,982
IMG_14643,-2.541432098901808,-53.6595354150939,760
IMG_14644,50.10909103673882,-122.29747403223668,783
IMG_14645,53.97709505207055,-4.189738910223497,212
IMG_14646,48.332345830448645,99.22415760625006,493
IMG_14647,37.14976405175855,43.4542883892706,329
IMG_14648,37.37846826600588,-7.919302925845358,457
IMG_14649,-6.59045932731658,147.1740777516423,389
IMG_14650,-26.468287318983947,-60.58114835426253,222
IMG_14651,-27.828239847130988,137.21505695881723,513
IMG_14652,-29.687955257677917,32.56174204291935,467
IMG_14653,-27.3582412102774,116.64464803823006,817
IMG_14654,-23.27128670823905,-44.42035035496568,721
IMG_14655,-10.819045316580372,125.48974483406482,788
IMG_14656,-26.343568444150065,118.9622716584231,752
IMG_14657,35.6132227087908,-104.55153468187262,632
IMG_14658,59.53283977375676,-2.112313786253992,766
IMG_14659,-1.4699157673667855,27.42229173790429,904
IMG_14660,60.06975795132314,45.78884182385238,677
IMG_14661,6.4427584325177065,-7.859014347964234,838
IMG_14662,58.15395696183271,-91.06813950186957,172
IMG_14663,28.314676548161515,84.90571008077484,438
IMG_14664,66.25524700279638,71.2106718544861,584
IMG_14665,39.92294467179991,-104.91318030109576,115
IMG_14666,-18.973810832534497,27.172482018337234,122
IMG_14667,49.45252328934083,66.52748472636767,336
IMG_14668,7.359876380062971,-2.1389194650111563,200
IMG_14669,47.67925593581015,15.321917647135166,201
IMG_14670,51.2203824509572,19.955619591198456,53
IMG_14671,10.39607713556056,4.915365256609164,49
IMG_14672,60.2737651716003,-119.9149193937044,827
IMG_14673,54.02080161172631,-6.83255998290943,248
IMG_14674,8.136401253818633,28.78845003783914,359
IMG_14675,-14.21076287656075,121.1210097896195,522
IMG_14676,53.00914938921596,88.09254674138356,425
IMG_14677,51.487744140846615,85.24124906573894,425
IMG_14678,-8.963759668018454,-65.54062201510126,148
IMG_14679,66.4094553235301,9.368821547193136,199
IMG_14680,50.99067858696418,47.43691958510942,882
IMG_14681,32.61927595691182,105.71818259396925,705
IMG_14682,-34.96728472242084,26.451648147110404,388
IMG_14683,56.40623056810841,-6.874822115843188,248
IMG_14684,40.9547895744071,-85.31390854133097,968
IMG_14685,67.74443014194392,88.9842791212551,189
IMG_14686,41.68679403735857,47.98716405888746,180
IMG_14687,47.22010588092087,19.07154966548441,605
IMG_14688,-16.713112855010593,-51.394173521947096,221
IMG_14689,11.196287491551487,97.40497288650828,341
IMG_14690,33.904535291708115,-92.6008176560843,918
IMG_14691,8.540274850620676,37.83776829542995,192
IMG_14692,-28.05140550407848,-69.07902551158944,713
IMG_14693,58.68227101707399,82.40637435390335,203
IMG_14694,41.71619206942623,25.864274222806102,654
IMG_14695,47.45010539630252,44.1443868727913,750
IMG_14696,-9.38271381953436,-61.9037661077291,247
IMG_14697,41.83128155542846,73.0076939201191,165
IMG_14698,61.908032598630456,40.00713853385093,195
IMG_14699,36.445548085551536,-1.89350416808756,366
IMG_14700,-15.682259491430074,145.10193471246532,606
IMG_14701,-39.25657963383279,-59.571380706906666,928
IMG_14702,48.19240090894152,-119.84841141493372,242
IMG_14703,-37.03701147991728,118.3171395543784,949
IMG_14704,58.445285707127766,-133.56887237664057,800
IMG_14705,37.824741820369525,-4.787608479649236,29
IMG_14706,35.606777792951505,97.69893042607669,785
IMG_14707,-34.745662361628234,24.29265965631106,876
IMG_14708,50.07640550899188,9.142302092692065,145
IMG_14709,64.77836885700924,15.290710340456627,396
IMG_14710,58.60745768463429,125.77665989407444,323
IMG_14711,60.559533922586354,64.87843794139013,290
IMG_14712,-21.663635066133622,28.65460880090509,712
IMG_14713,-13.785972683552131,30.57186358911184,464
IMG_14714,48.64954110216803,-93.77055987077478,108
IMG_14715,70.98022335288448,-128.88763780171664,162
IMG_14716,70.07442636548109,29.224302889490843,123
IMG_14717,-35.64037016592743,-64.97379532713617,196
IMG_14718,58.07133768159213,23.478296184662295,856
IMG_14719,-9.739288968466326,-43.0132727389358,163
IMG_14720,-27.02514212323335,25.11974331784978,62
IMG_14721,51.10429718852197,10.852862252615722,145
IMG_14722,39.34794225393199,-108.61153949004569,722
IMG_14723,14.3553528323974,6.432979904167524,747
IMG_14724,57.825650264479975,22.596293779702705,856
IMG_14725,-30.29946950173009,136.14989116553147,513
IMG_14726,53.92254237751072,103.2604888951672,226
IMG_14727,-21.335248855738115,25.37029364030647,886
IMG_14728,-33.88130816856005,115.2229950480172,238
IMG_14729,56.85083422122193,9.75680536949116,837
IMG_14730,-18.30436313077746,141.4904388830061,39
IMG_14731,-16.7605846295381,26.276825472874293,426
IMG_14732,56.85339159511278,-124.52107816533044,113
IMG_14733,67.95593753646966,13.525056170052975,622
IMG_14734,-32.225289479312124,-65.9611009034741,67
IMG_14735,36.56164643290056,23.020525682424136,369
IMG_14736,-25.59021440295858,-58.915763558167214,815
IMG_14737,59.63199985226075,42.76302981814405,195
IMG_14738,36.84403384810673,39.788777911902855,889
IMG_14739,28.774058463947497,66.72890653137458,70
IMG_14740,29.49978732071688,80.18605776971685,458
IMG_14741,41.93192162855229,0.9264536363120895,607
IMG_14742,-12.82260161269386,-42.53333005046406,702
IMG_14743,-28.255929012331563,-52.17551146276455,545
IMG_14744,59.970644791290056,4.510094344643335,505
IMG_14745,-23.08096309287751,23.566489140205164,951
IMG_14746,68.20858578532213,12.195602178377044,622
IMG_14747,58.784863268071774,28.706754555716145,368
IMG_14748,49.5371505564172,100.79936790914394,963
IMG_14749,5.870511715399999,-71.74685882018184,42
IMG_14750,54.583461618203785,16.538559579529277,971
IMG_14751,-3.034219683757044,-55.264675908416535,760
IMG_14752,-35.42433433474545,133.9373638759805,400
IMG_14753,-4.950449273894378,114.6836799061008,956
IMG_14754,55.06229555702311,76.20888728828703,140
IMG_14755,59.994557064908406,112.36594928843935,981
IMG_14756,-4.922401098305926,-39.746428828679086,22
IMG_14757,50.51860463425712,8.760052701197935,145
IMG_14758,57.67492228616442,16.66136834782145,915
IMG_14759,40.61111646598869,46.78041849962625,703
IMG_14760,66.22050422127953,73.88745885778602,839
IMG_14761,-20.10649516306117,-47.42120136088735,777
IMG_14762,-4.0998367121682975,-1.8647376923226773,135
IMG_14763,32.824304070943185,-104.95736606824802,137
IMG_14764,45.7717873726146,-89.97378393599973,501
IMG_14765,-39.49416467210561,-62.97080902471782,103
IMG_14766,51.30649753945815,81.85687539601867,496
IMG_14767,-14.621282761695,-40.21904240414085,836
IMG_14768,44.05376435704983,-87.80733981409172,32
IMG_14769,-0.5472174054603158,-58.92532100484729,207
IMG_14770,5.536875174023194,39.71121927158436,519
IMG_14771,-12.520654172391744,26.320580228174947,63
IMG_14772,-19.19680419657135,-47.05420355392661,777
IMG_14773,29.43211905735359,-98.2002572485322,893
IMG_14774,54.56512943316923,10.865164265198445,644
IMG_14775,49.2565085582865,-129.16496630100983,982
IMG_14776,52.49193984178734,-99.63941489367016,239
IMG_14777,26.987302176465302,-96.95723812013942,384
IMG_14778,37.0849001820006,-111.38862887914232,179
IMG_14779,26.63161767597353,-103.7101962639093,38
IMG_14780,-22.48574628330242,-55.89816188580272,813
IMG_14781,52.42498539115565,47.97895904670472,475
IMG_14782,6.294787269941864,39.35980771559571,519
IMG_14783,52.10112580157272,16.40010025263038,278
IMG_14784,3.956202434721064,-73.19094462830896,360
IMG_14785,-15.865350043342971,-43.53404312124204,66
IMG_14786,62.7378015687909,15.602111001974636,571
IMG_14787,-13.906361913182591,-71.03409350545115,98
IMG_14788,44.059795440584764,-85.20343043521211,608
IMG_14789,66.35272946078226,32.35501873375779,75
IMG_14790,-4.50268987272915,-81.74572877567303,684
IMG_14791,61.341111231193736,21.02596564288413,166
IMG_14792,36.68471002968906,-9.290810823452771,457
IMG_14793,50.86105449337214,-132.25603481298774,551
IMG_14794,50.22537030336446,19.07259662148161,53
IMG_14795,59.36777169165856,37.3542958313428,734
IMG_14796,27.564180421014328,-102.09765632070513,580
IMG_14797,44.513207949051065,28.762953275559084,236
IMG_14798,-35.52259135572711,-58.87178811434214,667
IMG_14799,-26.430573578768037,24.67729187926864,62
IMG_14800,65.45892118187885,45.80587207611862,258
IMG_14801,68.13138343467585,20.07141430080472,736
IMG_14802,11.71342640050409,45.40764314888412,862
IMG_14803,-28.668926765368333,-54.859876732505725,602
IMG_14804,60.37381273944527,72.58594255878955,435
IMG_14805,53.35341057725796,-126.4909596410533,224
IMG_14806,60.42988648625209,77.02013313026214,589
IMG_14807,59.408606368715255,-84.8050950976526,814
IMG_14808,-12.671125979721594,-75.39978353548031,558
IMG_14809,58.28005723045641,31.77795879328849,962
IMG_14810,7.948629743830253,38.49120120800967,192
IMG_14811,-5.24753354618052,-45.86181996895704,657
IMG_14812,-24.635107739014785,27.65850953711157,10
IMG_14813,-25.095097263667355,-61.31338757760466,222
IMG_14814,-33.92578998053545,-64.72530861135886,664
IMG_14815,46.90208920138417,106.08641657836732,711
IMG_14816,-45.36850294692415,165.52183138030767,232
IMG_14817,-38.34905650698658,149.08902030891358,263
IMG_14818,-6.6932117526185095,29.199845575959387,544
IMG_14819,53.45907457020781,-117.19735987021622,40
IMG_14820,35.078040558026075,11.652929076233905,490
IMG_14821,-19.982437383829904,-69.6856378816594,51
IMG_14822,51.63957659063488,86.38215741957123,425
IMG_14823,46.89905964463395,104.03414018628342,931
IMG_14824,48.3990118422656,27.905389778915943,692
IMG_14825,39.74979160015366,-5.24767054635484,29
IMG_14826,27.75599418689822,80.69352599728268,24
IMG_14827,-25.416486022889718,28.089835339915226,629
IMG_14828,-27.8395044577362,119.5119516508961,670
IMG_14829,33.69957726371632,73.21802084934936,305
IMG_14830,67.38601786176838,25.03495049311644,680
IMG_14831,-28.93852182314376,150.74330914965822,35
IMG_14832,12.463018486090476,40.24915733318386,251
IMG_14833,58.003229418927816,-4.256844122013717,901
IMG_14834,-19.805323586495504,-40.65959267666457,106
IMG_14835,53.55526923526,-106.80028671905806,847
IMG_14836,49.80368417645553,88.56993385843532,92
IMG_14837,28.606795880189893,-106.365373097331,725
IMG_14838,-19.00312452152974,-39.5201443741912,106
IMG_14839,29.77902303726272,-101.44445903981196,205
IMG_14840,44.42814230235695,12.11861582784752,101
IMG_14841,55.001874126485234,-104.6627876644164,583
IMG_14842,57.14557755224752,31.33710889459863,962
IMG_14843,60.88893229305512,85.40813024127038,753
IMG_14844,47.85070593669718,89.30619568965272,449
IMG_14845,26.954269636852644,87.7161744773141,697
IMG_14846,-2.724872907221396,-43.29278300578568,277
IMG_14847,34.20385605907137,109.8112455532824,616
IMG_14848,42.462620214094215,100.32542240580744,883
IMG_14849,50.644922269384296,7.484871075098084,145
IMG_14850,-21.156139403484744,-45.547410109856,777
IMG_14851,62.228438681658815,7.0343435116817545,791
IMG_14852,41.771283651795926,-112.96171348997564,300
IMG_14853,-23.385840361006444,45.10550023156642,934
IMG_14854,34.65288017178898,98.43445549595856,785
IMG_14855,35.12288238811588,79.54342336968853,730
IMG_14856,-19.205344521634032,22.258437521580788,621
IMG_14857,-17.677854389350728,-52.36840631498551,221
IMG_14858,-24.841688016536835,28.777083382147225,386
IMG_14859,71.6351983793364,78.1082385571915,896
IMG_14860,35.42270172405756,-87.4382399866672,139
IMG_14861,67.3216558741355,34.835878337946326,494
IMG_14862,63.07764166428649,22.457179336084494,364
IMG_14863,45.57631674802815,-119.97462953082328,19
IMG_14864,44.56990085559465,-124.77683692829586,639
IMG_14865,47.82534712199458,-121.61922277123855,242
IMG_14866,-17.792208976162073,-44.88034578929757,601
IMG_14867,-17.15358904385357,-52.49928692476878,221
IMG_14868,-7.231874731060856,12.248564641247214,220
IMG_14869,-37.29210905294296,-60.99501874316579,303
IMG_14870,49.01672207068293,97.7322299090274,493
IMG_14871,-38.59489041469903,-66.0912370963418,772
IMG_14872,-14.567365760567682,-79.24510040567861,945
IMG_14873,31.558435823490854,-104.33966638268632,137
IMG_14874,34.21485153311272,-93.33623009666265,918
IMG_14875,-19.549968495714225,118.47833538883026,793
IMG_14876,-27.237693121471565,26.607712734357847,62
IMG_14877,68.22688051925002,27.958491402204288,680
IMG_14878,62.80755566606524,32.43146854293147,288
IMG_14879,-8.081756439247442,26.294152262641543,510
IMG_14880,52.98029012736822,94.4671896573734,914
IMG_14881,42.9687826964568,-10.13791673389673,209
IMG_14882,32.954630459451096,-113.68939565881873,819
IMG_14883,60.12299500831949,5.499128219311331,505
IMG_14884,61.03743753831623,-7.40225221833154,642
IMG_14885,-24.223860954875363,138.88029762633323,850
IMG_14886,57.37993624297721,-122.7957915925046,113
IMG_14887,49.39129838238722,-121.7515110170586,242
IMG_14888,-3.0320084736952424,-45.9958532127784,743
IMG_14889,12.217229962256395,4.157038327934231,49
IMG_14890,-33.0857960590157,123.6012067441601,574
IMG_14891,52.12844348472515,-95.28626325478652,448
IMG_14892,-18.494032164252403,-41.59937558970967,106
IMG_14893,57.052154201718906,100.6643593193284,716
IMG_14894,48.52448525085521,9.879728205565016,628
IMG_14895,-7.611660783409007,-76.40955713681824,267
IMG_14896,-25.31907272877524,27.500570669945603,629
IMG_14897,-21.709862526908356,-46.55951572325969,119
IMG_14898,-23.083569790431863,24.6974448310728,886
IMG_14899,38.76707411500817,-104.93316261350748,345
IMG_14900,48.61584704090518,-8.729546065811292,437
IMG_14901,-39.51740896054537,143.53775157710493,972
IMG_14902,-9.27753633213274,-63.47369528491693,853
IMG_14903,39.59602178668678,26.115922267248838,56
IMG_14904,-27.43072004559005,26.857672121974787,587
IMG_14905,-22.04520079594377,26.530844149132637,886
IMG_14906,30.393069658747407,92.3663372472642,87
IMG_14907,48.6429995404861,91.71341827444992,740
IMG_14908,-15.420887565990624,19.93767234175596,378
IMG_14909,64.61907385394866,18.31955783728557,21
IMG_14910,60.94349970882786,22.98708535138067,166
IMG_14911,62.81064502460265,3.938193593573203,791
IMG_14912,65.43900719200724,-121.39642145910068,820
IMG_14913,32.66523721562217,-112.0740728305264,819
IMG_14914,-1.0274996210292642,-79.17876401856842,741
IMG_14915,14.68006351655903,26.35376011535425,948
IMG_14916,46.76723567814102,-102.99211429937964,526
IMG_14917,48.44802261585608,42.07315898275968,372
IMG_14918,68.87851382397037,14.854459266544808,622
IMG_14919,52.75579318227801,106.74857001658351,669
IMG_14920,-17.232557587295318,125.20715323953856,253
IMG_14921,11.382197772510509,6.529558566544182,427
IMG_14922,-16.69070668209578,125.06361490719551,253
IMG_14923,60.97748638893174,23.365072841868997,166
IMG_14924,-13.649241758026704,-44.64344337299579,702
IMG_14925,35.05716684776526,-113.12281780159714,591
IMG_14926,45.48928046819083,47.664752217749765,707
IMG_14927,52.25204655437989,32.2262211163013,604
IMG_14928,-23.55346268525345,142.95740314618865,348
IMG_14929,51.565619519748594,19.922318146440688,875
IMG_14930,49.9061205338717,-127.19176663147437,982
IMG_14931,-12.364020197814568,-65.84260625274999,401
IMG_14932,-32.690555126351434,144.20146334576907,90
IMG_14933,67.81685003842614,68.72192050532942,141
IMG_14934,61.13639171536608,-126.96998879139194,600
IMG_14935,42.33021326030246,21.314782205340407,695
IMG_14936,66.01116444432168,41.72994243336262,671
IMG_14937,48.81973963284992,103.785886694042,85
IMG_14938,50.448999591120696,6.471330665947477,946
IMG_14939,-22.373475910602963,30.38269244655953,502
IMG_14940,59.86828876088185,25.231433040741564,811
IMG_14941,2.037096169107386,-62.25721889751392,111
IMG_14942,-16.94055546542161,-79.67542225232783,945
IMG_14943,-21.290843573549807,148.1079152934209,159
IMG_14944,59.79562961869991,10.903872123836408,121
IMG_14945,61.00816180479956,-120.39510038896796,276
IMG_14946,-41.656159919742585,-73.98347114030149,573
IMG_14947,49.07138960003067,-92.4311781668787,108
IMG_14948,-39.19034624907509,-72.13001543250824,395
IMG_14949,39.693947303410965,-106.90527882450976,722
IMG_14950,43.38620938577682,29.50435668257211,989
IMG_14951,0.5757093249646488,4.419491504573784,317
IMG_14952,47.6645669825196,27.69146587398112,692
IMG_14953,55.20189035574626,9.870155718628752,644
IMG_14954,56.05882593189898,9.980564601966703,837
IMG_14955,-25.191268687578727,27.94297304599556,629
IMG_14956,-31.97276787915031,27.340359854454505,388
IMG_14957,31.477382089921164,-103.58603113121448,137
IMG_14958,47.75318338324513,-128.038808343091,982
IMG_14959,38.99396390226593,22.94279323250024,655
IMG_14960,46.00276799653787,-114.51601075895088,609
IMG_14961,28.94283764542428,85.44707722655363,438
IMG_14962,-36.58201519987208,137.16497348482096,400
IMG_14963,61.2935001600211,41.40760381925711,195
IMG_14964,-23.69428308890869,31.68058918269793,502
IMG_14965,26.338066933810225,81.99974369920096,798
IMG_14966,29.616586826751277,-109.34967714435668,407
IMG_14967,41.95238638951119,-103.05265876445482,430
IMG_14968,-26.036305178353157,-62.91059396354274,620
IMG_14969,-16.8291950998115,-53.83571816902136,221
IMG_14970,-6.245314097703414,122.95138879470863,204
IMG_14971,67.23196710003236,71.0597506436377,584
IMG_14972,38.118558226096354,-4.885262912566418,29
IMG_14973,44.3212948789006,43.67819310035435,418
IMG_14974,40.64414832207558,29.247573210858377,590
IMG_14975,-25.48332374301917,-59.89445983138444,222
IMG_14976,32.206298550718586,-104.46910399758552,137
IMG_14977,69.91666628705411,-118.93160461630164,923
IMG_14978,-16.272962425103046,122.21097388642193,253
IMG_14979,-0.2692542792653114,31.5985653450241,240
IMG_14980,41.06935250915765,-110.26589632685034,408
IMG_14981,-23.59748234674933,-44.50252126752804,721
IMG_14982,-3.831680345095606,-65.72607020218649,455
IMG_14983,29.76458899746393,-84.73501296707516,234
IMG_14984,56.71608857374187,97.7651987666154,755
IMG_14985,61.95807069771371,26.15080719689433,811
IMG_14986,46.979840706747154,37.123214538952254,700
IMG_14987,39.8311632476848,-9.005286271465735,337
IMG_14988,-34.68152321688085,-67.5616994792024,935
IMG_14989,54.88699561949508,-8.277749458800429,125
IMG_14990,-34.461207912714855,-65.61766944288932,664
IMG_14991,41.31650435726499,19.86941485293761,436
IMG_14992,-16.191759068396408,-62.28464063085235,715
IMG_14993,-19.6974646653251,-42.79322161834267,601
IMG_14994,67.64292163107757,9.976763878405052,199
IMG_14995,38.41015255093927,-109.58443753375336,722
IMG_14996,-29.898335988233782,27.281573059630688,524
IMG_14997,51.85259864010232,84.5980751617011,425
IMG_14998,31.31285798909005,-96.80254158350807,893
IMG_14999,-17.605966757736695,-65.10956706551738,468
IMG_15000,-25.262861527472808,-69.72254532542085,633
IMG_15001,33.686716773674604,-99.0353451061996,450
IMG_15002,59.38101278636178,13.641213490021924,779
IMG_15003,-3.987894867144044,114.87908395923452,956
IMG_15004,46.85414194537155,16.707653439760197,201
IMG_15005,36.171757269757066,128.57323050558205,829
IMG_15006,59.05091261242898,16.412829935736042,354
IMG_15007,27.76888089077364,-97.6901836936878,384
IMG_15008,20.271510752306867,85.88915729689013,394
IMG_15009,-36.61537327961594,143.38244230091698,562
IMG_15010,-37.808682848584695,141.90743920977616,562
IMG_15011,-7.039879513585222,112.34891361254034,844
IMG_15012,50.07221674185568,15.51287731579508,477
IMG_15013,57.2912706132517,49.72964662907225,586
IMG_15014,51.03695845263363,-114.29402998636604,351
IMG_15015,-32.479728675278,-54.042816065925045,559
IMG_15016,-31.54196615820476,-59.21172598406683,810
IMG_15017,44.04689854460854,142.48212665318067,495
IMG_15018,-34.2703722392578,-56.25320252259368,9
IMG_15019,-18.790971213915107,21.721596234912912,621
IMG_15020,-53.65588180104368,-70.95884943760248,812
IMG_15021,40.80321308256946,-6.037474269490788,565
IMG_15022,49.77735628287049,-97.504765459325,693
IMG_15023,-34.06665290550413,-55.907781543043306,9
IMG_15024,41.53502921397638,-5.283731349048189,565
IMG_15025,-32.55768624937777,-62.832036510052,550
IMG_15026,16.510811611228338,121.26095799239296,272
IMG_15027,24.154645516289555,87.89179663335109,313
IMG_15028,22.65888786210308,89.00202364706104,313
IMG_15029,-40.45995835766367,-67.02949288463928,710
IMG_15030,45.97663807529366,-87.19633446970262,397
IMG_15031,-36.92536612336688,174.64017604003803,214
IMG_15032,27.43994509502229,-81.87489795584655,638
IMG_15033,23.537015672071803,88.14531351830335,313
IMG_15034,1.564330752267817,39.96714859701679,36
IMG_15035,23.25606257805523,72.57631487605184,129
IMG_15036,67.25510617822395,14.712944947698888,622
IMG_15037,-33.942169295181,148.94953319379024,546
IMG_15038,-34.018599896633525,-57.30250822867251,9
IMG_15039,-52.86925677167287,-68.53246649694088,812
IMG_15040,-33.24198430273346,135.9981375310233,773
IMG_15041,-34.35795870281089,-62.84573787685699,439
IMG_15042,33.69856597219984,134.42596915495494,625
IMG_15043,24.32769619273264,76.90743729159497,983
IMG_15044,57.66582720479168,-4.236026396596037,901
IMG_15045,49.57168730914166,18.78761746502983,53
IMG_15046,-34.84684624953224,139.63372063201876,706
IMG_15047,25.929008503391536,78.32307336294826,24
IMG_15048,-27.255246182046665,27.031492763387085,587
IMG_15049,45.43725390679106,5.584684567096765,686
IMG_15050,28.041448554522592,-80.66083355025157,638
IMG_15051,43.001045704160994,-85.54710938629201,608
IMG_15052,49.00241145117953,4.961908733804302,946
IMG_15053,57.29652849794956,-5.564861310428157,901
IMG_15054,-33.13413509527902,-64.26086929064189,67
IMG_15055,61.629813184643126,53.61079120064346,1
IMG_15056,-8.183022893969472,111.5286450256088,153
IMG_15057,41.514341782709245,-84.2669736244589,968
IMG_15058,29.875713750866336,34.98173988644231,441
IMG_15059,-32.83830637780026,21.628802200624463,110
IMG_15060,35.46183788795378,-81.05246516714003,241
IMG_15061,-7.322877921299861,110.43210346143437,153
IMG_15062,-22.591166199208853,30.23315434795413,712
IMG_15063,-7.019645411573733,110.71625043496005,153
IMG_15064,38.69600959275123,139.7575318364705,83
IMG_15065,41.66277535973377,-79.9922964390396,774
IMG_15066,-39.02805343762373,-67.70135131110682,322
IMG_15067,-37.51912177276938,-72.93540473684234,682
IMG_15068,-41.061763017236686,-70.99309104491482,109
IMG_15069,-30.353463435688333,30.714174623536813,144
IMG_15070,-32.35112999042916,-62.8952953366758,550
IMG_15071,-38.71421455729952,-70.02372478051134,322
IMG_15072,12.828415652778826,120.8256602564738,991
IMG_15073,5.552312756353793,-0.1743482032603494,874
IMG_15074,13.70991737611654,103.81879009300532,479
IMG_15075,61.99729934227638,17.38787582077283,571
IMG_15076,26.54483808222984,80.19547487748191,24
IMG_15077,-34.027835331565576,-56.44994057694715,9
IMG_15078,-33.421268393380146,149.46129903227967,197
IMG_15079,-26.78509127156005,22.5806108163788,466
IMG_15080,-51.686347661158834,-71.97637541421545,472
IMG_15081,60.477694390360334,33.087512310952896,554
IMG_15082,-31.38009776671994,27.739462101836704,524
IMG_15083,9.51847547980161,6.049053930583392,492
IMG_15084,-23.105760061245977,150.75087512252804,549
IMG_15085,41.42685547201806,-2.8573620667147805,142
IMG_15086,27.72732672123125,73.47878372347888,879
IMG_15087,-34.128530105767915,150.9933572966364,197
IMG_15088,-31.9753775939916,115.93683457536618,615
IMG_15089,12.10041770514376,6.857638817591148,427
IMG_15090,-23.442929053459142,150.39734443691228,549
IMG_15091,-4.279160788150989,119.9698405320606,204
IMG_15092,39.9474912289318,-91.144752473672,188
IMG_15093,-37.73549121111861,148.08262569607868,263
IMG_15094,-42.21182868480134,-71.15116912853983,109
IMG_15095,31.15264825876924,35.530642497512154,441
IMG_15096,-26.00671165534174,28.505640769751324,235
IMG_15097,48.99629922454972,5.185092369525159,946
IMG_15098,35.31612674854985,139.9222402865732,786
IMG_15099,-34.789994345407564,147.2071177821929,857
IMG_15100,26.65885774317772,76.01960035041594,268
IMG_15101,55.10434150177446,59.71378356572358,843
IMG_15102,-26.378556085256346,152.0495242899379,280
IMG_15103,-39.76551888114697,-71.07027094691082,395
IMG_15104,-34.81238646926978,-59.35371550319341,667
IMG_15105,-27.686595429353066,26.18101206345408,62
IMG_15106,41.77852414489713,12.773753922314388,985
IMG_15107,-34.8170995207587,-55.94415684447569,9
IMG_15108,14.46937085039597,78.82002700325965,778
IMG_15109,-27.199560575021582,152.91824390445467,636
IMG_15110,40.33549113792798,-95.2712330997942,635
IMG_15111,10.400905280336907,7.714095406941449,427
IMG_15112,-34.9154610516684,-54.9177249085483,9
IMG_15113,40.63404277603093,-91.4179332027919,188
IMG_15114,44.967824179443845,15.014408392803777,674
IMG_15115,32.99094982768187,-85.95909245306589,579
IMG_15116,-7.486992215012629,112.72957807127578,844
IMG_15117,30.65717401842794,-90.27817962803108,637
IMG_15118,-42.513501534580286,-66.09744618440756,269
IMG_15119,24.66354151321091,84.3940171035982,798
IMG_15120,-37.178782074623065,-58.41997427635326,527
IMG_15121,53.29068775796667,20.189743381016832,445
IMG_15122,-26.31374764704893,152.79050068883882,689
IMG_15123,52.050209125866495,16.78185648729398,278
IMG_15124,20.76041806870047,83.8371783983335,394
IMG_15125,30.595873945434143,-91.61125843133544,637
IMG_15126,-26.76374216886321,27.328006245976844,629
IMG_15127,-26.121057739004645,25.79733343836646,62
IMG_15128,-25.96583642745196,152.62443142583223,689
IMG_15129,43.06244723003827,-8.444868528616906,209
IMG_15130,53.876234872700536,-105.9799434406782,847
IMG_15131,-37.19542634763425,141.68286831878137,562
IMG_15132,49.77131431980551,1.42132213536939,340
IMG_15133,0.1291735698021046,38.030132680765846,136
IMG_15134,-50.99805774459456,-71.21033611389647,472
IMG_15135,-41.12451399442584,173.54367430560495,34
IMG_15136,17.36241821936828,103.09932858111534,769
IMG_15137,39.89784097324336,141.9223133303749,83
IMG_15138,-40.69340279212856,-71.77788257952092,395
IMG_15139,-5.274904885901756,120.05517731087768,204
IMG_15140,-27.40065491732381,117.90818907885227,817
IMG_15141,35.23408717879247,136.92353596771605,315
IMG_15142,38.32269319134848,38.48363056525727,717
IMG_15143,-32.35072751561374,-58.954770600108766,806
IMG_15144,18.191118617928257,104.06247329031224,769
IMG_15145,31.34271460653384,-110.152031497686,225
IMG_15146,-25.20200879940424,28.88401000584226,235
IMG_15147,34.66889093340317,136.53548135889676,315
IMG_15148,-30.430209128161568,-64.16945090704073,881
IMG_15149,-41.74001904556012,-73.17623663703267,573
IMG_15150,48.08481033009465,-3.082967765588469,534
IMG_15151,-19.92859049889323,146.68655992453836,159
IMG_15152,-26.45351654440099,27.921381939982723,629
IMG_15153,32.2416156293868,-110.90794568053478,225
IMG_15154,46.95752020478165,-1.1196567280639933,802
IMG_15155,16.786521749655567,121.66574244858924,272
IMG_15156,20.29794826206328,77.95476223392471,261
IMG_15157,-25.004722057916748,30.23001969578192,386
IMG_15158,28.960035087053647,77.84682344112288,978
IMG_15159,51.33647227318226,4.94473851445516,824
IMG_15160,5.977464099546581,6.894207130248381,183
IMG_15161,27.22884480542813,-81.75931032594282,638
IMG_15162,38.56725939753821,-85.1942361065176,932
IMG_15163,-29.335100613708555,-60.81222290680333,683
IMG_15164,48.41358599385132,-98.74054545943484,281
IMG_15165,-39.50460527553237,174.22569331479633,34
IMG_15166,-10.305809989809976,-76.32576916028721,679
IMG_15167,-36.7815148582416,142.7375083873903,562
IMG_15168,35.80627985158192,140.17756227263308,786
IMG_15169,-23.85529873829745,31.0767711096662,502
IMG_15170,51.29745711553497,4.274641973400251,824
IMG_15171,7.54850458472512,6.190428352549212,183
IMG_15172,-22.343195583699465,29.196944191916188,712
IMG_15173,-37.00662718732562,-60.37799801666904,303
IMG_15174,13.774860583026015,-13.754143382254002,771
IMG_15175,-47.42882278320398,-72.7487617256681,45
IMG_15176,-32.87861244072711,-57.4598002384923,9
IMG_15177,42.19840455651647,140.37087621260224,495
IMG_15178,-33.7580912770791,115.530696245534,238
IMG_15179,35.56178930980475,-101.03662768099728,632
IMG_15180,-44.7452192167586,-67.96581558490195,907
IMG_15181,23.60041472049884,73.3207549314076,129
IMG_15182,-34.60676522862313,-58.62330703402013,667
IMG_15183,15.16410171717053,100.82752393881567,866
IMG_15184,-33.496798718035166,-58.86343641622507,806
IMG_15185,42.82277338499324,-120.7979878939373,447
IMG_15186,40.17006113994228,-93.89931977856509,635
IMG_15187,29.07734869162843,76.77398389219263,978
IMG_15188,33.74087966073029,10.734861019569394,490
IMG_15189,29.81280260158773,-94.6573236804144,89
IMG_15190,-20.71017389472312,-49.03702413961327,390
IMG_15191,-34.0478601479667,139.65867828479162,706
IMG_15192,16.238826273659974,100.32060678020964,866
IMG_15193,50.59791310518666,129.00191547715366,863
IMG_15194,18.84292547251894,84.47657902250407,394
IMG_15195,27.05325742083203,80.99321845706604,24
IMG_15196,15.827834821466553,102.0162629220778,866
IMG_15197,-34.5561847917872,172.90476079214457,214
IMG_15198,19.056769715121007,79.10715309650008,261
IMG_15199,43.050621705495765,-7.704369244702267,209
IMG_15200,-18.5210176556034,-39.91206684222301,106
IMG_15201,58.07132592430893,55.883306791942665,514
IMG_15202,-49.491283268607965,-69.65082017599664,332
IMG_15203,45.87852018496771,13.90806572027183,674
IMG_15204,-37.90006079523755,175.0457147727775,792
IMG_15205,32.20988934745506,-95.15891557324646,127
IMG_15206,-37.38893614991802,142.83574267767375,562
IMG_15207,-26.916409231193484,27.81793475338065,587
IMG_15208,-40.48107304303706,-73.23919626216284,395
IMG_15209,50.40725722634368,19.90133533984456,53
IMG_15210,39.45136283289691,-79.07893958628537,547
IMG_15211,27.589468959312963,-80.39620740730739,638
IMG_15212,-23.92861987287388,30.645214034079068,386
IMG_15213,36.5265187159492,-83.35176500570543,898
IMG_15214,-34.69181367749013,-56.27222046122991,9
IMG_15215,-32.337070370732015,116.34175574050724,615
IMG_15216,39.62584951008689,21.245954542539227,436
IMG_15217,-34.26097761058406,146.61903364160324,857
IMG_15218,-41.2219603499561,173.08293301734332,34
IMG_15219,55.662145854380135,58.29585655480039,843
IMG_15220,28.258615741651305,-81.79468303247188,638
IMG_15221,-30.886162203283227,-51.54377758606806,81
IMG_15222,-33.4058194934552,147.84140353025438,540
IMG_15223,35.616220031352896,-99.71321513846097,450
IMG_15224,19.55757186967877,81.67826778875211,865
IMG_15225,31.6669712043461,35.22874708220899,441
IMG_15226,15.081324870237124,99.77058873856156,866
IMG_15227,61.47105854439662,53.83213350554491,1
IMG_15228,25.018885905737747,88.15929982198395,697
IMG_15229,48.46222219437102,14.700058486763876,201
IMG_15230,16.12962648253253,-13.94454790364428,331
IMG_15231,-46.39430072185143,168.34230035487244,232
IMG_15232,42.05036207416832,-89.17246257239663,852
IMG_15233,-26.77759771810282,27.66529813594191,587
IMG_15234,25.41090725165432,77.57986296832095,983
IMG_15235,33.00758215053729,-87.29925453452236,54
IMG_15236,62.98470354319846,22.69561195576805,364
IMG_15237,-24.510547046977308,25.759368002186,371
IMG_15238,61.05527952833414,21.4717251327242,166
IMG_15239,0.2643027472559883,34.183861660629546,410
IMG_15240,-37.39655743050327,140.29472896067008,126
IMG_15241,-39.22486757857824,-72.55405580586086,395
IMG_15242,41.52388669671074,-91.174944358457,188
IMG_15243,13.006021342929742,79.99772200499713,778
IMG_15244,-35.62420322130216,137.50770068839032,400
IMG_15245,-33.27811091182928,-71.42877666243267,979
IMG_15246,43.449104284308326,-79.66295874063371,774
IMG_15247,41.3231266581646,-87.91701977474725,852
IMG_15248,61.66031157472568,73.78773651442656,435
IMG_15249,-28.903035418529075,31.465914249642484,530
IMG_15250,-38.28961038915909,145.91760953478678,285
IMG_15251,51.16628864427095,108.97362446670196,158
IMG_15252,52.08780265849119,39.04000585979256,59
IMG_15253,-21.42619994160049,133.93788846801448,161
IMG_15254,59.40453726564385,18.32537236884086,354
IMG_15255,-23.66485625798618,30.58014352685976,386
IMG_15256,-45.2540296238871,-69.0720702681559,907
IMG_15257,-43.99797008596046,-70.79452426897271,460
IMG_15258,12.745138999760238,75.89988275027206,338
IMG_15259,-27.16297012845932,152.8765918963591,636
IMG_15260,41.00120293018281,22.060497287382567,436
IMG_15261,33.95343450881148,-95.55722580192214,327
IMG_15262,24.083642281625483,120.44764825979438,170
IMG_15263,34.30555778230105,135.13520488229463,315
IMG_15264,45.88122077397121,-64.22622206278398,781
IMG_15265,-25.44605804737285,27.50975062479913,629
IMG_15266,10.50681205716091,7.714799091252918,427
IMG_15267,-37.452016984719705,144.73304738135852,285
IMG_15268,20.18783323764584,74.4348724507596,516
IMG_15269,42.63694770893472,-95.09234848460822,751
IMG_15270,32.69863421946737,-80.15722132281113,241
IMG_15271,15.718952636292745,103.53930818723764,769
IMG_15272,-7.362171493552455,110.58653404268192,153
IMG_15273,48.28844178708249,-1.1067315841101892,534
IMG_15274,-22.52443365443262,30.408724664689885,502
IMG_15275,33.91504079930033,-80.02944571813852,241
IMG_15276,-29.592634590880845,24.11396665439156,576
IMG_15277,-19.3751194354212,134.53422611235038,161
IMG_15278,48.14622406064363,14.565740059497422,201
IMG_15279,46.00673527074584,-65.32869798252811,781
IMG_15280,-32.81090511123999,23.70025118167796,876
IMG_15281,54.42418239309291,48.755404087755686,206
IMG_15282,54.71454493266154,-7.790365088692952,125
IMG_15283,39.03071448161232,-91.43907386920785,293
IMG_15284,53.83835893758888,50.265005140066414,475
IMG_15285,45.78400153102517,5.154079886093407,76
IMG_15286,-33.08643601050609,-64.28288672303977,67
IMG_15287,8.523467024867102,4.615341773712033,492
IMG_15288,-32.155655581596164,-64.50310881656752,67
IMG_15289,48.94076773444929,-0.6359386474542305,534
IMG_15290,59.46081524400924,14.335821959156938,354
IMG_15291,-34.629317065285505,149.41373994980046,546
IMG_15292,41.113029503387885,-7.794541056162336,337
IMG_15293,42.028898489837005,-8.724803326255799,209
IMG_15294,8.502604658329448,8.592462781219098,566
IMG_15295,14.730395576611482,104.2027740058149,479
IMG_15296,28.040124683553568,-16.651650313092762,763
IMG_15297,29.87570422863617,-95.07391789363862,529
IMG_15298,36.604588645827526,-99.59756985832549,708
IMG_15299,-34.608943741751936,-55.8796496228229,9
IMG_15300,55.64037926966854,36.72515015551714,279
IMG_15301,61.34881950133264,16.497055117966873,571
IMG_15302,-33.66253382297013,-71.63346812305085,979
IMG_15303,33.85408916688044,-85.2911130822763,579
IMG_15304,10.54313540406069,76.99908722012435,338
IMG_15305,-31.3540585687454,-57.94037857313923,810
IMG_15306,-36.090036540712525,143.0696700098337,562
IMG_15307,-37.226934799340206,174.94697730163583,214
IMG_15308,49.09707318485442,13.973962106274184,477
IMG_15309,6.030244712189896,0.7041934837335616,874
IMG_15310,-36.17590125209244,-63.72859206220675,196
IMG_15311,-31.0801961289294,-52.987166508428565,81
IMG_15312,-25.34602650446035,29.3687267486778,235
IMG_15313,-25.578533035592464,31.095973238641665,941
IMG_15314,39.13773352386502,-88.80561168313363,404
IMG_15315,-34.40219162061646,-57.28387610528775,9
IMG_15316,40.91698649510859,-5.9197082937967895,565
IMG_15317,34.00582134206854,9.997979422476,490
IMG_15318,40.99804268570903,-96.83407839986091,635
IMG_15319,44.44073815854818,27.07261776759743,236
IMG_15320,37.97151567121028,-103.61965791827828,345
IMG_15321,18.738115425281183,76.4686903136584,409
IMG_15322,-32.97160204173774,117.31675878501872,480
IMG_15323,11.998481365161364,8.437559594577051,427
IMG_15324,58.6650330140336,26.04772687238345,368
IMG_15325,46.9432888923265,-91.7838121740577,108
IMG_15326,45.32680223738159,17.84624293051164,374
IMG_15327,46.96785891948449,0.2754830542027892,802
IMG_15328,-28.84328196160852,28.06669933749996,587
IMG_15329,5.913225498305153,-0.7283654732959971,874
IMG_15330,-32.60113855323383,117.38497787968568,480
IMG_15331,-33.53333993508763,-58.199990247248245,667
IMG_15332,-33.86037377186887,-66.26662720792268,664
IMG_15333,53.98264427161644,20.65465797259091,445
IMG_15334,-28.28162810796845,148.5538668964541,572
IMG_15335,-33.64835800321143,-54.26030356525855,392
IMG_15336,-36.79410316728836,144.01053880815422,972
IMG_15337,17.723008194111177,100.0645530075606,324
IMG_15338,59.96923129678603,17.52106768710725,354
IMG_15339,35.13787009824322,140.17502612734822,786
IMG_15340,63.31701055984629,14.460549174681836,597
IMG_15341,26.428508785709944,75.22977542942446,268
IMG_15342,39.72602154321683,-3.937245268685498,29
IMG_15343,15.69671498108669,99.63693168302522,866
IMG_15344,-34.87180852542599,-58.56839724881021,667
IMG_15345,36.13207135987096,-87.03611001374173,139
IMG_15346,-26.07182431572468,28.9370670924016,235
IMG_15347,-10.014643755020815,-36.50776621622925,699
IMG_15348,-31.358876026689103,-53.93477341202071,559
IMG_15349,-34.27153351459617,-59.42975375200664,667
IMG_15350,-34.067125220617555,116.14451274963074,238
IMG_15351,56.41010957334292,50.39046002658328,586
IMG_15352,-35.988836427594336,-57.84563598289221,527
IMG_15353,23.974749242708327,-104.6169842895922,38
IMG_15354,32.89344360052441,130.12123663193165,33
IMG_15355,44.99246162048927,1.7820356122523682,76
IMG_15356,34.47773928409326,10.356847725261174,490
IMG_15357,42.9559734895337,-116.0719983979374,973
IMG_15358,-33.075600668459515,27.77939513312157,388
IMG_15359,43.38384358766818,-98.11545215504248,175
IMG_15360,44.88640901057329,24.064122681993048,950
IMG_15361,-31.69922809393565,-52.99148517109684,559
IMG_15362,-2.790655086697752,120.32450134759702,204
IMG_15363,-32.41145284921807,117.00716773020052,480
IMG_15364,-32.31865900078281,18.91303712253072,618
IMG_15365,39.01696349023764,-95.39137247320768,635
IMG_15366,-25.93602255328033,27.397192021196325,629
IMG_15367,42.22051081188502,-90.49332146770968,852
IMG_15368,-34.96464046611956,-59.19469810267751,667
IMG_15369,27.86465534864623,77.94509682337693,978
IMG_15370,34.18673499648591,9.990650667278452,490
IMG_15371,62.64252564505167,149.27399974216013,377
IMG_15372,-25.38041756766929,150.6907445169195,280
IMG_15373,14.969502987300151,-15.95196902024447,331
IMG_15374,22.02993156379316,84.38699104330608,394
IMG_15375,-1.07270895926085,37.0954615020032,672
IMG_15376,8.733291392201503,-75.88137497103503,681
IMG_15377,57.77366734964358,13.683846142386246,659
IMG_15378,-49.610525567458325,-68.1275032295829,332
IMG_15379,44.43443234995197,-78.72076680112863,774
IMG_15380,-32.231207114632404,152.32799956419095,523
IMG_15381,-26.005621971274827,30.022709236615785,235
IMG_15382,-36.75418414534208,174.60574893075585,214
IMG_15383,-37.638615100330085,144.36116370860444,972
IMG_15384,56.77380025864986,124.91366468803642,355
IMG_15385,-34.43356562890025,-57.28120888982127,9
IMG_15386,-34.95869205828249,-71.25800433993864,23
IMG_15387,50.111264015683375,13.70700639132477,477
IMG_15388,61.51583330661767,50.57081561001941,1
IMG_15389,-0.516052435906378,37.46523465102361,136
IMG_15390,-44.83929415809687,-72.2220340115158,460
IMG_15391,52.19133719606304,6.949052594062462,145
IMG_15392,-24.639317082606475,29.742292513146875,386
IMG_15393,16.31285060692344,-15.774281382557364,331
IMG_15394,-46.1366855742626,167.96071854664024,232
IMG_15395,-30.352763975643825,152.62559843121875,523
IMG_15396,35.08033166164837,129.0325623452318,829
IMG_15397,-29.494926961769977,27.513943948777275,524
IMG_15398,-36.05529266839022,145.4957572660452,18
IMG_15399,-45.75203220598818,-67.4019057999428,446
IMG_15400,42.80952756101761,11.943265974653372,985
IMG_15401,25.80102956954596,73.23118315138736,879
IMG_15402,36.852729712239466,126.89758378794782,292
IMG_15403,50.804847534215,-109.98748497727868,641
IMG_15404,50.2222498767938,17.60237538007715,623
IMG_15405,27.58187906254481,76.10675079138254,268
IMG_15406,-29.532533845517325,30.191191250636194,144
IMG_15407,51.920347024739335,113.18041861716222,254
IMG_15408,-0.7642899752618757,37.23262637077529,136
IMG_15409,51.63389326231533,0.1417888197099475,919
IMG_15410,61.38844169954601,11.61259740596011,121
IMG_15411,-3.069316405591913,38.85134343470496,675
IMG_15412,-36.28572709965089,143.32022300073538,562
IMG_15413,-27.174755022264563,26.796674553035498,587
IMG_15414,37.28528778630041,-4.758923975651151,366
IMG_15415,-34.22088893877447,116.75620331472652,890
IMG_15416,-30.45722797210905,-58.63657264424912,810
IMG_15417,-33.87661388187119,20.286816339482016,110
IMG_15418,43.59526299113635,2.753908659132254,757
IMG_15419,-7.074191164522611,110.24841242575674,153
IMG_15420,37.40230938346756,-1.740178127070498,727
IMG_15421,61.81875602451331,31.583375585309337,288
IMG_15422,-43.38337058071122,172.49096421278156,775
IMG_15423,26.63112959222176,80.10561377365595,24
IMG_15424,52.07479327545265,20.22426058152329,875
IMG_15425,34.79203056069136,135.36805092951832,315
IMG_15426,-35.80288699448136,136.88662766176392,400
IMG_15427,49.19854514095738,0.5598202963362224,340
IMG_15428,7.195077673138493,6.334643705548452,183
IMG_15429,-30.735858194651147,30.101401348051887,144
IMG_15430,40.27366276924671,-96.77436078847128,635
IMG_15431,22.63907520444121,77.83898936533917,983
IMG_15432,32.818402152001035,132.74838601942793,625
IMG_15433,17.433871077569894,78.13152337969014,409
IMG_15434,37.425785995115646,-97.55038296433771,708
IMG_15435,-26.3862559912181,25.32552741410664,62
IMG_15436,-37.53603397604659,142.68045068059268,562
IMG_15437,-28.025421967412264,-57.663155291743934,533
IMG_15438,-15.739711660012896,-41.44535411767808,66
IMG_15439,58.85517084933764,8.571637322910732,379
IMG_15440,-23.6943065038392,21.05659773632444,673
IMG_15441,44.541281840802085,0.5211774558183802,362
IMG_15442,14.756995192457016,103.9791534355478,479
IMG_15443,18.59347466406509,100.7004613640804,324
IMG_15444,-26.84953507201391,27.85588097969817,587
IMG_15445,30.2510991656916,35.13518057582917,441
IMG_15446,44.30154513238625,-79.66502653290722,774
IMG_15447,48.37054275006204,-2.7092552623562653,534
IMG_15448,-33.409508895698664,-56.513318287321006,9
IMG_15449,-35.73440831029272,-62.96341127439901,439
IMG_15450,48.74421932310401,4.841991902037144,946
IMG_15451,-34.06456738897393,18.471985513492008,618
IMG_15452,39.78173092661731,-104.33934338435192,115
IMG_15453,-33.19263712527134,-60.90921881887566,630
IMG_15454,-34.396963943017305,139.0956175891099,706
IMG_15455,48.04090069000975,-3.2072345058055456,534
IMG_15456,66.60714885269033,25.828873027967266,503
IMG_15457,44.69865440396933,-93.5981932307739,567
IMG_15458,-8.703308508613926,121.7802114910757,797
IMG_15459,55.12234310226571,62.14575923209457,843
IMG_15460,-45.092580136271,-72.13934807863352,460
IMG_15461,-30.05428435363386,28.286030935582875,524
IMG_15462,-21.318196163110485,26.149227937103944,886
IMG_15463,24.01914568580396,81.37068487258226,24
IMG_15464,4.836805528382564,-75.98924253701524,282
IMG_15465,12.626388889081518,-15.866133156672896,771
IMG_15466,26.50115473262916,89.33006152814316,697
IMG_15467,33.58001499171757,130.86325269665758,33
IMG_15468,-0.7320055544494484,34.3662047642444,410
IMG_15469,38.15347879104931,-85.21402942003287,932
IMG_15470,47.474388987697374,3.267805576305645,334
IMG_15471,-37.46331935513595,-72.58330550976274,682
IMG_15472,34.73057379759878,-86.48543478506134,139
IMG_15473,50.40351232895211,86.8309294544463,92
IMG_15474,-37.29730135371923,-71.95044177618051,682
IMG_15475,-26.93479700927808,31.00125582227005,530
IMG_15476,9.027681034103708,7.598862325474653,566
IMG_15477,-23.540391681147423,30.41338299073312,386
IMG_15478,-8.621171994983456,117.5551195958542,270
IMG_15479,-33.488755094739105,138.74898338522584,706
IMG_15480,6.198601886902872,-1.650563150513977,874
IMG_15481,-19.580509043108595,-46.69853150357402,777
IMG_15482,-31.634961722839112,-56.33800224226263,155
IMG_15483,35.0203985332142,137.02727788733097,315
IMG_15484,56.34740510783448,50.212757732216296,586
IMG_15485,55.463813800667246,37.97491498470372,279
IMG_15486,14.820707926361951,120.8316383233261,991
IMG_15487,-37.96380600761798,175.77679248100506,792
IMG_15488,-30.70510537411729,-52.109130181649554,81
IMG_15489,-37.834749196562285,145.54645970835054,285
IMG_15490,-34.27200880456002,146.11238447586328,857
IMG_15491,25.41038263360048,87.60559630585104,697
IMG_15492,36.08642047297288,-78.73416868764035,696
IMG_15493,23.921585714943028,90.13656893089328,313
IMG_15494,-29.32807615170824,27.51467283925797,524
IMG_15495,42.91958658435433,-80.1752355970246,774
IMG_15496,46.55841032919711,-75.4107289215222,256
IMG_15497,31.31217806916285,74.76606956023036,511
IMG_15498,36.30194640744555,-5.59389884534031,366
IMG_15499,39.29047488492392,-105.81853704319228,115
IMG_15500,49.64167345128464,35.753164514154705,262
IMG_15501,-33.40486437829373,-66.31454563302505,664
IMG_15502,-49.363553732643496,-72.83164592780157,332
IMG_15503,-28.14276748125373,150.04337809525353,35
IMG_15504,45.85507575244748,1.004948899560169,802
IMG_15505,-6.788025029558707,111.95632500268349,844
IMG_15506,-31.55174255399477,-61.54313061591704,318
IMG_15507,-8.198827006877352,111.3770999291215,153
IMG_15508,-37.15025504098213,-58.51224980236007,527
IMG_15509,-25.3516174005664,30.35647847358944,941
IMG_15510,41.89504326611596,48.341517379734285,180
IMG_15511,-0.2861844114529084,36.48416664306574,136
IMG_15512,-34.44708079563044,-62.38019282928671,439
IMG_15513,42.33623181001836,1.053706545970844,607
IMG_15514,-45.00825521654514,170.71614102588882,775
IMG_15515,-8.217935067923813,115.25951229596606,521
IMG_15516,18.828977040916392,-99.23665467472352,726
IMG_15517,15.812616059970736,102.68059432212851,769
IMG_15518,45.7467112825361,14.81792143869737,674
IMG_15519,43.25022971423113,141.75293788156128,495
IMG_15520,46.77020890611991,11.944296311459537,674
IMG_15521,39.208275897062784,-3.601465987560366,29
IMG_15522,-34.2723880051007,-56.757962398874135,9
IMG_15523,-29.90580509635599,151.73225597454157,523
IMG_15524,-31.355783303872645,27.97909023935974,524
IMG_15525,43.8156972333264,-123.1349127450699,150
IMG_15526,44.037017368435535,4.446948426543196,757
IMG_15527,-27.51384378070665,27.273399419676604,587
IMG_15528,45.559783233056784,14.982167501138548,674
IMG_15529,-36.2444927366854,-63.94265216836948,196
IMG_15530,47.47282901770217,14.584536999674194,201
IMG_15531,-22.28220511550173,27.246021302010924,413
IMG_15532,35.53643313026938,-77.2653846367805,696
IMG_15533,16.865195696518153,100.53818606326142,866
IMG_15534,49.14037730258275,14.230427679919424,477
IMG_15535,-27.047109278574688,24.7546297650502,62
IMG_15536,-37.361337473318216,-64.55734910922953,772
IMG_15537,-45.088665204949365,-69.38227987024355,907
IMG_15538,31.80352787367512,-98.11606839518684,822
IMG_15539,49.803521349988046,-125.01898613580865,783
IMG_15540,-32.527729874476535,-62.93358757788072,550
IMG_15541,-35.750104666402564,174.2844676595424,214
IMG_15542,-23.17435045003614,117.7573591688684,454
IMG_15543,-1.0297938811627094,37.88902172005135,672
IMG_15544,-29.61075033968708,24.867710673819563,576
IMG_15545,-34.29432157142092,-56.40059488650733,9
IMG_15546,-25.47158517895811,30.953240764353048,941
IMG_15547,-39.05964116635543,-73.11833757378393,395
IMG_15548,37.39489189502852,140.83302946045066,786
IMG_15549,12.308345474089752,121.18013603692258,991
IMG_15550,-22.87023629428056,149.80966629619456,549
IMG_15551,-37.693262409512286,143.65747505379215,972
IMG_15552,19.66784143606311,85.44418946425444,394
IMG_15553,-31.718969874114624,-62.93188814647685,550
IMG_15554,-3.38064261102627,38.83331481165666,675
IMG_15555,9.188525737749403,7.346978516087635,566
IMG_15556,-39.706764886718254,-71.90344034307822,395
IMG_15557,46.96771766276971,22.28395209147716,860
IMG_15558,-37.95879518285067,178.24511964406145,792
IMG_15559,23.338697378902367,87.9538882168805,313
IMG_15560,-31.712248107584514,-52.174103418167824,81
IMG_15561,53.31136023768877,54.109722014196464,894
IMG_15562,30.2628720613836,-92.19512245959667,89
IMG_15563,49.52104161891146,-105.3688488046529,302
IMG_15564,-30.11862852232772,-64.53783227522239,881
IMG_15565,-42.82893364586239,147.52618691414528,906
IMG_15566,51.25923922503994,22.1107864421981,875
IMG_15567,19.61105750553281,74.85870362658675,516
IMG_15568,-26.873589987614107,150.45585765085727,280
IMG_15569,-37.25582968561911,141.36630887888373,562
IMG_15570,11.95720568567129,75.64846756107508,338
IMG_15571,11.466348748101655,122.72698292255392,905
IMG_15572,-6.998152389024751,113.2920775569168,844
IMG_15573,50.84990513705601,15.63756049539941,623
IMG_15574,-45.17163501064051,-69.2928355869172,907
IMG_15575,-37.6503451246677,175.53072954412107,792
IMG_15576,-31.773882337410285,-64.40204591096746,67
IMG_15577,6.890156826155429,7.483689056540537,183
IMG_15578,48.17853687953031,1.3034944826011416,334
IMG_15579,41.83152701982258,-2.060854309828872,142
IMG_15580,57.61927028866449,40.988473061993865,921
IMG_15581,-26.04729117174009,28.059597923036986,629
IMG_15582,14.991181038587936,103.55966134725324,479
IMG_15583,-33.93742432215372,151.1506743923857,197
IMG_15584,-36.02918178845809,147.98372024460778,546
IMG_15585,-21.621798062802508,148.7036691682388,159
IMG_15586,43.32915104290394,13.62641894104117,101
IMG_15587,-33.68041706374099,-65.46919390721915,664
IMG_15588,54.035125982186045,-7.812964337486552,125
IMG_15589,39.08372814757208,-94.75582724832807,635
IMG_15590,43.4785086952505,-99.08319544321192,175
IMG_15591,-1.4078213042095444,35.558393866508666,410
IMG_15592,37.2159505001901,22.00395486660511,655
IMG_15593,14.51641589523523,-16.959454648024465,649
IMG_15594,33.2732089242947,-89.01667585099568,54
IMG_15595,46.70268859228115,142.87938679346996,367
IMG_15596,45.13448416442939,-91.27532849049491,501
IMG_15597,29.97745097977561,74.51607763696326,511
IMG_15598,-23.23518946622963,150.58703650644955,549
IMG_15599,-31.854224297138494,117.91740911107904,480
IMG_15600,44.52084153454193,141.7883452778752,495
IMG_15601,63.340165271009525,118.48097197623233,194
IMG_15602,43.46081575840356,-0.6280528548849541,362
IMG_15603,1.226574735680274,-78.0846967373572,169
IMG_15604,-31.55014738383625,-53.71638655547179,559
IMG_15605,5.403827500789819,-0.6198560106131017,874
IMG_15606,-34.10869897015366,-60.3349709454604,806
IMG_15607,39.57062090789704,-0.2805433404262153,727
IMG_15608,-39.222255339008,-65.71811789607561,772
IMG_15609,29.02228143208012,-100.85786215473856,980
IMG_15610,-8.795356880023201,121.56817469736536,797
IMG_15611,50.9763067595925,-119.3531328482206,650
IMG_15612,-37.67093777532684,143.93364599041738,972
IMG_15613,-28.207538702978383,121.05824013496816,670
IMG_15614,28.327431548179646,-14.123577965943864,107
IMG_15615,-28.1860338051271,29.133428019922345,587
IMG_15616,-8.204557606690832,112.04219893431744,844
IMG_15617,11.888690370043133,6.954991701058108,427
IMG_15618,-38.23354027914051,-72.70541925612572,682
IMG_15619,45.86935854508703,22.35639533925474,120
IMG_15620,23.02983080018581,79.81613656063467,983
IMG_15621,28.218595290361545,-16.824659005616045,763
IMG_15622,-38.0807964769499,-57.66184309123005,928
IMG_15623,-33.92027945189181,-55.88974216403139,9
IMG_15624,43.892151505616575,-88.25472929958117,32
IMG_15625,-8.089818487250827,113.18569327659463,521
IMG_15626,-30.47953526241968,145.71269009337033,244
IMG_15627,-41.68457767203286,-73.62649541990244,573
IMG_15628,-33.36673660354828,-70.66967097382822,979
IMG_15629,-40.39359110949671,-69.55250450195558,710
IMG_15630,57.83484275598746,13.015843843399736,659
IMG_15631,-16.790791393256946,145.6983816640678,606
IMG_15632,17.413905774972484,101.46251903829037,324
IMG_15633,-23.541319771732383,147.98352151995607,549
IMG_15634,-38.48532448344428,-58.674601010715605,928
IMG_15635,62.47975807558333,7.1775287686177975,791
IMG_15636,19.19973414955525,-97.38806582916598,726
IMG_15637,33.415730558932566,-86.58537686640989,54
IMG_15638,-34.356963645705896,117.4267934353916,890
IMG_15639,-30.544200149760144,-63.53086967139359,881
IMG_15640,43.95838715034666,43.265205692300114,418
IMG_15641,-33.3970872922032,138.27947628416095,706
IMG_15642,-37.169808967732216,142.693763522352,562
IMG_15643,-41.4329389965334,147.5149960026653,487
IMG_15644,52.87652116574949,17.19719479979992,278
IMG_15645,33.88589504557131,-83.92903442301069,579
IMG_15646,-35.367720669210264,174.05857841480636,214
IMG_15647,46.31692323717477,20.037864767723867,120
IMG_15648,66.99167772285989,14.063211508937105,622
IMG_15649,43.3831435168675,6.155300709303567,686
IMG_15650,39.98981071281946,-91.31968033453649,188
IMG_15651,14.446705143867668,120.5266325043664,991
IMG_15652,61.70317849343264,9.460311908134212,121
IMG_15653,-35.74420298107171,142.35082975868409,908
IMG_15654,-0.7175841282297799,37.125091385578365,136
IMG_15655,41.64422799844819,-83.99622366998034,968
IMG_15656,11.587167845259158,77.67864459287432,338
IMG_15657,-18.68530768242434,25.613506457752298,426
IMG_15658,-34.762223223480206,-56.294139263378526,9
IMG_15659,-33.50807130173683,150.03544417111715,197
IMG_15660,-46.205095490935165,168.35274534482684,232
IMG_15661,32.09037722260661,-87.74791705807797,54
IMG_15662,-26.392801640884773,133.23592702285416,816
IMG_15663,16.810729684708438,82.19223468059786,865
IMG_15664,21.3080631279346,72.78205887599768,758
IMG_15665,42.11880825218643,-75.665230599407,547
IMG_15666,-7.637455302080487,110.5280900385263,153
IMG_15667,14.80645691331774,-92.3070677153748,895
IMG_15668,37.63306545383274,-84.7693062342955,932
IMG_15669,-26.6666606668886,-52.766992593777246,233
IMG_15670,-33.30226029610128,-66.3413009196648,664
IMG_15671,-20.65537304218442,141.7785661582489,39
IMG_15672,44.829310536208354,7.85348613947076,686
IMG_15673,13.80499790317873,102.51344052272071,44
IMG_15674,-34.63777539033552,-68.29966868114504,935
IMG_15675,-33.967721991111524,-60.61481244937466,806
IMG_15676,28.49904694092273,-16.400428593543378,763
IMG_15677,44.80804063522932,-90.08385576609912,501
IMG_15678,45.838533595344686,-122.55130206159996,639
IMG_15679,33.74043494002507,135.358120388808,315
IMG_15680,-36.01327218539898,-64.27486876181841,196
IMG_15681,-33.882685330894326,-57.3502677348846,9
IMG_15682,-20.5637575584448,146.26860509285024,159
IMG_15683,-42.879040479163606,173.25007191842948,775
IMG_15684,34.383313872798055,133.01067196008103,625
IMG_15685,44.056554105744326,-69.59698286572235,68
IMG_15686,-36.32182023290218,145.86024286659708,18
IMG_15687,-36.79882356885054,-72.67864484104548,682
IMG_15688,14.32628951548253,-16.415846446615763,649
IMG_15689,55.49029585885389,40.52318900254089,412
IMG_15690,20.426709964984628,-90.10279440595158,497
IMG_15691,49.6501818745198,34.54737851483314,828
IMG_15692,-37.89545823035212,-73.32436545568179,682
IMG_15693,-28.711966096850944,29.81648095340029,144
IMG_15694,41.02040797540182,-74.5314210035298,547
IMG_15695,39.77910438816793,140.76052489000784,83
IMG_15696,2.3344857791737303,37.96612202794192,36
IMG_15697,34.96716946099134,-76.80507046655237,696
IMG_15698,-30.51095357776853,-52.07767078439186,81
IMG_15699,-34.707621703924865,-58.46131982862877,667
IMG_15700,-23.95723869414157,21.83468635186904,951
IMG_15701,-31.43118499295032,121.56166762214085,31
IMG_15702,31.70592277476237,35.16092041332735,441
IMG_15703,46.52041497719196,-117.00031029972328,19
IMG_15704,-34.93206011900261,-71.16484269415645,23
IMG_15705,31.313153581919824,-88.74048130866359,54
IMG_15706,-44.7286380563597,-72.56939390417773,460
IMG_15707,59.2181012501498,26.224960376139936,368
IMG_15708,-33.892340598675844,-64.4232564444635,664
IMG_15709,-26.89217538028252,27.91954482367445,587
IMG_15710,15.08553374761992,-16.663790305642518,649
IMG_15711,-38.51978468889434,145.6972151546031,285
IMG_15712,-34.95888060573746,137.63492225375714,706
IMG_15713,-20.7257324754321,27.242706564401903,413
IMG_15714,-44.54264924684356,-70.23993952403698,907
IMG_15715,60.90784469159193,76.6975582346004,589
IMG_15716,14.723538641081728,-16.437138075549733,649
IMG_15717,45.76555941362871,3.201712266156216,76
IMG_15718,50.57164344183378,-104.72961502594517,302
IMG_15719,14.97331681503326,-15.870365591847309,331
IMG_15720,34.63738365658475,-90.69692330462637,423
IMG_15721,53.605274268742086,-8.46838225573308,125
IMG_15722,28.213104822463315,77.28308090654528,978
IMG_15723,8.695301896646397,-75.7996350895001,681
IMG_15724,44.21553210516029,3.936530473817456,757
IMG_15725,11.906695034426116,76.86082095394721,338
IMG_15726,13.83941157813887,100.45107736515526,44
IMG_15727,30.611739241233348,-92.6860726268571,89
IMG_15728,17.604761791966936,78.06918232138534,409
IMG_15729,-33.46309260914345,-58.252512783195485,667
IMG_15730,30.9562217721752,34.99132112155176,441
IMG_15731,-35.663022953560265,148.95081095749504,546
IMG_15732,33.911552320301894,-91.76561009451548,423
IMG_15733,26.304488493606453,73.78845411163569,879
IMG_15734,-3.541560530134551,-42.66874278554659,277
IMG_15735,45.14194091648115,29.07267831354337,236
IMG_15736,-21.041952620685457,25.62751388005032,219
IMG_15737,40.1913935392812,21.403168107063376,436
IMG_15738,59.3658849038643,11.087117944570146,779
IMG_15739,-27.824445412425263,31.408163881193985,530
IMG_15740,-36.28351004136567,-72.52151877701566,682
IMG_15741,48.05721277698266,0.9206211649598672,334
IMG_15742,37.24129775940048,136.76864000869378,182
IMG_15743,23.312670061021816,87.97099973291897,313
IMG_15744,-26.77264850759768,27.586987825023183,629
IMG_15745,40.11925146203893,18.31011669932523,208
IMG_15746,34.59669363861919,-84.45207341987661,898
IMG_15747,15.297726565230365,104.8680559029398,479
IMG_15748,-41.19434819623291,175.05225394699988,34
IMG_15749,-49.78696926945853,-72.22660472862368,332
IMG_15750,-33.79629597225639,116.00338542701768,238
IMG_15751,-34.552846283149705,-55.88059101129004,9
IMG_15752,44.841238243577,0.1471653420776244,362
IMG_15753,30.63618917661279,131.02113810756993,33
IMG_15754,-34.77378114397795,-58.278795643735904,667
IMG_15755,49.40641272072588,13.199918811441483,477
IMG_15756,-48.59439098893653,-67.73619791196028,332
IMG_15757,19.51921263052277,-99.23301282010304,726
IMG_15758,40.99907594413409,-86.23585352410866,968
IMG_15759,-37.74340283464155,175.97385737887274,792
IMG_15760,-38.56235970116396,174.9181920432951,792
IMG_15761,14.707146158528534,102.31222409139194,44
IMG_15762,-26.29022448108421,28.47364534637743,235
IMG_15763,-33.42280875985426,-70.7886554010591,979
IMG_15764,52.00812373905046,-5.021783524167875,498
IMG_15765,-4.024811106311915,39.723607105123776,675
IMG_15766,-51.39516345723956,-70.22204183401278,472
IMG_15767,-33.896743584879246,147.10684121471337,857
IMG_15768,49.74047974476372,1.5234181316328783,340
IMG_15769,-42.30235773709551,147.50745659685558,906
IMG_15770,42.44826589159613,-95.24505047179537,751
IMG_15771,-35.646565518936306,148.43814729985814,546
IMG_15772,45.310104943289055,-71.26918807424961,648
IMG_15773,44.29197777007776,0.6216098213936746,362
IMG_15774,-21.226202240072546,-48.60722215901707,390
IMG_15775,47.9341004085358,46.61372520787422,118
IMG_15776,25.62127664024669,72.43692244997122,879
IMG_15777,13.428038916615664,103.98660113469624,479
IMG_15778,21.610008849719783,72.02724765486452,758
IMG_15779,14.31653586894808,102.93219933910244,479
IMG_15780,-32.708615549163014,151.0382702520478,197
IMG_15781,-31.268491345682698,-64.46775082526656,881
IMG_15782,-37.78335070628846,-72.61762574512916,682
IMG_15783,-37.96002053411407,-70.80180164275785,999
IMG_15784,-35.46936603550659,149.22399231640003,546
IMG_15785,-33.12475293207925,136.4565828048505,773
IMG_15786,-38.06455106030106,-60.16715621154356,303
IMG_15787,34.10634332427872,-118.13075709576798,474
IMG_15788,21.44406968638468,73.00206302116277,758
IMG_15789,51.5858542540132,6.114720447014967,824
IMG_15790,6.912668365973411,3.707472313277571,555
IMG_15791,45.076604174617,14.589294622767724,674
IMG_15792,61.31614594124859,29.94364609951756,57
IMG_15793,-32.18489405303442,148.17768552881012,540
IMG_15794,60.558243313214525,17.468626172395968,354
IMG_15795,41.20964745757719,-104.55689642241646,115
IMG_15796,-28.95735864240508,31.750336183609736,530
IMG_15797,37.97378233816041,126.87846882264044,292
IMG_15798,-36.85933761568149,174.8513428904321,214
IMG_15799,39.25608726899815,-84.3279340196592,932
IMG_15800,-28.779151548533605,24.63618099967722,576
IMG_15801,37.05487457666396,129.3916220695682,829
IMG_15802,-19.42258493742434,146.73294529393107,159
IMG_15803,34.89017446564013,10.762835364561797,490
IMG_15804,-35.58287171987489,139.11571426488575,706
IMG_15805,35.94157599768694,-94.33538335594284,12
IMG_15806,40.764033259241984,-76.93787040120418,547
IMG_15807,40.73624396101359,-3.483466265884161,142
IMG_15808,-25.82449091147789,30.031005066011083,941
IMG_15809,-25.5065812212241,151.99081152937387,689
IMG_15810,-33.812508565935275,115.84957373496816,238
IMG_15811,48.01529234427729,13.632269246989924,201
IMG_15812,37.811819060722,139.1505294763517,182
IMG_15813,-41.09003524316098,-70.83130201495246,109
IMG_15814,-30.18145484811857,-68.65199063236578,310
IMG_15815,39.01499755724846,-1.8417976897907995,727
IMG_15816,46.00058320749064,-74.39402484797088,648
IMG_15817,19.170932708656988,-103.7587791076804,726
IMG_15818,-44.396727071926975,170.9673125357412,775
IMG_15819,34.8207451760163,133.55017840528615,625
IMG_15820,-41.29367590961033,174.7660752822946,34
IMG_15821,53.33113262691976,-6.516652986938808,720
IMG_15822,-35.17502696747755,146.38992093797066,857
IMG_15823,45.38942155600263,0.5598414229639767,802
IMG_15824,45.08718909166447,-74.1966034213618,648
IMG_15825,-7.4022148288116,112.22136815351024,844
IMG_15826,-35.289929580786,-60.6022232546965,439
IMG_15827,-34.59929235207624,-55.70881304737666,9
IMG_15828,-26.7572554379395,26.23480852436195,62
IMG_15829,-32.18287578877939,-63.93323936780939,67
IMG_15830,8.060843485397044,4.343104690830538,492
IMG_15831,56.38712853574327,39.99897778531968,412
IMG_15832,46.27948008414802,-0.181211961960045,802
IMG_15833,28.38436593611358,-105.56610734827788,725
IMG_15834,-20.752927507498683,139.9300468125647,709
IMG_15835,30.776578554212048,-88.276486601735,54
IMG_15836,39.60943826711267,16.194021979570092,208
IMG_15837,59.71519447686922,14.258894389861714,354
IMG_15838,59.878749713547855,10.504529772050692,121
IMG_15839,67.73449652720541,24.859322240516104,680
IMG_15840,-37.48349783172157,143.51839993017396,972
IMG_15841,49.60264123281336,41.69558482735247,372
IMG_15842,-26.090210289396847,152.21065388878287,689
IMG_15843,-52.1331174669427,-69.07887001903167,472
IMG_15844,-39.57785419138813,-71.95827905072969,395
IMG_15845,-34.64163228262804,-56.6275304146674,9
IMG_15846,-32.95695017519069,-68.38683836314712,577
IMG_15847,-32.333912846424994,-64.74482778430684,67
IMG_15848,23.30549933871364,73.5829725144603,129
IMG_15849,58.59303640662556,38.65727247640662,734
IMG_15850,-27.79206811720493,151.84881915790135,280
IMG_15851,-0.6992509782492273,34.386523027502555,410
IMG_15852,-32.939922674021844,-65.37645138162445,67
IMG_15853,-24.56618253620712,28.763640596814906,10
IMG_15854,-54.039313237574994,-67.97656136265729,812
IMG_15855,35.739995878487115,-99.14279343724752,450
IMG_15856,24.94660622924133,91.86138716080193,313
IMG_15857,40.57556354596118,32.670307220533296,308
IMG_15858,-1.470909183303672,35.369227792534275,410
IMG_15859,51.87066721870988,-2.623041203778094,215
IMG_15860,-33.690263595249554,-59.875221205089545,806
IMG_15861,-26.30410772190457,28.44313122006945,235
IMG_15862,37.94744299276056,139.37112389717976,182
IMG_15863,-35.429076588474594,-72.43863019204895,23
IMG_15864,53.44220331270782,45.0455623206246,260
IMG_15865,-46.22329009168482,169.76058166224792,232
IMG_15866,16.275678214532782,100.59420936204948,866
IMG_15867,-18.81878771658728,145.82118057919567,871
IMG_15868,-30.33451919261652,-58.30558051704566,810
IMG_15869,53.91663358685941,-1.2780737131808315,16
IMG_15870,-46.16416217199072,169.63534412983577,232
IMG_15871,-29.80177116308616,30.76733073694162,144
IMG_15872,44.374167382705714,40.25300745109344,418
IMG_15873,-13.557117133876428,-41.33667907344165,836
IMG_15874,42.87118303221549,13.186841307366398,101
IMG_15875,55.58001371090133,-1.888025557676751,861
IMG_15876,-33.54681043442006,115.71006078591188,238
IMG_15877,47.93113878917026,21.79673703331138,860
IMG_15878,39.2821696312023,-81.62794406515349,191
IMG_15879,-34.23789290329871,-57.30478454311644,9
IMG_15880,14.363524126925292,74.44748483285899,748
IMG_15881,-27.438691389831103,30.82034201796433,530
IMG_15882,-29.886433926131467,121.11463250244668,31
IMG_15883,-31.90462536025053,133.49351655896015,2
IMG_15884,-31.77635697031043,138.5103150964864,312
IMG_15885,17.369459624053324,102.59086400890784,324
IMG_15886,44.52443114318711,-64.32965031217967,781
IMG_15887,-30.994330017044124,-68.85527296190814,310
IMG_15888,-38.99760301800393,-72.67646632313124,395
IMG_15889,6.897400551871391,3.731340585327384,555
IMG_15890,-29.220902934077284,28.90412920215091,144
IMG_15891,-38.14522711450333,-65.83854938104635,772
IMG_15892,35.221631768725175,133.41023785484958,625
IMG_15893,38.37483902184973,23.018064779269128,655
IMG_15894,33.373231847104925,-84.5873675944376,579
IMG_15895,21.82098614419228,78.20224146705048,261
IMG_15896,-40.40183074283914,-68.70684504949614,710
IMG_15897,14.802570225846836,79.98085816804011,8
IMG_15898,48.19949583354273,6.395022653004558,381
IMG_15899,53.9776734669381,56.385392877167206,894
IMG_15900,39.97989088167456,-0.3508552141063805,727
IMG_15901,45.80175379253948,0.1710409757839917,802
IMG_15902,39.76398257401311,35.22971097656329,653
IMG_15903,-46.69242761574486,-70.86954249069149,45
IMG_15904,-34.95642165982347,140.1155559665291,706
IMG_15905,18.028125395208864,103.29746074063394,769
IMG_15906,42.40800166687941,-73.13759015856496,68
IMG_15907,41.81550554572349,-6.828795914040883,565
IMG_15908,-46.88896044184003,-72.76264813958394,45
IMG_15909,-33.1247000051705,136.38924370694286,773
IMG_15910,-37.03690338474783,143.3064159564026,972
IMG_15911,16.843290057910888,103.63144668136304,769
IMG_15912,-28.7627510739558,28.313808857216173,587
IMG_15913,47.23239489140944,0.5435338707581804,802
IMG_15914,52.62967131421506,49.50880660110138,475
IMG_15915,-28.828017470256025,153.44065949618542,636
IMG_15916,38.73321784935733,-76.5633916541872,547
IMG_15917,-26.41988714445205,27.69869876199239,629
IMG_15918,-33.54744889340583,-70.94318996000743,979
IMG_15919,-39.925334610382215,-65.41479619380632,103
IMG_15920,-0.3592300454798961,117.42893877723964,701
IMG_15921,-33.003542030933595,-60.61718355824713,806
IMG_15922,53.39187408193527,-6.162362583283607,720
IMG_15923,22.21153512759943,84.82270397210776,394
IMG_15924,-36.51009943511742,143.60603169888626,562
IMG_15925,52.465773766952616,18.46961227106314,278
IMG_15926,-26.38886263303926,28.48548885284012,235
IMG_15927,20.496263918694005,77.94593823756524,261
IMG_15928,21.788373124762533,72.15321998898479,758
IMG_15929,40.7250880439723,-82.1588972859306,191
IMG_15930,-42.56256928442863,-71.61593821330433,109
IMG_15931,18.637493854184257,78.06256492078167,409
IMG_15932,30.90096108247568,-99.79719587942306,205
IMG_15933,-18.63861233883068,146.21204493384653,871
IMG_15934,12.642328261436,78.62044834843803,778
IMG_15935,0.4825481690781407,34.22376657907836,410
IMG_15936,-1.4050008637993292,37.18198720184235,672
IMG_15937,-34.79428961669449,-69.36761971955812,935
IMG_15938,-33.52363698169701,-70.58468371763637,979
IMG_15939,23.45881403912121,-105.83628921707344,38
IMG_15940,-34.30406404210028,138.95940004676237,706
IMG_15941,-31.76067733980359,-60.478440858562905,318
IMG_15942,63.58969980040698,11.009912579597245,597
IMG_15943,-32.85255903035657,-66.75666834229848,577
IMG_15944,-34.28936750469012,-59.30922402299844,667
IMG_15945,43.887959430960834,43.34246398463898,418
IMG_15946,40.82409757321969,-95.99599106070846,635
IMG_15947,-27.20632155176685,27.961347691388973,587
IMG_15948,-38.75130906988982,-68.18130962973625,322
IMG_15949,33.18832562278875,-95.07300110170688,127
IMG_15950,60.031178971165154,9.191798490055762,121
IMG_15951,51.23216631856569,-0.1011392015443932,919
IMG_15952,-35.190044440999024,-69.79393585198898,935
IMG_15953,-32.93950054733235,147.86088508919195,540
IMG_15954,32.10827263381568,130.3966372269572,33
IMG_15955,-27.5133945682547,26.47406786377752,62
IMG_15956,-46.084554508051234,-68.52931403890588,907
IMG_15957,-36.420467176190336,144.38031228505733,18
IMG_15958,34.17910489561224,-83.89337345763062,579
IMG_15959,41.98760899429775,-98.17814208792822,175
IMG_15960,31.10869806779375,-84.6640721881557,579
IMG_15961,-34.17920099820612,140.69343827878177,908
IMG_15962,63.52925456367965,13.007999048264267,597
IMG_15963,31.71990333951233,35.19536606876177,441
IMG_15964,32.3238688733693,34.850049914857586,441
IMG_15965,40.53829719638277,-93.41575105040788,188
IMG_15966,11.50215194845867,77.98128941261503,338
IMG_15967,30.93680153772632,-87.15676911540073,54
IMG_15968,-21.69792021241872,115.84037776323429,454
IMG_15969,-36.287144274179575,147.0627027204329,18
IMG_15970,-34.39697238515878,-57.06313365287303,9
IMG_15971,-5.683385918503229,119.72230708770712,204
IMG_15972,16.827984500387235,103.53310412134329,769
IMG_15973,28.44697732377149,-16.28228319931382,763
IMG_15974,-34.05360146955141,-60.10631167103372,806
IMG_15975,-42.88603131231841,170.84373336235348,775
IMG_15976,-36.26631660639442,143.33080683301978,562
IMG_15977,-29.75597706028669,151.54128030958415,35
IMG_15978,-8.234177540229227,123.7094851408112,116
IMG_15979,19.54439630063359,79.34540094850131,261
IMG_15980,-33.051340777888086,-71.53235130624785,979
IMG_15981,29.750995261287265,-82.22058444417686,638
IMG_15982,-35.73663959444223,142.43768857621927,908
IMG_15983,44.851124157897736,-90.25638917108355,501
IMG_15984,16.543454754445552,80.39735247479211,8
IMG_15985,-18.84669860709319,144.57410400711584,871
IMG_15986,-33.35547301358775,-55.56215870896124,9
IMG_15987,-26.61598014159292,28.02939147841252,235
IMG_15988,-39.56839367056025,-71.56042095288159,395
IMG_15989,-42.89175876595692,-71.14511302073275,109
IMG_15990,-41.06521822700663,-72.92336501374642,573
IMG_15991,-32.879083634303825,147.46281381584916,540
IMG_15992,43.589997054550906,-86.13118182484102,608
IMG_15993,67.07077587894774,32.15148130510715,75
IMG_15994,36.37607451613919,-90.24725560047152,911
IMG_15995,-40.184363044320975,175.24353217272596,34
IMG_15996,41.6040159464711,-87.25381275794257,852
IMG_15997,-35.72805009184689,-70.16957155462832,999
IMG_15998,-34.130769500080454,-63.39356575133858,630
IMG_15999,23.73012870691241,88.87985698747642,313
IMG_16000,15.960290661038984,104.35363563367056,769
IMG_16001,35.097134786938746,-79.42054771241547,241
IMG_16002,30.35651400997735,-94.10290616725813,89
IMG_16003,52.84345981446791,19.608955426190143,445
IMG_16004,-47.666143354025074,-72.99485682318914,45
IMG_16005,13.715544297185922,102.08257333814927,44
IMG_16006,39.28829761142457,20.9758300317528,436
IMG_16007,-35.910508766360095,-64.27364820426465,196
IMG_16008,-32.734396489293154,-71.47021325727957,979
IMG_16009,-34.12393552411166,-71.75698690473313,23
IMG_16010,50.55062718043536,18.22573124487668,623
IMG_16011,-22.174844116697027,20.38247969754645,673
IMG_16012,23.230040995146105,82.42286912045762,394
IMG_16013,-7.39634102485927,112.46123995154208,844
IMG_16014,-46.07340173700774,167.85219444861792,232
IMG_16015,25.33675127732549,82.78182390691524,798
IMG_16016,42.60201848104353,18.865154949777665,374
IMG_16017,11.642396778356542,8.951195839641269,427
IMG_16018,52.0351239635736,86.71286704838367,425
IMG_16019,24.21259411909221,-103.36622250821836,38
IMG_16020,49.45641391155525,1.0530338752729,340
IMG_16021,-5.551785574366379,-36.906835789458526,344
IMG_16022,44.705585235336045,27.94382293574408,236
IMG_16023,39.61098800111474,-3.4117892135855588,29
IMG_16024,42.5628039673611,-92.50060001302634,188
IMG_16025,-35.5970113176279,-63.613175194590966,196
IMG_16026,50.23191543699892,12.976812541588794,477
IMG_16027,-7.154500548409913,112.27882711044316,844
IMG_16028,-24.707700553924152,26.508553145639,371
IMG_16029,14.636286965410408,-16.43935095847306,649
IMG_16030,-37.71588689140869,141.5481214608545,562
IMG_16031,52.20678013395126,-108.217043579767,847
IMG_16032,-8.688163669394502,116.49109436490066,270
IMG_16033,14.319549897267343,74.90695926338812,748
IMG_16034,-38.37191169320416,142.9611951280609,972
IMG_16035,24.06884201986924,-98.65825781115652,384
IMG_16036,35.22180574954082,138.3496852759108,786
IMG_16037,-22.83789052215134,30.676338775641074,502
IMG_16038,-29.167635943391872,152.00427983980123,35
IMG_16039,-29.040304315871857,152.68506950420164,636
IMG_16040,7.260511183606584,0.4709387027431482,874
IMG_16041,15.801874989797769,78.58098450292226,8
IMG_16042,26.88591863641789,70.7385871354935,568
IMG_16043,63.023577200434886,16.638121471465173,571
IMG_16044,-36.1421911015751,-71.82009749014863,999
IMG_16045,54.43907813416708,-118.5739214371066,40
IMG_16046,-3.026161046898615,38.652424497040016,675
IMG_16047,-36.6794679836793,144.19326206769463,18
IMG_16048,-0.4081184382343413,39.68635154136842,136
IMG_16049,26.69541903142997,80.41947341051097,24
IMG_16050,-31.76485086469749,-54.7000316228422,559
IMG_16051,-37.29846267743888,-71.68401827411165,682
IMG_16052,39.5695773770053,-75.27850312496881,547
IMG_16053,61.112468182709385,26.852290070400663,811
IMG_16054,-26.994544629352497,151.3015219261424,280
IMG_16055,-34.32001631042945,19.749595742055224,618
IMG_16056,44.60932107285124,-85.75977142464957,608
IMG_16057,43.16099726512044,131.4436154829008,578
IMG_16058,-33.40476088827689,138.34935614668868,706
IMG_16059,-30.68626138948364,-52.10826865905786,81
IMG_16060,49.01496828484056,93.50610699727712,316
IMG_16061,27.533181461421663,73.54753211734543,879
IMG_16062,32.65005443258272,131.750828423901,33
IMG_16063,54.232943936298696,-7.454887042768915,125
IMG_16064,58.39913766101554,12.570132696688894,779
IMG_16065,10.398043574207422,98.80622486565824,341
IMG_16066,-16.3558631277215,-72.21016709206809,924
IMG_16067,-34.76246026230261,-68.02717512267311,935
IMG_16068,54.07128771861834,15.229217055289656,278
IMG_16069,-32.86621493988517,-62.76187103700981,630
IMG_16070,46.01163875114096,12.167609979780853,674
IMG_16071,14.512879278249349,101.63624384811284,44
IMG_16072,48.0211426151616,20.824053391058257,860
IMG_16073,-20.565298580262183,140.568509716889,709
IMG_16074,37.36518448411187,126.6481151061314,292
IMG_16075,51.07233124798533,2.5980528915429755,824
IMG_16076,40.95521438835197,-89.03781138317036,852
IMG_16077,31.57782273601717,34.644903231808,441
IMG_16078,-24.60472525069144,30.30087178559809,386
IMG_16079,39.44326987440275,-88.17298080396974,404
IMG_16080,-35.64113303441387,143.52658971657718,18
IMG_16081,-28.085868449422964,32.042660622113885,530
IMG_16082,11.019025325134434,124.61173537453234,91
IMG_16083,-34.03559674680531,139.708326434726,706
IMG_16084,-32.67894495466475,18.25686144957649,618
IMG_16085,47.925795858940624,2.6195087928695773,334
IMG_16086,45.2652550892927,27.620188174395377,236
IMG_16087,-34.77850027706872,-56.056179808735365,9
IMG_16088,45.00155852991282,40.39045348043226,418
IMG_16089,20.277086903248826,76.14048589332143,516
IMG_16090,-16.87459996776351,144.2060044145023,606
IMG_16091,12.22378757772446,8.201065445350759,427
IMG_16092,7.445225572199659,5.168454572935567,492
IMG_16093,-35.170611473639504,-59.09617677446385,667
IMG_16094,-31.43261308811692,22.6787333995093,957
IMG_16095,-35.8901013348096,-60.259523751854246,439
IMG_16096,45.01395899728005,3.919694073955029,76
IMG_16097,-27.36246890101245,27.288497123260328,587
IMG_16098,17.9201054006293,-91.70561877184603,497
IMG_16099,36.969175082784346,140.5256088146597,786
IMG_16100,-38.44415410824848,146.02867057191878,285
IMG_16101,52.5224810658755,-2.1087947199055166,16
IMG_16102,38.18480470176004,-85.22625615955015,932
IMG_16103,-43.264100598504,170.37135712170144,775
IMG_16104,-36.50711724596113,-71.94633492794216,682
IMG_16105,58.431209940307454,16.50184006605218,354
IMG_16106,54.89951843216757,9.506364345880693,644
IMG_16107,43.797383468110375,-73.7653869173039,68
IMG_16108,-37.56318220665459,-57.69729681130778,527
IMG_16109,-25.75493300072185,31.42370870220466,941
IMG_16110,48.449244075805154,1.91070336752942,334
IMG_16111,39.20648754644687,-95.0125282073638,635
IMG_16112,26.751743622701827,81.7413883933975,24
IMG_16113,46.23951134361232,16.640208917966095,605
IMG_16114,56.16614417576981,26.08463339832969,451
IMG_16115,41.5186951984395,-0.2664347836076843,607
IMG_16116,60.17381501932571,21.83033868755444,166
IMG_16117,-34.3122150227013,138.79691468346718,706
IMG_16118,14.84830588823236,-17.143671799366707,649
IMG_16119,50.91119302577031,21.32108195706673,875
IMG_16120,53.066305027273685,44.92411779696687,260
IMG_16121,42.57669872392256,-78.92454073578824,774
IMG_16122,-33.82364105117578,149.72374792102016,197
IMG_16123,-39.95077756862656,-68.9590398650128,710
IMG_16124,28.11327933976176,-98.00303724202875,384
IMG_16125,-34.96576234922851,-57.90195743456406,667
IMG_16126,-34.14045929325303,-68.81991045469441,935
IMG_16127,-33.09191671533807,-60.77456933937063,806
IMG_16128,51.4014966429198,4.502024246045656,824
IMG_16129,-31.568994042587004,-63.94225787964093,550
IMG_16130,32.58649241809413,-114.7927293251009,819
IMG_16131,29.727936207689982,-82.84464781357062,638
IMG_16132,34.44598188445768,132.28878493018436,625
IMG_16133,-23.269255289021704,29.11726345286585,712
IMG_16134,-30.11047474260688,-52.89994743282683,81
IMG_16135,34.9938455419241,136.38821426807297,315
IMG_16136,41.79542458276125,25.439315751355537,654
IMG_16137,-34.65695736646439,-56.138924625745695,9
IMG_16138,49.34111305592543,2.4545827527586024,340
IMG_16139,-33.98462764439998,150.5923148734708,197
IMG_16140,36.81632243545688,-94.1993223259466,12
IMG_16141,-23.96247116012428,145.35155884627497,507
IMG_16142,-36.54955156944344,140.5626314871219,126
IMG_16143,58.56243900852496,49.29180051320144,586
IMG_16144,-37.113558551249184,143.53215911950537,972
IMG_16145,6.479705471307532,3.731831112624133,555
IMG_16146,-35.089058405907814,139.17091484567678,706
IMG_16147,-8.561692793636873,116.140801985547,270
IMG_16148,-36.96873387399391,-70.88720233948095,999
IMG_16149,-31.54058477702306,-67.41537056785528,577
IMG_16150,-42.72808293415247,-72.59776547389546,573
IMG_16151,-33.79583853131992,-53.49870356519727,392
IMG_16152,-34.03707932285399,117.02044378250214,890
IMG_16153,21.209298585706108,76.1967984398347,516
IMG_16154,46.29838456986796,-71.91599646236932,648
IMG_16155,0.0382790719631117,-80.07266599157393,741
IMG_16156,50.33463080621525,18.186105976573288,623
IMG_16157,38.565855620093714,140.74261448910275,83
IMG_16158,-21.39523551034947,146.59267587317748,159
IMG_16159,-35.822470976708296,-63.939260691967846,196
IMG_16160,-30.393725223360537,-51.438292360903255,81
IMG_16161,-30.36982189265485,145.57386081025024,244
IMG_16162,32.71556898497125,35.098706125764274,441
IMG_16163,-4.518031642776934,-49.84159885951172,737
IMG_16164,-31.588658273765507,-55.1145459121194,559
IMG_16165,-34.95383898166763,-61.49203329018809,439
IMG_16166,-31.34367266864663,116.24531615070562,615
IMG_16167,20.559302888078022,78.64432940125657,261
IMG_16168,15.343441835793556,79.41914850850877,8
IMG_16169,31.31562194758355,130.8744284180949,33
IMG_16170,45.84427342674158,20.16525263826299,120
IMG_16171,55.83411012973647,49.12388595551212,206
IMG_16172,30.472937088461155,35.17132851915216,441
IMG_16173,-4.912819419447202,122.42169534838756,204
IMG_16174,-30.986810356444465,-57.694122078168725,810
IMG_16175,47.442547554963866,26.899239738456817,692
IMG_16176,36.87531226429383,-77.78433507578104,696
IMG_16177,34.558668734388924,-80.06192493335689,241
IMG_16178,53.15782539174985,61.04680159105183,843
IMG_16179,-31.64463219593624,148.03479413401655,540
IMG_16180,28.96586990475645,77.70165679660089,978
IMG_16181,-33.420715331517975,145.35220332955046,90
IMG_16182,45.38029584817077,11.463256830229572,218
IMG_16183,33.75850768474833,135.59085187145575,315
IMG_16184,-31.607496930141973,28.72951606372621,764
IMG_16185,44.332511092695455,21.05909717227478,695
IMG_16186,56.24735091331098,-118.46957522040704,937
IMG_16187,44.589990245980495,0.5745987863095074,362
IMG_16188,47.48520534737725,40.02219255456188,700
IMG_16189,33.39396751674049,-80.35481913877518,241
IMG_16190,46.34066371989854,-1.1400923973450252,164
IMG_16191,54.42920306572724,20.83257969392671,445
IMG_16192,-3.897844054027714,-39.55270986670456,719
IMG_16193,-34.54460037681943,-70.92739537321485,23
IMG_16194,-37.86733728542823,175.36966664791933,792
IMG_16195,-38.207289702669335,-58.1226207522495,928
IMG_16196,-37.48154587737623,144.32420016969357,972
IMG_16197,-30.07931584334425,-50.77689438192608,81
IMG_16198,-32.294307344786766,-59.284375605945705,806
IMG_16199,60.31358534477528,17.036243186108663,354
IMG_16200,9.649869287576209,8.488846777176906,566
IMG_16201,7.919891700344443,5.152517965865664,492
IMG_16202,31.690996619865462,74.70152514955328,511
IMG_16203,45.58688889455469,-122.15831999857448,639
IMG_16204,-43.36756689130418,-65.30282124978572,269
IMG_16205,-33.17357253464977,-68.46402798538713,577
IMG_16206,14.646948080507226,99.54733127099632,866
IMG_16207,-42.8309818388644,147.21011966509172,906
IMG_16208,42.76055473133109,-114.9265234884673,973
IMG_16209,-23.4394318149376,144.24127987332454,507
IMG_16210,-27.72876396288998,31.061056831286685,530
IMG_16211,48.94570552325063,-1.2516824533264506,534
IMG_16212,6.135497373342763,-0.4943536042517829,874
IMG_16213,43.35160054804278,143.1800686525745,495
IMG_16214,0.065427133261031,32.46755898246462,240
IMG_16215,-32.67178089230478,25.31135457540545,388
IMG_16216,30.864240668222056,-94.425008111377,89
IMG_16217,12.671330765508424,-16.24091466870575,771
IMG_16218,-35.241583172260775,138.87308193631134,706
IMG_16219,-31.919873694456697,115.89658110813292,615
IMG_16220,40.64797831489996,-80.46666496924861,191
IMG_16221,-33.81993460796441,-71.09718701016234,979
IMG_16222,41.76738320967305,12.257109263781857,985
IMG_16223,-27.879085025311213,26.97539399154121,587
IMG_16224,41.36797775027924,-86.75298766430578,968
IMG_16225,35.25775652105771,140.13689343482832,786
IMG_16226,53.07865458962003,158.3021637744557,367
IMG_16227,-36.22035202611478,-69.67069929123682,999
IMG_16228,-33.724430417611075,24.70969047075941,876
IMG_16229,-32.962020554698206,-68.44066245196352,577
IMG_16230,15.994839446897712,102.32239291521785,866
IMG_16231,-40.83867744533225,172.45279226587962,34
IMG_16232,46.60549120075359,5.596324415690512,381
IMG_16233,-34.090536534414234,115.94950637510054,238
IMG_16234,-26.140978596196,28.50761783871213,235
IMG_16235,-33.21781883943252,27.33465418325612,388
IMG_16236,48.178949614162526,-103.67920430158397,526
IMG_16237,44.7357249094693,-0.4311598069482957,362
IMG_16238,42.00849622919687,-6.080037079627214,565
IMG_16239,55.7671492170293,24.3484787399452,646
IMG_16240,-22.142409016271102,20.446066357397672,673
IMG_16241,32.81240521338267,-94.15437674960418,127
IMG_16242,-32.86698816613942,-57.07667750072852,9
IMG_16243,59.33886260646205,10.773802918938337,779
IMG_16244,-25.41849074085794,29.02728755285912,235
IMG_16245,-33.76878427587431,117.26810975673716,890
IMG_16246,11.243475582808292,124.68562921029016,91
IMG_16247,56.60726163977606,56.16012066008434,514
IMG_16248,-31.68985458333433,-61.297579082780985,318
IMG_16249,-8.578955370225994,118.37863458417915,270
IMG_16250,33.65161835708401,-101.342164336142,450
IMG_16251,35.52145319765659,-119.1161863453422,761
IMG_16252,56.135401311202806,41.956773123896326,412
IMG_16253,52.30800699606127,32.93388947136983,604
IMG_16254,34.56360692308242,133.37160856030903,625
IMG_16255,54.11624605729703,60.34786605135756,843
IMG_16256,23.368466711639687,77.48691470925333,983
IMG_16257,-31.672306571237154,-59.88931403625569,318
IMG_16258,27.28522256660524,75.68608325302421,268
IMG_16259,42.60252668713563,27.38219342883693,654
IMG_16260,34.38049396700459,-77.65318866230265,696
IMG_16261,39.27870828680214,-79.88261144802927,191
IMG_16262,-37.12434303219854,-63.54467690274856,196
IMG_16263,33.54071548078796,11.077651250481422,490
IMG_16264,-37.51710003303098,145.07017233358098,285
IMG_16265,42.8520655379619,2.204666760962708,757
IMG_16266,-39.06916286132528,-70.3274186711483,322
IMG_16267,54.467759321883946,-6.093267361064429,248
IMG_16268,-39.92870124903885,176.54679718888792,792
IMG_16269,32.48596060180482,-80.61082164697437,241
IMG_16270,-46.91043729046904,-72.71274769018208,45
IMG_16271,44.38006856411268,9.6091719784265,218
IMG_16272,-0.2004530982270268,37.86041634783508,136
IMG_16273,-32.79722050785168,137.06099146339656,773
IMG_16274,-30.467886250092427,116.00148572367068,615
IMG_16275,53.35528143508651,6.823998262350783,363
IMG_16276,52.36600260099436,9.711030669038244,145
IMG_16277,-30.65888837016662,18.054368501407616,732
IMG_16278,-38.13622766111577,142.8809603256607,972
IMG_16279,20.6568678159406,74.5593744128922,516
IMG_16280,-34.01336645055768,25.41392975328672,388
IMG_16281,0.045418701722675,38.04263622030147,136
IMG_16282,-7.729928355111013,111.49502212622409,153
IMG_16283,-30.88317884132266,-59.591430879520416,810
IMG_16284,52.11338677743783,-131.24329171951868,551
IMG_16285,-25.52183937272452,28.18309311623112,629
IMG_16286,-25.793403287662723,25.01049477555956,62
IMG_16287,-25.68807885831473,28.272970497101262,235
IMG_16288,53.51849632948081,22.93094829543621,176
IMG_16289,6.458088873907921,3.735258816087762,555
IMG_16290,-34.193307071699216,-57.06698951458837,9
IMG_16291,-31.849436973018094,-52.80539176998133,559
IMG_16292,-30.9425081196946,-66.755656886785,310
IMG_16293,-33.13887276707376,-68.47930113009826,577
IMG_16294,31.51536630157941,35.55877712219617,441
IMG_16295,-37.988966728198136,143.2190031418091,972
IMG_16296,31.508593595719,-94.00775857210138,89
IMG_16297,50.58958068227239,30.034427942767387,13
IMG_16298,41.53009238024302,-93.544100960023,188
IMG_16299,61.57370895977999,26.326007287677083,811
IMG_16300,53.71555725467415,-1.3050795665982338,16
IMG_16301,-0.6690714422867612,36.94881833105559,136
IMG_16302,-33.48551684082771,23.29044531131932,876
IMG_16303,48.05531568750546,-2.810506624024207,534
IMG_16304,19.131140069556785,99.0442290729207,520
IMG_16305,-24.87509861482777,27.11150912990517,10
IMG_16306,43.60353435567357,-70.97745288841989,68
IMG_16307,-36.2998268980402,174.72913103616844,214
IMG_16308,41.352224632683225,-87.91981361170463,852
IMG_16309,-30.1707279284264,30.093335051997176,144
IMG_16310,-27.12974943889983,26.036714282958965,62
IMG_16311,-36.71937866023933,-60.506482104151125,303
IMG_16312,-26.87388262982441,25.01323095001805,62
IMG_16313,56.13607126955651,13.204296683183314,60
IMG_16314,22.04119158689077,81.67953229241375,394
IMG_16315,42.67126571261169,-72.42463727658509,68
IMG_16316,-32.88981882081092,151.48939041068462,197
IMG_16317,-34.86707746609539,-58.8993799476917,667
IMG_16318,51.33007082274464,28.86223871142768,13
IMG_16319,-32.43544157945906,116.32288141411476,615
IMG_16320,48.9176925177374,3.980800343270073,946
IMG_16321,23.887347536943825,90.749174667884,313
IMG_16322,43.47106458485941,5.685306789856527,686
IMG_16323,56.14026644033111,40.42664956404417,412
IMG_16324,-31.37099453034941,-57.91824513629106,810
IMG_16325,-27.174854331498903,26.84386122937149,587
IMG_16326,-34.251747519426274,-53.81248377916108,392
IMG_16327,-30.041379218686966,-63.84544953066375,881
IMG_16328,-31.38020386707924,-66.925216393487,310
IMG_16329,53.17586930521001,-8.536916964149096,720
IMG_16330,26.681075600830145,127.89559102691638,759
IMG_16331,-33.82164198353149,-59.008718587447824,667
IMG_16332,9.04877819447676,7.379766701705916,566
IMG_16333,45.81127786901124,-109.17261189618688,198
IMG_16334,-34.19691329693628,-56.14339772199041,9
IMG_16335,-32.619795787068405,-69.42204896461527,577
IMG_16336,48.54836312249294,16.829143818109152,201
IMG_16337,-25.065461775727307,143.14218731077597,348
IMG_16338,35.88713336155444,139.19734138808843,786
IMG_16339,55.41649019904405,-3.8889972034325337,988
IMG_16340,50.40700056393276,3.222812195608073,340
IMG_16341,-23.196385337651016,113.85624090850584,146
IMG_16342,-26.329270412224087,26.95709002116825,629
IMG_16343,36.53451860559296,137.12754662480037,182
IMG_16344,-39.70067158992582,-73.31140739780852,395
IMG_16345,35.890451678207825,136.22103768202763,315
IMG_16346,-3.349680905080443,-40.46757381341986,22
IMG_16347,58.451538829958345,26.443054606073915,368
IMG_16348,32.80275807667361,-97.24196084541808,327
IMG_16349,53.24158224273753,-2.109987504025198,16
IMG_16350,41.09427448679203,-86.03777237867484,968
IMG_16351,63.034302195964216,21.82479429316757,364
IMG_16352,-26.815106688819814,23.44775599677825,466
IMG_16353,53.15832594738886,6.925246433814316,363
IMG_16354,46.92481644885064,3.931239463239932,76
IMG_16355,41.53861642766508,-95.91752216929714,751
IMG_16356,7.817755944376863,6.5544019990763775,183
IMG_16357,-38.94629002979213,-68.27488715091609,322
IMG_16358,-34.014841187185155,-58.27451543591717,667
IMG_16359,-28.03131260301668,26.974696565551536,587
IMG_16360,-7.537181499540567,-36.35462318020876,927
IMG_16361,53.669467253828806,38.68818611847779,848
IMG_16362,-44.64247222325915,-72.34323867347462,460
IMG_16363,43.11735197180696,-88.8955094811039,32
IMG_16364,39.354400019155456,-76.71540145113661,547
IMG_16365,-39.760559596657984,-71.79608817259721,395
IMG_16366,60.41000977229572,6.7383514270618345,505
IMG_16367,33.06269981102006,132.98571077573445,625
IMG_16368,39.82867534997814,16.03908305997565,208
IMG_16369,-37.22086245945222,144.41604604460846,972
IMG_16370,54.28391930907417,54.65233160615145,894
IMG_16371,-32.99737840441072,137.51128162302953,773
IMG_16372,60.871737293454274,22.002946482194705,166
IMG_16373,-34.783535478899964,146.0904285359977,857
IMG_16374,-29.27400167542748,29.51943008795567,144
IMG_16375,31.18756813356503,-89.24322267968594,637
IMG_16376,44.43636198995055,-69.4202206713704,781
IMG_16377,-43.59448907833588,-66.60564796076586,269
IMG_16378,-29.14024897770118,24.739620756938447,576
IMG_16379,-7.588692352779842,110.48216202163752,153
IMG_16380,43.24252213532824,17.26450330924762,374
IMG_16381,19.82016099014221,73.88951434262015,516
IMG_16382,-22.36041731637053,149.10820929967582,549
IMG_16383,-48.36046842023573,-71.81388956256014,332
IMG_16384,49.05824580927656,4.661044929646304,946
IMG_16385,-43.76698119945065,-71.40340734541338,460
IMG_16386,-30.50967140019977,151.6527575061804,523
IMG_16387,52.71677137599898,21.495672851822647,875
IMG_16388,-25.184839495399792,29.4087801410012,386
IMG_16389,3.040274574469814,35.621048106668944,825
IMG_16390,48.138620486340784,14.666727110903462,201
IMG_16391,-31.241463299241424,-59.20564608838977,810
IMG_16392,4.852675522370352,8.121821110111233,995
IMG_16393,-41.66673265202749,-71.45603252221468,109
IMG_16394,-40.00331355936353,176.5252094341528,34
IMG_16395,35.76769756881639,-96.68630545961324,12
IMG_16396,15.445841522191376,74.17518598969686,748
IMG_16397,62.86733605146301,27.44289521920915,992
IMG_16398,41.25240826030126,24.2912061177395,342
IMG_16399,-33.97782331150629,150.83719639363386,197
IMG_16400,-7.590388740144639,110.55917588729868,153
IMG_16401,40.20826520493814,-76.79596749235756,547
IMG_16402,48.33248641931188,22.26408487639837,860
IMG_16403,55.53755391079814,9.383946516074111,837
IMG_16404,-10.696468041838964,-38.28184191560776,177
IMG_16405,34.88411384418861,-97.84872962659132,327
IMG_16406,26.771390558001865,75.64408650744292,268
IMG_16407,32.65411565864328,-16.890717105281276,855
IMG_16408,10.271121886178172,124.8135326872404,91
IMG_16409,28.12031007768949,-17.317995718865056,763
IMG_16410,-32.57660414731019,117.59941146403229,480
IMG_16411,41.13562263484984,15.938270355371404,955
IMG_16412,22.338390685968832,73.83154563707261,129
IMG_16413,-39.39555186022659,-72.22834686236237,395
IMG_16414,-29.76996676579788,27.30953861742196,524
IMG_16415,-1.917638478274428,30.129030418692967,4
IMG_16416,10.336101824679329,9.868228898471113,566
IMG_16417,-39.13599498504036,-66.44714405772547,772
IMG_16418,32.778151356966475,-82.6921068742725,579
IMG_16419,-29.95120178920624,30.973767915445706,144
IMG_16420,-28.657256858317872,151.02933808373356,35
IMG_16421,-41.6724624376296,148.27915683859314,906
IMG_16422,50.47359181978717,-4.381010947207297,498
IMG_16423,50.924246482663,14.487389505609372,477
IMG_16424,38.4966547309262,-97.29814184633364,708
IMG_16425,-32.48672876495319,-68.22335577874031,577
IMG_16426,41.12329205053094,-104.15909565512266,115
IMG_16427,48.98025648926033,-1.506013100144581,534
IMG_16428,45.4478464774076,5.737876421698217,686
IMG_16429,50.36377954595231,15.802584669791075,623
IMG_16430,23.128553267004868,120.39303503570537,170
IMG_16431,-0.0250519668642101,36.92146666307113,136
IMG_16432,-33.2840534085933,149.3961172373311,197
IMG_16433,45.76319403512872,-108.71677707543412,3
IMG_16434,-26.53566209639349,26.167983318428888,62
IMG_16435,-34.13634956563761,19.679902974695725,618
IMG_16436,-27.429498435470663,151.97405872039928,280
IMG_16437,9.111229101980143,7.441448918100074,566
IMG_16438,44.49385577187425,-93.95816234363724,376
IMG_16439,-25.20057117075103,26.50943540750474,371
IMG_16440,-33.46846923283492,21.336271039694243,110
IMG_16441,-45.39761507878328,-72.77823799495584,460
IMG_16442,54.77987644296204,-7.554606578101033,248
IMG_16443,-36.62187230125194,143.86749972394878,972
IMG_16444,-34.374250367041995,117.62570661046476,890
IMG_16445,41.12586298867234,15.815499683770854,955
IMG_16446,-27.16669286762564,25.282326406507824,62
IMG_16447,44.269072153405695,-78.23120027432827,774
IMG_16448,18.39530248086177,82.86145733692823,865
IMG_16449,41.18552324924761,-96.45298407851496,635
IMG_16450,54.22369084870165,-8.846491518223552,125
IMG_16451,44.79051295031484,8.184649020968173,686
IMG_16452,-25.842646177172305,28.98543506000099,235
IMG_16453,39.23923500398472,-76.61437978722161,547
IMG_16454,41.08987504253095,-83.47841138213309,968
IMG_16455,-32.34093863547615,115.80357628627289,615
IMG_16456,53.79065680094676,22.507324027960244,445
IMG_16457,-18.62666284252848,145.90012953756408,871
IMG_16458,5.503776726726514,-1.1616197904150152,874
IMG_16459,-31.68738790337631,116.39533582923936,615
IMG_16460,-42.26925652498003,-73.34750457353974,573
IMG_16461,62.9824696590543,27.726816221908905,992
IMG_16462,-33.6469890393462,19.489722409804365,618
IMG_16463,52.999808420952846,20.329458998133354,445
IMG_16464,-12.57001659514193,130.89283589321877,26
IMG_16465,18.37967797727772,121.574954240584,272
IMG_16466,40.16410035651309,-110.37102117446814,408
IMG_16467,10.29063997141401,9.810090214322653,566
IMG_16468,-31.886327271525783,118.06692969278768,480
IMG_16469,-34.90272369961062,-57.93304540188339,667
IMG_16470,36.71512477170843,29.91695957122884,892
IMG_16471,-35.118680654303326,173.57074173237174,214
IMG_16472,-36.30053532054951,145.89406448616782,18
IMG_16473,-39.20207759486547,-72.47706184343185,395
IMG_16474,38.7864820977794,-2.015570944227528,727
IMG_16475,11.910106660402317,79.72719067570635,778
IMG_16476,39.451898391400505,-83.34274439138146,191
IMG_16477,12.005367859890768,8.52834368378995,427
IMG_16478,-41.27945084635759,173.0859770965996,34
IMG_16479,48.43283716463664,44.72769612282147,118
IMG_16480,54.95479975952804,49.474056433054095,206
IMG_16481,-34.074760922263486,20.907017133470298,110
IMG_16482,-32.54299294717093,-62.88374364003069,550
IMG_16483,54.68014334925638,58.32410491083998,843
IMG_16484,-35.756202212015246,-59.62937430288412,667
IMG_16485,42.74868712830747,-77.52593886337283,774
IMG_16486,-32.90362182357993,-54.89784771885236,559
IMG_16487,-4.474268674138095,39.13085910917586,675
IMG_16488,-34.18661184531847,-55.72299819065649,9
IMG_16489,-34.90410619895096,140.8602747087255,908
IMG_16490,-20.6192210280666,27.64271974235902,413
IMG_16491,-37.70228232311947,142.36591079561086,562
IMG_16492,-28.749287206337865,150.2680786469722,35
IMG_16493,-33.47256095671271,19.61754631734549,618
IMG_16494,22.08535835524196,-100.90474732034173,726
IMG_16495,-40.01257382562521,-73.1411829383873,395
IMG_16496,-41.31121725259262,175.15845772787827,34
IMG_16497,13.033209420481215,-14.953216629045167,771
IMG_16498,27.67895185972345,-97.63839460981572,384
IMG_16499,-33.60373676181313,-69.23251059238503,577
IMG_16500,55.13979390106198,40.65890005327942,478
IMG_16501,35.05480039459511,137.60021701169111,315
IMG_16502,-24.867526706906844,152.45674180103987,689
IMG_16503,49.819803606108685,19.793065031808084,53
IMG_16504,46.044023674406496,15.167085180936814,674
IMG_16505,-28.183569791523613,151.63237890462466,35
IMG_16506,-26.5626527050402,31.352095891879337,941
IMG_16507,38.44927998898466,-97.57648117210825,708
IMG_16508,7.366075104639802,4.169465666798506,555
IMG_16509,53.66732196059243,49.15107694859917,475
IMG_16510,-35.40054119113824,140.07605424767013,126
IMG_16511,32.496347562013966,-89.886467109996,637
IMG_16512,46.48465207876052,93.67234031582116,37
IMG_16513,29.90424426456262,-95.76253833155724,529
IMG_16514,-18.426991619241715,140.75696321740642,709
IMG_16515,43.832488210931054,11.103951081635964,17
IMG_16516,5.846695070073278,-0.8378306366044079,874
IMG_16517,35.56710439279224,-110.45883232664956,47
IMG_16518,-33.864982935293554,138.40400505082818,706
IMG_16519,51.39894000206872,-3.439757198526618,215
IMG_16520,46.96246628892701,23.89884147792141,860
IMG_16521,-33.42648920967017,-60.177300900882656,806
IMG_16522,43.07650466267104,13.5367587275732,101
IMG_16523,32.27088632235293,130.8365406821211,33
IMG_16524,50.343673097703714,-4.0835704328889335,215
IMG_16525,43.56985594966501,-83.7694309314699,608
IMG_16526,46.94028742740588,-99.82573799822534,281
IMG_16527,-34.40054762287558,-64.42996786884989,664
IMG_16528,-4.467250703338727,119.93975981196478,204
IMG_16529,-37.37919931802452,141.4933599040072,562
IMG_16530,31.87030193578832,-86.26104400925217,54
IMG_16531,54.748652781111936,11.12584107263376,644
IMG_16532,47.51060337429167,7.53452249056539,381
IMG_16533,52.33946928129053,-3.1900629652881,215
IMG_16534,42.65943340213371,26.78683644747065,654
IMG_16535,-43.54900405085628,-71.18490168328785,460
IMG_16536,0.5628264914011399,35.11189878459028,410
IMG_16537,-26.53244907685791,26.00531064393841,62
IMG_16538,36.124455813391776,128.28925252640266,829
IMG_16539,15.015061008965787,104.82606611958448,479
IMG_16540,-33.81061281722338,116.39103672002662,238
IMG_16541,-0.5200515644635778,34.844067668709386,410
IMG_16542,-24.999042016471016,28.344493313211,10
IMG_16543,57.46140284111351,48.62167879929749,586
IMG_16544,3.199684029256872,38.31213273700248,36
IMG_16545,-28.668005248614566,29.84072385520254,144
IMG_16546,38.13088932543869,-90.12781476496822,404
IMG_16547,20.32135621996997,-99.57914156704598,726
IMG_16548,-23.88135825498845,29.44696887822335,386
IMG_16549,-28.26603112311753,151.98394655327576,636
IMG_16550,44.92991865815328,-0.1187417836347627,362
IMG_16551,-20.730354648609868,143.03381038937658,39
IMG_16552,6.237034125246486,7.018329295714152,183
IMG_16553,-31.97075020041499,24.01423527084148,876
IMG_16554,36.30121223541251,-77.38902778873738,696
IMG_16555,14.596558020208734,103.69904545484728,479
IMG_16556,42.490631699913536,-73.55126094479067,68
IMG_16557,0.4134803635934322,32.44368097138844,240
IMG_16558,48.54496022651781,-97.17792443090433,693
IMG_16559,28.37353706500304,-16.586509589158666,763
IMG_16560,54.44358288971303,-7.434196953864492,248
IMG_16561,44.66378029690495,10.669357387492663,218
IMG_16562,-28.79988346808555,28.25073812913221,587
IMG_16563,-31.9424440654594,-65.16999910553974,67
IMG_16564,44.65916857137946,-84.75315147912708,608
IMG_16565,18.754712861043355,78.87679984419947,409
IMG_16566,-34.48075134152532,139.03937073910987,706
IMG_16567,42.88664079735619,1.3670081033027903,607
IMG_16568,34.661500582061585,-97.32982085200732,327
IMG_16569,-0.8060101152292003,34.90803800642033,410
IMG_16570,37.53733832926415,22.052323705897333,655
IMG_16571,42.42261471571303,12.318080264766682,985
IMG_16572,-36.47888942716786,-65.25634615116682,196
IMG_16573,34.95137656555599,135.18477095913164,315
IMG_16574,31.57673017399601,-90.6017435311446,637
IMG_16575,-37.982345461256585,145.33714199131288,285
IMG_16576,11.331755028745444,122.61967707165482,905
IMG_16577,-8.71763991458073,122.13515298361466,797
IMG_16578,30.850286752779365,-97.4324033666844,893
IMG_16579,37.06655308686543,-80.4212179084475,241
IMG_16580,-30.838678572999168,18.12858455936908,732
IMG_16581,53.70664283232456,-112.65424946934914,517
IMG_16582,41.61501157768576,15.5690317491929,955
IMG_16583,41.18187535334271,23.559621201433977,342
IMG_16584,-14.034630341056053,-57.98817780909132,149
IMG_16585,28.28483208953894,77.00539438456863,978
IMG_16586,-33.802740539612095,19.849054514883047,618
IMG_16587,0.2027560178406547,35.44289661056061,410
IMG_16588,44.75538081228316,-111.46714504019992,198
IMG_16589,57.54796320598782,-6.569652732100777,901
IMG_16590,38.51495490085341,-0.4159569996063457,727
IMG_16591,61.52978321073131,12.503960516650814,121
IMG_16592,-27.57279672003793,26.41419785161915,62
IMG_16593,19.067708921631247,-104.2817671963131,726
IMG_16594,-37.82530769443651,-66.65582652332404,772
IMG_16595,-7.059327473124463,110.77690231517016,153
IMG_16596,-23.20235956161237,28.98441564614324,712
IMG_16597,33.05389974672175,-83.85978563996947,579
IMG_16598,18.77896094937169,78.3204176285994,409
IMG_16599,47.95716126880284,2.807224121340015,334
IMG_16600,39.85888064945828,-81.92206100450332,191
IMG_16601,8.588121589004283,4.727258547655572,492
IMG_16602,56.6673481871586,47.84980986402002,206
IMG_16603,59.0801714408596,26.422319023984507,368
IMG_16604,44.63793277790674,26.644421975802867,236
IMG_16605,-5.794653019444164,-62.31598099716616,745
IMG_16606,-38.07974442346067,144.12238352542147,972
IMG_16607,-39.348060781830455,-72.60074842034301,395
IMG_16608,36.33077109943275,-76.07786073160025,696
IMG_16609,-42.278280349010736,-63.91255083184829,939
IMG_16610,34.53650684009346,131.8140360559124,625
IMG_16611,34.40108291878119,-100.87302602807048,450
IMG_16612,-30.832522767413128,-71.07073838395614,462
IMG_16613,51.82051936499353,20.13917487156376,875
IMG_16614,24.153275854261828,88.20696799327304,313
IMG_16615,-40.38313471627627,-69.02143068731476,710
IMG_16616,16.094265554598845,104.41792495127314,769
IMG_16617,-26.254620180429587,27.814519142205285,629
IMG_16618,17.54965846753614,-101.3098950856198,726
IMG_16619,-22.899470802206004,29.635486560547143,712
IMG_16620,-37.66434971054368,146.0551856412092,285
IMG_16621,38.144183146150255,15.175557259014775,5
IMG_16622,50.40222269010548,-4.678510327885656,498
IMG_16623,25.01255378413441,79.31773807118995,24
IMG_16624,-34.82079272818068,-56.20647531934048,9
IMG_16625,-26.70041531980867,151.31919009665546,280
IMG_16626,-12.07376924952684,-39.70406843618845,836
IMG_16627,54.705937960784986,-7.690582287808083,125
IMG_16628,11.26794848213037,79.53649830010797,778
IMG_16629,-24.371405803209985,119.68854094287283,752
IMG_16630,40.57549399183037,17.735485394555738,208
IMG_16631,41.84509889557899,15.313534176062252,955
IMG_16632,45.139343971189625,-76.29928473100067,256
IMG_16633,-33.32612459375122,150.0369662862645,197
IMG_16634,-37.306150479602216,-60.88566970184877,303
IMG_16635,-27.35875276865791,27.964838018352754,587
IMG_16636,25.040785372857048,121.37234262516128,170
IMG_16637,57.29824792281574,38.20332710621824,734
IMG_16638,-33.24150835849725,-64.42177775683497,67
IMG_16639,-43.63487095801928,172.56055751125726,775
IMG_16640,42.17769614167532,-5.6807002185327695,565
IMG_16641,51.766698079082055,21.133547658515617,875
IMG_16642,-27.490114653406483,23.366036222976227,466
IMG_16643,16.322638635923973,102.018585384206,866
IMG_16644,53.012844743317935,49.75810768409352,475
IMG_16645,-35.63616737384766,-61.35211938402696,439
IMG_16646,-26.96714266717033,31.00130439138988,530
IMG_16647,20.833488560808625,79.17394009881151,261
IMG_16648,-0.928197616480935,38.09259620812287,672
IMG_16649,4.9045936826385255,-1.7715243154320257,874
IMG_16650,-1.0656715165391462,-80.85069181899807,553
IMG_16651,52.70323704768231,21.379995920444912,875
IMG_16652,38.53271378817838,21.45762131278588,655
IMG_16653,47.45180139809933,3.3325656964945045,334
IMG_16654,-32.933086072110655,-71.27242826834306,979
IMG_16655,37.56358137715849,-120.78293768765327,499
IMG_16656,12.060219648282672,124.70990963104698,91
IMG_16657,16.037291416452746,101.80042968690871,866
IMG_16658,-34.88401854036767,139.05052258707917,706
IMG_16659,45.97890408895773,39.20023939235013,700
IMG_16660,-48.86169510845544,-70.93768126056568,332
IMG_16661,16.454191058734956,121.10799904087006,272
IMG_16662,53.362259288761415,-113.36137805627652,517
IMG_16663,53.2952532276484,-7.394595575527032,720
IMG_16664,57.10493025280096,35.37531092350372,279
IMG_16665,-35.411848637365075,-71.60561309168057,23
IMG_16666,5.058571028465384,8.307752765209388,995
IMG_16667,-27.22929499935275,29.887361541092524,235
IMG_16668,-38.15457701840572,145.2272709924678,285
IMG_16669,22.7541685972151,74.06570608605101,129
IMG_16670,-50.800377024527535,-69.50883099732944,472
IMG_16671,63.37279145854862,118.58875343697032,194
IMG_16672,5.536858372079221,-0.406103122181865,874
IMG_16673,-33.72692544407076,-60.65068951629899,806
IMG_16674,-32.265718395944106,-63.32306299792566,550
IMG_16675,-39.783431580017215,-64.43653850431714,103
IMG_16676,35.25036990919284,-89.59044151699351,911
IMG_16677,-25.58565730891737,28.40322562396732,235
IMG_16678,-30.33215163465624,-66.86816436881651,310
IMG_16679,36.14284394202232,140.15108869658752,786
IMG_16680,43.0293706189507,25.30660108483028,654
IMG_16681,43.38853926095759,-0.8481406253870115,362
IMG_16682,43.20140324154648,-88.76671658451595,32
IMG_16683,-30.200979314119337,-64.49832904911499,881
IMG_16684,44.96960719262178,-75.34126077755087,648
IMG_16685,47.85855129220113,4.117337417605108,334
IMG_16686,-49.73583888242944,-68.43621708171639,332
IMG_16687,-32.71548746492039,-68.5911850278547,577
IMG_16688,-35.6155796294791,145.4465974892836,18
IMG_16689,53.366464242845765,-1.314144742282938,16
IMG_16690,26.36157646266982,89.49391588074533,697
IMG_16691,49.68001128249323,5.131540656145175,946
IMG_16692,-33.17142075515046,-66.2978923213591,664
IMG_16693,-5.213266317892656,120.29953557673772,204
IMG_16694,-33.588127545389526,22.21981091328352,876
IMG_16695,-37.64704425249528,-62.83725739761804,303
IMG_16696,-31.557512507061087,-68.75849701841034,577
IMG_16697,56.99308350163677,61.45997723896531,843
IMG_16698,-23.77721518257457,27.82014918241968,10
IMG_16699,-34.69228445836755,-58.254802356366085,667
IMG_16700,50.274257456838605,16.290327537985128,623
IMG_16701,51.76944886102437,5.171112530099983,824
IMG_16702,46.33474208861232,18.450661322076293,605
IMG_16703,54.08203139190014,-6.124554271823897,248
IMG_16704,-45.40048761845806,170.79688875052648,775
IMG_16705,46.17154616530659,13.210332810708223,674
IMG_16706,9.867858694112716,8.826427770666934,566
IMG_16707,32.71400957256126,-16.8872577819158,855
IMG_16708,-33.30146110959554,-70.68827743989438,979
IMG_16709,2.916496232947377,38.147026545741646,36
IMG_16710,24.28613491956034,120.81104053126896,170
IMG_16711,-33.2949160277689,-60.38993107593601,806
IMG_16712,38.24683511557173,-2.021814725203812,727
IMG_16713,42.900419087128135,-88.14180230550227,32
IMG_16714,-25.59359476757605,151.62359187914254,689
IMG_16715,-37.41541764821886,-73.40035241231875,682
IMG_16716,13.15747655085132,123.6064836985626,91
IMG_16717,-33.49439598974311,21.44337558502572,110
IMG_16718,55.68158178106204,41.37644817321691,412
IMG_16719,-35.67180248233366,174.03973613947585,214
IMG_16720,-4.199625922117391,39.61254211944736,675
IMG_16721,-43.03787536238398,-73.59621218322239,573
IMG_16722,58.54938557147146,58.99284920722771,514
IMG_16723,46.32778334983062,-87.38213917577616,397
IMG_16724,-27.209471915145613,22.95474579493409,466
IMG_16725,-37.66781432648879,176.14071878431537,792
IMG_16726,-37.64663372834372,-69.74619907505466,322
IMG_16727,-30.17132006263878,30.775313224050368,144
IMG_16728,-36.59702436423825,145.88173222229912,18
IMG_16729,-32.880475451847104,145.94850266464758,90
IMG_16730,-33.91611700750171,150.81680382754115,197
IMG_16731,-32.833552148228385,148.33520976961677,540
IMG_16732,19.292762606485336,73.59316719989893,877
IMG_16733,41.01535633437319,-4.899374617368713,565
IMG_16734,14.687940846426953,121.12417216872512,991
IMG_16735,-28.76543583312204,149.3973882311407,35
IMG_16736,43.17474272332412,-76.84040737474749,774
IMG_16737,50.39963116168314,6.338179549025152,946
IMG_16738,13.908393665867932,102.40934257645016,44
IMG_16739,40.18953862641989,141.48398460337705,83
IMG_16740,-30.043133207467463,-70.98311764680057,462
IMG_16741,9.12025716893631,-0.5548682283230051,295
IMG_16742,26.21034340991952,73.1888451149748,879
IMG_16743,51.5884248310602,21.78298854432572,875
IMG_16744,-33.56078812749757,-70.6375391068528,979
IMG_16745,24.714041852452247,-98.85680719028736,384
IMG_16746,18.7497955036646,74.22594967791345,877
IMG_16747,-50.970668833566265,-70.81775897810063,472
IMG_16748,-40.62751354560627,-64.83439163270369,103
IMG_16749,-8.068125378624142,112.74299580172224,844
IMG_16750,35.483746904605624,136.850599262596,315
IMG_16751,-38.46420444215631,146.20042415136518,285
IMG_16752,-7.176385174914274,112.39673215281128,844
IMG_16753,-37.77419014078758,145.65582756436592,285
IMG_16754,45.81000150601973,-73.87574521066806,648
IMG_16755,-32.73267437197722,-70.72245764338702,979
IMG_16756,7.357336501397714,6.384190853223308,183
IMG_16757,52.69173375708041,85.03059925012603,425
IMG_16758,46.25131250160042,-118.23524476008976,19
IMG_16759,56.31561494837488,-3.1264459132168434,988
IMG_16760,62.3110254226563,10.958251937363377,597
IMG_16761,-31.49334707448677,-68.6485529940935,577
IMG_16762,59.56455112483998,30.85777364399642,57
IMG_16763,-32.94813657814156,-68.42829508834767,577
IMG_16764,36.30180599947765,-82.60473424608392,898
IMG_16765,34.035860434606334,134.1623608933842,625
IMG_16766,41.59166098661649,-95.01822048057554,751
IMG_16767,50.17853049469645,5.351500952912555,946
IMG_16768,-34.83770590095606,-62.34650910310761,439
IMG_16769,17.2644510390208,104.7194363984468,769
IMG_16770,-1.0773051823230368,-46.5484311044816,902
IMG_16771,-31.67499150776068,-53.819062116241525,559
IMG_16772,-8.31762035564134,114.97557694249392,521
IMG_16773,50.523019579810445,36.48741742916375,185
IMG_16774,37.37226281659592,126.95991296373296,292
IMG_16775,-26.34532578347877,29.37471729957833,235
IMG_16776,-37.4169903989004,-72.03993573760562,682
IMG_16777,-0.0889153734820854,36.57725935637696,136
IMG_16778,52.21735062301288,109.87382712060196,254
IMG_16779,43.97180539109257,4.151496523657615,757
IMG_16780,-36.713025715218265,-72.7763274537141,682
IMG_16781,49.08504173963775,-117.79380620485458,650
IMG_16782,-36.094676559219714,-63.94240298720144,196
IMG_16783,-37.18237473021575,142.7951663256973,562
IMG_16784,39.898111965511575,29.067323405195182,590
IMG_16785,49.843524153702354,3.213269511470076,340
IMG_16786,34.730447884474906,-87.68678058828404,139
IMG_16787,-32.345587953889265,141.45944730165922,690
IMG_16788,45.56431229909139,5.57381224742028,686
IMG_16789,-34.37791833469786,-58.646397966417325,667
IMG_16790,56.255314941346434,43.17075346366328,412
IMG_16791,42.32701013396305,-73.99508233576898,68
IMG_16792,-36.21147658167844,144.40109371863716,18
IMG_16793,17.948033667217324,77.55405390155838,409
IMG_16794,15.54976439857346,120.38711198698068,272
IMG_16795,-41.35196914471568,175.121453042085,34
IMG_16796,36.39162795128039,-99.14975158119545,708
IMG_16797,48.5523511391562,-68.25537831560511,781
IMG_16798,17.513259308212717,75.81813208161388,409
IMG_16799,51.340920706424505,16.336851806213996,623
IMG_16800,-27.802675029055408,27.98665821136316,587
IMG_16801,11.84576545837808,9.065741478804007,156
IMG_16802,31.74870056645276,75.17607749680705,511
IMG_16803,43.97744106581738,-78.09068103583905,774
IMG_16804,49.15249496425237,-119.73008917837475,242
IMG_16805,6.405362726894704,0.1756198389234432,874
IMG_16806,50.46377920811069,36.44586663428255,185
IMG_16807,-38.59316098886959,-72.70609459419796,395
IMG_16808,43.88522996235072,-84.20629032189855,608
IMG_16809,-31.51057892179556,-68.79999485265034,577
IMG_16810,-34.264270300926825,148.7519559480658,546
IMG_16811,-31.65155882803706,-60.614980142541285,318
IMG_16812,45.3915944230126,10.721674023088076,218
IMG_16813,-32.370857322818466,-60.34224120159875,806
IMG_16814,-25.576991412686645,28.615915044835614,235
IMG_16815,62.78533738636553,24.821152609771985,364
IMG_16816,-8.618309951009756,120.45336601617596,797
IMG_16817,-31.447400572932946,-62.074726932371846,550
IMG_16818,34.65654964582102,131.86977622512845,625
IMG_16819,-31.41275441757917,-64.2701555089617,881
IMG_16820,26.21381043043977,73.26602114081946,879
IMG_16821,33.919549900926924,-117.37481952909836,474
IMG_16822,50.0001315789154,142.76821951063272,367
IMG_16823,47.05079126548797,102.95944354435454,931
IMG_16824,40.94335127200966,-96.39090375141488,635
IMG_16825,41.13361053839701,-80.37513971836847,191
IMG_16826,-40.643552294181085,-67.84965554428672,710
IMG_16827,-32.99000355725517,-60.62070937586709,806
IMG_16828,48.30986480965603,-101.53278645289564,526
IMG_16829,37.50928756864594,13.775538679825988,5
IMG_16830,-30.17964183784741,115.13871472517108,615
IMG_16831,45.00129405939915,-74.04648590679814,648
IMG_16832,-42.9443947775679,173.1017611344863,775
IMG_16833,12.114185755259808,105.52376365967746,479
IMG_16834,-35.18896824474624,146.9846441722728,857
IMG_16835,39.97418943493103,-78.3334886846654,547
IMG_16836,-35.65165451579147,142.63606846324663,908
IMG_16837,-38.2617708596386,144.0094597042533,972
IMG_16838,-26.76675944981955,28.977360659316368,235
IMG_16839,-27.95211502910321,27.60524778267748,587
IMG_16840,-22.33943123246451,28.38340124914349,712
IMG_16841,49.274845604492114,23.40580495890937,383
IMG_16842,39.887083161055166,-82.58460418101143,191
IMG_16843,37.47179745634106,-4.555175221120104,366
IMG_16844,-30.2848755272322,115.0825988550915,615
IMG_16845,-33.142947217546435,-61.58556631740652,630
IMG_16846,30.339669306812045,-98.33576435051944,893
IMG_16847,-52.0315815501469,-71.84491704474007,472
IMG_16848,-39.940573034649134,-69.97115412010562,322
IMG_16849,47.10264039220276,15.589217438752938,201
IMG_16850,21.19878230583953,86.18960719641721,394
IMG_16851,45.01485475029183,1.1523968828865274,362
IMG_16852,42.83133974929971,0.1601152589969956,362
IMG_16853,-35.02930885380535,138.83047435254971,706
IMG_16854,38.44722618735064,16.232259409078345,208
IMG_16855,-38.6675153139228,-62.26558437131869,303
IMG_16856,-36.012022715807994,-68.7827568349196,935
IMG_16857,51.23624450557652,3.866744228843837,824
IMG_16858,-34.42996529911922,-57.24996800592909,9
IMG_16859,34.25899683933351,-98.24396775574742,327
IMG_16860,40.62311938738394,-122.58475071469704,970
IMG_16861,-37.47047093221735,-70.60950204400042,999
IMG_16862,-0.0930865923448056,29.932501879042263,4
IMG_16863,15.003774265330788,103.101027275548,479
IMG_16864,18.14599108699377,120.52818369711365,272
IMG_16865,31.558694872110923,35.13275287685018,441
IMG_16866,45.64904457617485,3.443987559318693,76
IMG_16867,37.50075854149344,39.289045853908334,889
IMG_16868,37.03180528105023,138.34747091221752,182
IMG_16869,-8.236642981553544,111.01242920184986,153
IMG_16870,-3.477069997536732,119.77526173835342,204
IMG_16871,-24.656185343445173,28.11108542981355,10
IMG_16872,-29.00372764834456,29.874964606022,144
IMG_16873,-23.747098041087057,-51.97343241170184,984
IMG_16874,-23.7926927465674,133.50960247931533,271
IMG_16875,-34.228536502147435,-56.69019618168598,9
IMG_16876,-41.62584952103387,174.11137785702346,34
IMG_16877,-33.59726073185416,146.32470938975263,857
IMG_16878,-29.126959171629707,19.21459521892418,314
IMG_16879,17.72585625509185,80.33777494957668,865
IMG_16880,-23.790177534336696,-45.57309466251128,721
IMG_16881,35.43632242535807,139.42504383929997,786
IMG_16882,-38.37796309760332,142.82785506231997,972
IMG_16883,62.8996370405051,124.23334048214112,323
IMG_16884,-43.61855917240854,-71.01185524265875,460
IMG_16885,19.37773775583496,73.96060959119276,516
IMG_16886,39.21217584975911,-2.581540635191141,727
IMG_16887,-36.96030443024838,139.68982957588668,126
IMG_16888,-44.27759953091736,171.15714091175394,775
IMG_16889,-24.380967569681783,25.468153365788435,371
IMG_16890,-34.68242958584749,-56.13318628885829,9
IMG_16891,-8.659763504899747,122.33495321864702,797
IMG_16892,-27.69350189505808,28.316256982716062,587
IMG_16893,-33.52572730449497,19.828160466103025,618
IMG_16894,20.903575746025066,73.02517454800949,758
IMG_16895,-22.581360004437013,118.11289163266471,454
IMG_16896,-37.62541992596464,143.76640021229463,972
IMG_16897,38.01078159076261,-121.29090363164232,499
IMG_16898,18.029470802353657,100.69839429689324,324
IMG_16899,50.41078190836922,4.446577094514517,946
IMG_16900,-35.90468014993997,137.13258050213796,400
IMG_16901,58.62280183800421,29.986980492706827,962
IMG_16902,50.60998369008627,41.16485736550581,105
IMG_16903,11.723529404137624,8.724551910299303,427
IMG_16904,44.798133660935534,24.30125716412477,950
IMG_16905,15.671535347984388,120.45935484483776,272
IMG_16906,32.28615193156312,-93.0317186166102,918
IMG_16907,-41.14312650401381,175.32964368304766,34
IMG_16908,69.3803428880487,19.39191947760804,297
IMG_16909,31.191864566569155,-93.30360811217491,89
IMG_16910,-38.29202375004744,-72.1540433227415,682
IMG_16911,18.66155657645209,83.38890008038702,865
IMG_16912,-22.96683115260769,117.06289885512057,454
IMG_16913,-26.566082796132683,26.608156266516104,629
IMG_16914,-27.88952523007445,30.80381627066208,530
IMG_16915,34.77154599828616,132.82917663452687,625
IMG_16916,60.52839383757258,11.508236563321445,121
IMG_16917,34.57393026759238,-98.35226747995084,450
IMG_16918,13.147660033857948,78.28723220614852,778
IMG_16919,53.05189313903349,112.3176820964472,254
IMG_16920,43.170688005678855,-96.95031079767726,751
IMG_16921,-32.78679591440059,-68.60835822079783,577
IMG_16922,-45.62516720448823,-67.65411788243314,446
IMG_16923,12.958311702074738,101.02653348244156,44
IMG_16924,68.76955576680402,21.33134521277868,736
IMG_16925,42.54166491749547,14.062805983224123,101
IMG_16926,60.390544893223066,12.625586509458389,121
IMG_16927,15.901255274233929,103.29155024828412,769
IMG_16928,-26.76577132390924,27.543871695814325,629
IMG_16929,28.514181742717767,-14.000178976379347,107
IMG_16930,-39.09167608725542,-72.22369745435913,395
IMG_16931,-7.610957794034017,110.32507449314946,153
IMG_16932,52.42778359099712,-8.838256151521694,912
IMG_16933,-22.14880922207616,20.42680167427399,673
IMG_16934,-32.795450996108414,-60.49028370438821,806
IMG_16935,-36.92815453875015,141.66187588934824,562
IMG_16936,43.825565255916565,-76.00708224592537,774
IMG_16937,-9.997703031127292,-44.3017121517989,163
IMG_16938,46.84140810937622,-114.09853014358934,609
IMG_16939,52.8631402180926,0.5576196007579013,16
IMG_16940,-34.810597962728416,-62.23199161924066,439
IMG_16941,38.36657411824795,-105.20413740308445,345
IMG_16942,6.83338568581727,3.932750626036282,555
IMG_16943,34.93989401941884,-78.03863438995752,696
IMG_16944,-1.1548289018491515,36.63982569175133,672
IMG_16945,-32.477901934421745,24.05073799993505,876
IMG_16946,67.9009622807459,24.803813662082845,680
IMG_16947,-32.91011250260814,21.628176203253776,110
IMG_16948,-18.02799473266788,-41.90736697972919,106
IMG_16949,34.694456513182345,-96.62921373115412,327
IMG_16950,13.666009865476695,100.8867887779002,44
IMG_16951,33.608485001963594,133.72821948904866,625
IMG_16952,55.30950566654198,61.64057267839162,843
IMG_16953,-24.76647773707025,-65.45681402851328,343
IMG_16954,6.176191785636712,7.835087973077798,183
IMG_16955,7.495173780339152,4.889596709924001,492
IMG_16956,-8.684577358982024,117.57569209734902,270
IMG_16957,43.1400473279324,-89.73034590352282,32
IMG_16958,34.53337701472152,-79.65186578224169,241
IMG_16959,-32.7790802033557,115.74692473960808,238
IMG_16960,14.90397499406435,120.43105619584178,991
IMG_16961,52.17015700779397,109.21216395991377,254
IMG_16962,-0.0598897562853817,36.1782201001096,136
IMG_16963,-41.40750429520509,146.30982315611317,487
IMG_16964,-39.20283547520517,-66.91443999067573,710
IMG_16965,-23.49748451566965,29.71932219212615,386
IMG_16966,-24.332368425711085,-47.5867080805757,119
IMG_16967,-30.08614461837213,-71.00534055020844,462
IMG_16968,44.718049634723,40.20034982071024,418
IMG_16969,36.13766080972777,-99.18612288460298,450
IMG_16970,14.804296150879342,-17.277085591207364,649
IMG_16971,-35.88466217349602,137.26461017182734,400
IMG_16972,32.81803684654452,-17.243442594214244,855
IMG_16973,51.32620062196406,16.900700511682764,623
IMG_16974,45.8408196741671,2.8716557969087657,76
IMG_16975,-8.434670069239349,114.84228622964255,521
IMG_16976,-33.697023161324815,-56.808488574484045,9
IMG_16977,38.25934967612676,-5.720301637482788,29
IMG_16978,-27.12945561590879,27.524265877217683,587
IMG_16979,38.29456979025444,20.57890834674957,655
IMG_16980,-25.10195621463536,26.40803393495368,371
IMG_16981,3.0928149997506806,36.08139086351492,825
IMG_16982,40.7384055616573,19.937596022499047,436
IMG_16983,32.09777407180261,35.230907906693865,441
IMG_16984,34.66326294608133,-79.90461277025129,241
IMG_16985,46.56124624385573,-91.9839786902992,108
IMG_16986,30.42788288279853,-89.29188612293073,637
IMG_16987,-36.81737589911109,-72.66905025464543,682
IMG_16988,-43.5549631998742,-71.1797703454933,460
IMG_16989,44.99780148266421,27.4194157981188,236
IMG_16990,53.32211527502166,55.93144734613962,894
IMG_16991,-33.18320782611343,-68.59864607164191,577
IMG_16992,-41.49049253430348,-73.74928849583863,573
IMG_16993,34.31191566404791,134.74130471346083,625
IMG_16994,-34.81256342432047,-66.52859936672408,664
IMG_16995,-29.03775226327752,26.269087204895992,524
IMG_16996,-0.2092888746984233,36.84312380884461,136
IMG_16997,20.94325289774028,78.95598917839179,261
IMG_16998,43.47864963230753,144.42850898374698,495
IMG_16999,-1.3044591063052549,-47.496896234084446,168
IMG_17000,-28.62478992700088,26.90811607630132,587
IMG_17001,26.86718657695185,83.43983014865799,798
IMG_17002,-31.92846015443968,116.12421674127096,615
IMG_17003,-38.17320769420763,143.73099141450857,972
IMG_17004,16.887368954864435,103.26223611349734,769
IMG_17005,64.94782582472169,18.388227373361087,807
IMG_17006,41.071068323446376,-87.77095784915545,852
IMG_17007,37.66658409097093,44.13438683556599,329
IMG_17008,43.49103505351827,17.12176495780582,374
IMG_17009,9.907150514117037,7.872349088595059,566
IMG_17010,17.87161756768613,102.91049943028264,324
IMG_17011,-43.76237117266824,-69.4619650534049,907
IMG_17012,39.644355196374406,-119.27428155682082,854
IMG_17013,-20.039717988567467,148.18844131291843,159
IMG_17014,61.49886405063208,46.1453367926193,677
IMG_17015,-41.71419719561161,173.0886711629026,34
IMG_17016,36.847231388543605,-4.14042244103658,366
IMG_17017,-31.361166012367946,-58.04218413296574,810
IMG_17018,9.71935121068914,11.567925165038222,742
IMG_17019,-34.82759742944044,147.5309353267887,857
IMG_17020,-33.07071805503637,118.20106113878164,480
IMG_17021,-19.98412169624211,-43.432211431357246,601
IMG_17022,53.93159317469388,124.21569517089776,355
IMG_17023,-0.2720910614975486,36.07775466061103,136
IMG_17024,38.549428873826,-87.48241723862407,404
IMG_17025,51.744117223155484,21.594235371526207,875
IMG_17026,42.95194279002282,142.9170121752786,495
IMG_17027,-7.412657667400476,112.54502067749632,844
IMG_17028,40.65730559820687,-99.31354090662148,917
IMG_17029,51.16869297178846,-0.4641806822401901,919
IMG_17030,41.49127552069479,-105.21268973717076,115
IMG_17031,27.000341406348586,75.17481751345545,268
IMG_17032,-30.653020938854567,-71.46804972405121,462
IMG_17033,-53.030015444543935,-70.87349677087012,472
IMG_17034,38.26087342216877,-121.17145227239568,499
IMG_17035,34.96284531256339,126.58775365392351,829
IMG_17036,40.58900493610232,-81.37820199594539,191
IMG_17037,32.20412739756839,35.54728425631936,441
IMG_17038,32.810822818690475,-86.5746834100333,54
IMG_17039,-29.737498429309657,30.736048596752067,144
IMG_17040,-5.281657978183788,123.1540352757672,204
IMG_17041,11.419408902718525,8.140858133941066,427
IMG_17042,49.27874253573776,1.8548301925662525,340
IMG_17043,-37.74393947404245,175.25433294659643,792
IMG_17044,42.30036760877856,-71.4719776797331,68
IMG_17045,41.09586499916665,15.458703907441096,955
IMG_17046,-4.571276237078743,120.3815390455148,204
IMG_17047,15.389942998674874,101.9991897959956,866
IMG_17048,39.170090089107575,-5.101863720546549,29
IMG_17049,-34.81824339747802,-66.40365625263885,664
IMG_17050,16.84276945657977,80.64101935907067,8
IMG_17051,-34.817121852259724,-68.64459535805223,935
IMG_17052,46.64504302519586,6.686952302970336,381
IMG_17053,-21.28608762375663,142.0095221057769,39
IMG_17054,34.97483210727487,139.04923221265636,786
IMG_17055,-26.45791502041479,152.77668918164565,689
IMG_17056,54.69447456722541,-8.24891894838843,125
IMG_17057,21.29015055142523,72.88748764649122,758
IMG_17058,53.14568302566333,-6.831356663838148,720
IMG_17059,-32.858831019453376,138.700379555683,706
IMG_17060,46.68398547475085,-121.57570743669888,319
IMG_17061,55.88376834709461,49.127794824110936,206
IMG_17062,-34.36909200123159,139.3017936334464,706
IMG_17063,-6.901178267437055,113.0106328244254,844
IMG_17064,-36.219359101366784,-57.40321368413709,527
IMG_17065,39.99838671938576,-76.74669022281172,547
IMG_17066,-23.664441630685666,132.62609094757343,271
IMG_17067,30.21643942952948,-94.25546890167894,89
IMG_17068,47.78701034283981,-110.94544413619728,821
IMG_17069,34.44429869191115,-100.19058567642448,450
IMG_17070,11.830073609933796,8.540560160730774,427
IMG_17071,-32.06542129796344,133.44668446235076,2
IMG_17072,12.908943570642869,77.25287123316332,338
IMG_17073,43.068237132924594,-94.9276002146449,751
IMG_17074,-34.336624085539874,-55.76014097174459,9
IMG_17075,-30.044720141654427,-64.12035971801754,881
IMG_17076,39.05142164935149,-96.64119979737026,635
IMG_17077,40.60535051919064,-93.57858256422875,188
IMG_17078,-42.15334277269967,-73.54084986199342,573
IMG_17079,9.583311230067665,8.282726184304977,566
IMG_17080,-36.12006622209358,145.43181888557123,18
IMG_17081,17.39837354181596,76.84887340736104,409
IMG_17082,43.15554174496377,13.260135840403256,101
IMG_17083,35.16765961511637,-81.87503553588661,241
IMG_17084,-43.25434609448866,-65.25344929556664,269
IMG_17085,-38.22985950015367,144.0933563384923,972
IMG_17086,49.9957285849876,94.5948788242248,316
IMG_17087,54.95594747515749,37.99360615943573,848
IMG_17088,-32.148410064394064,138.22489508521986,312
IMG_17089,44.39730145825369,-114.09504991729068,973
IMG_17090,-33.346474896091,-57.160185510646194,9
IMG_17091,48.68969346753375,16.638087141152823,201
IMG_17092,47.64785227623772,117.03090330323212,393
IMG_17093,31.52989921671136,-92.61986979019676,89
IMG_17094,64.1160949196598,16.31894341276259,21
IMG_17095,45.828034353188606,-119.71654544736096,19
IMG_17096,-36.61228793892975,143.0021806386443,562
IMG_17097,-40.44356833338832,-67.78051909082767,710
IMG_17098,-37.12439168476671,-63.38999953863741,196
IMG_17099,8.136799064488786,8.58958463683321,566
IMG_17100,55.03068103054885,9.849313117494878,644
IMG_17101,40.8552176161928,-94.3102990329866,635
IMG_17102,33.33833531299049,130.81627376469297,33
IMG_17103,30.34311283092391,130.59209787809456,33
IMG_17104,-36.48667874401832,-56.99714405439375,527
IMG_17105,38.26255037187868,-94.27934538890491,293
IMG_17106,-4.302694973517789,119.98045016486095,204
IMG_17107,30.58913066404653,76.74153544075159,511
IMG_17108,16.6250153596778,76.25441618620357,409
IMG_17109,-33.16917146362621,-64.05328087422508,67
IMG_17110,7.607910348318411,6.241037698734955,183
IMG_17111,31.304842060954616,-93.48219296949904,89
IMG_17112,-22.6273009154678,117.618664204608,454
IMG_17113,34.21989664580279,132.66444640413022,625
IMG_17114,14.96312053085946,-17.041519823285594,649
IMG_17115,-37.181109470481225,-62.89719520155287,196
IMG_17116,-32.41828335238232,-58.71378505878722,806
IMG_17117,-34.18579611425691,115.2457055351372,238
IMG_17118,45.52414286949154,0.0756731907242494,802
IMG_17119,51.00878399738034,-114.145088874754,351
IMG_17120,-40.66408451240549,-72.25695017232299,395
IMG_17121,38.4925801874668,-80.05388444344636,191
IMG_17122,47.47660135804271,15.404542457704888,201
IMG_17123,57.20504512856845,-2.370304625778568,403
IMG_17124,-31.703102639903385,-52.93245284915918,559
IMG_17125,-36.8885400042624,141.2816687908474,562
IMG_17126,7.819522269352261,4.905730787485092,492
IMG_17127,-32.00388422126541,-52.91497866307403,559
IMG_17128,48.92587002543184,-108.38948822084171,821
IMG_17129,48.88186348704767,-97.75303024796162,693
IMG_17130,-46.829808730830045,-72.00691535616168,45
IMG_17131,39.437224372485794,140.55185764153768,83
IMG_17132,-34.456817546824574,19.889386448965208,618
IMG_17133,-33.84086157032616,-53.51603130937512,392
IMG_17134,8.241273414278517,4.846725874233671,492
IMG_17135,-18.137665232278355,25.35862886280552,426
IMG_17136,46.31465174815629,7.013473620861705,381
IMG_17137,29.16740003816561,-13.468608294281871,107
IMG_17138,32.4531559596641,35.464591512298895,441
IMG_17139,56.55302393446512,15.141673479659168,60
IMG_17140,51.98082958883011,-110.5711666000484,641
IMG_17141,44.30453502549514,142.87063437920344,495
IMG_17142,47.63814816254746,5.152193911421232,381
IMG_17143,32.34482944513924,-93.73854713444602,127
IMG_17144,-1.541971364983476,38.3021215822199,672
IMG_17145,43.83087812795024,-83.23344855664672,608
IMG_17146,1.0047206620765994,35.363265075268174,410
IMG_17147,61.41215787747613,26.76881338512715,811
IMG_17148,52.46816800193734,0.3254649782814217,16
IMG_17149,47.65484534631538,-0.8205687130450556,534
IMG_17150,33.87946066470851,-90.79357922807928,423
IMG_17151,-29.08071451794727,27.699983636905003,524
IMG_17152,13.851250641660164,101.08405189850926,44
IMG_17153,-20.238483634859243,24.19489329008644,219
IMG_17154,41.34851476442011,-8.044007314525524,337
IMG_17155,35.40541930342868,134.18913913923424,625
IMG_17156,43.52614443350605,144.433499553489,495
IMG_17157,52.76110613248784,55.772683650782895,894
IMG_17158,-32.742434157687455,151.4773338910575,197
IMG_17159,47.65342231356015,19.11633456602312,605
IMG_17160,-30.095639222040543,-55.27672980588052,155
IMG_17161,-34.76044554982094,-58.76927275549442,667
IMG_17162,15.525088905982113,79.87824582742036,8
IMG_17163,37.75365053390764,14.424552004574648,5
IMG_17164,44.80204583656587,-77.17992065241664,256
IMG_17165,44.717796638864606,-95.87743916462688,376
IMG_17166,-30.52781418367192,-51.98876844301985,81
IMG_17167,19.76447729882292,99.78034813574936,520
IMG_17168,47.478971113946464,9.01880309276888,628
IMG_17169,44.854771509483776,0.7570003541934266,362
IMG_17170,20.18115076784973,-89.80919864365993,497
IMG_17171,27.462085621694428,-99.1670192396085,384
IMG_17172,-30.78439720463952,-69.41648785374639,310
IMG_17173,-28.676031253075426,26.83693355343002,587
IMG_17174,40.491104185339815,-3.186624846766408,142
IMG_17175,15.891211449570628,104.12599187547566,769
IMG_17176,-0.3701546271136796,117.14766711900532,701
IMG_17177,11.179168194142624,105.05891005240878,851
IMG_17178,-1.779539219347709,37.637223173349646,672
IMG_17179,-51.59875413905581,-72.60922909488417,472
IMG_17180,43.97817487567277,0.44616012060883,362
IMG_17181,12.792931242394944,77.74405407189028,778
IMG_17182,-27.737911519132595,29.93821783076907,530
IMG_17183,-35.57555248640025,145.14581402920248,18
IMG_17184,-40.40726147640551,-70.551722663882,395
IMG_17185,22.081266790486094,78.15446722965827,261
IMG_17186,20.56150999798581,78.94196729909399,261
IMG_17187,-24.90277192043705,152.36218170659382,689
IMG_17188,22.56323737397833,91.107823258089,313
IMG_17189,-34.52609512329585,150.7771889303326,197
IMG_17190,-4.028136337222048,39.715306473341606,675
IMG_17191,44.270621326999056,-77.13567840153453,774
IMG_17192,11.704497690472362,9.346723075790688,156
IMG_17193,56.1181128764112,43.94646831200848,206
IMG_17194,62.47060301875666,152.22231376084162,377
IMG_17195,31.61053756088836,-106.3603304937844,613
IMG_17196,-33.35203743451623,-66.0921702583037,664
IMG_17197,32.28226905765558,-85.72692881075066,579
IMG_17198,55.15715781829023,59.64973456205995,843
IMG_17199,-31.90060718473044,-71.15128580568621,979
IMG_17200,33.335599388591504,-88.59032963815041,54
IMG_17201,63.14080376108854,30.6273645011638,288
IMG_17202,-23.96969329297276,133.0984154087284,271
IMG_17203,-26.759502298599266,27.73939588543818,587
IMG_17204,39.22831482372822,-3.3516013233376487,29
IMG_17205,-41.49054976916797,175.5664240346721,34
IMG_17206,51.13874550867423,2.7469916775465384,824
IMG_17207,-31.47708530576209,-64.13551679933579,550
IMG_17208,-37.97073422268909,-57.72222156330207,928
IMG_17209,53.06301913170818,-113.805391497209,351
IMG_17210,-7.9888479707428415,110.26698276977304,153
IMG_17211,57.22378528928915,21.455002786284982,646
IMG_17212,-29.80454818395875,30.748981740970624,144
IMG_17213,55.3280334964452,-7.270795794735582,248
IMG_17214,-28.042975594716328,28.320419196565428,587
IMG_17215,-7.689868396251538,114.04141999320004,521
IMG_17216,12.20282013845727,78.08595303965654,778
IMG_17217,23.647002037894865,120.88536251633462,170
IMG_17218,47.41080919982359,7.695660645728926,381
IMG_17219,33.58003738395781,-82.81739961227126,579
IMG_17220,-24.34265327514679,144.9683900108013,507
IMG_17221,5.787082094958918,-0.5435680168549586,874
IMG_17222,6.054349155584556,-75.65747260286453,282
IMG_17223,30.41964598215281,-95.50334767553414,529
IMG_17224,10.518682757782027,125.1649347725934,91
IMG_17225,36.9961634782277,-6.002981495192821,457
IMG_17226,69.22400365442007,15.92926361246891,297
IMG_17227,-31.03665488400256,147.48179532850511,244
IMG_17228,14.05007161350344,75.12143617275554,748
IMG_17229,-44.03754935568763,171.30202684729812,775
IMG_17230,16.232338394086458,102.3268495478927,866
IMG_17231,32.65098069349463,-85.68799883445108,579
IMG_17232,29.10427162628644,-81.07943738966274,638
IMG_17233,-27.952709601662168,30.12984363095612,530
IMG_17234,-32.24986250412797,148.301416987972,540
IMG_17235,-34.94450315647694,-57.915590828098736,667
IMG_17236,27.786447040482027,-15.590420317005108,763
IMG_17237,-32.520457313120936,118.26479692187642,480
IMG_17238,35.79775084780402,-94.69608620857066,12
IMG_17239,12.984803428329371,121.40959650161096,991
IMG_17240,-27.669202998970626,26.91532127030398,587
IMG_17241,-33.71050958295102,-65.3689878821107,664
IMG_17242,42.94679135964935,142.59816026163026,495
IMG_17243,46.79458898909849,-0.4269276455628367,802
IMG_17244,30.7257633001356,-93.73744826713468,89
IMG_17245,32.969024276504896,130.8921683449728,33
IMG_17246,-30.30647089984044,-51.007995717405365,81
IMG_17247,41.59463671584288,-88.15666126716765,852
IMG_17248,-6.970577148385317,110.1847648922771,153
IMG_17249,22.70704951133138,75.99687857684253,983
IMG_17250,49.49793239856336,14.911787042183102,477
IMG_17251,39.882393972952265,8.687446370470795,489
IMG_17252,-38.44014868173067,-58.86439097513161,928
IMG_17253,-33.507023433998384,-55.853717317364655,9
IMG_17254,32.282471313579045,34.97778687638099,441
IMG_17255,42.666360588516895,-4.068151641922263,685
IMG_17256,-31.20793723522844,21.532679558745432,957
IMG_17257,56.63994222766903,103.56017573688528,61
IMG_17258,45.149451423773804,24.245602502761173,950
IMG_17259,47.19886239923069,4.248123924940509,76
IMG_17260,53.80383401290399,110.1218828367966,254
IMG_17261,-26.140247136133016,30.78862730254241,941
IMG_17262,-38.43455250341202,142.70025787145488,972
IMG_17263,-6.376184712626931,-55.56815557851012,456
IMG_17264,-7.9098838976989425,110.9360934048474,153
IMG_17265,-26.699753747820623,153.13057588757408,689
IMG_17266,-25.02933998249568,27.06326241701111,629
IMG_17267,15.935707331049864,100.79189028267228,866
IMG_17268,59.49791682228981,16.331296441633064,354
IMG_17269,-25.21212223842733,149.9699003641373,549
IMG_17270,38.78532068026261,-84.38819381088328,932
IMG_17271,-34.941503385712515,139.24607582385758,706
IMG_17272,39.08115847495984,-121.99247762960997,970
IMG_17273,-41.01123659783638,-62.82387329577252,103
IMG_17274,-31.49981771029104,-68.36739150614757,577
IMG_17275,50.285304542666886,3.380158156678538,340
IMG_17276,-34.00992678866442,18.73422828272832,618
IMG_17277,-33.37064825238562,118.3385792441294,480
IMG_17278,22.83196469355769,70.86792644926315,958
IMG_17279,11.094076232425822,77.29857374525275,338
IMG_17280,-34.48404086040036,-56.393309913999474,9
IMG_17281,43.4720171928723,-80.63124418020958,774
IMG_17282,38.74057797701691,-98.0591822699262,708
IMG_17283,-35.709612178309,-63.808490096112266,196
IMG_17284,-4.384275068525319,-46.65412441048053,743
IMG_17285,57.186557092946906,18.20750068881752,915
IMG_17286,41.91805129236568,-92.39631724100596,188
IMG_17287,54.09668769349244,-124.12098069484152,536
IMG_17288,-18.36517621136433,-64.14953615397066,143
IMG_17289,47.73486300448923,4.042856633766225,334
IMG_17290,-37.25793212997644,175.51352024590673,792
IMG_17291,-36.24747702576767,-65.30037190381628,196
IMG_17292,42.59615471604437,143.10072578990403,495
IMG_17293,39.42012112489834,-83.8944192033345,932
IMG_17294,41.86187539053814,-91.81380137940998,188
IMG_17295,-32.06548583984073,146.33266268845034,90
IMG_17296,44.80073005793003,-89.98541045679637,501
IMG_17297,43.45501803272676,144.8117446345907,495
IMG_17298,34.27362468048205,132.4520882492169,625
IMG_17299,-27.529686480617208,24.196943274422143,466
IMG_17300,56.11708306120129,25.668785093261288,451
IMG_17301,-32.12361607247047,152.3271560758653,523
IMG_17302,-36.95272783588791,-57.2266693209673,527
IMG_17303,-36.48280020142123,142.06182847927562,562
IMG_17304,36.306006689323546,137.95800451418032,182
IMG_17305,51.2338530702879,15.91309890755013,623
IMG_17306,40.74264589994328,73.26171773705994,834
IMG_17307,48.58481617504211,-1.3018393039376657,534
IMG_17308,-22.74001191480856,21.981236936324244,951
IMG_17309,-33.410179024308704,149.10397086125607,197
IMG_17310,26.76858473133288,76.37971321535225,268
IMG_17311,-41.53075457520534,-73.44609501293205,573
IMG_17312,-32.72270892079011,18.467823302999008,618
IMG_17313,4.744146483463827,-75.9725402716942,282
IMG_17314,26.30175466107431,85.45075606815134,798
IMG_17315,57.90847386480191,14.577233960717765,659
IMG_17316,30.971881938702342,74.71118539329868,511
IMG_17317,45.70463299210523,-72.69129916359566,648
IMG_17318,-40.60690080374328,-72.83045534311111,395
IMG_17319,12.116959407911164,8.70293321172851,156
IMG_17320,-36.793265608153,140.61778918702822,126
IMG_17321,51.53205807304053,3.64068882363201,824
IMG_17322,29.7063692159578,34.997241293108594,441
IMG_17323,16.09340883179569,101.21573285702723,866
IMG_17324,-29.365306567742618,27.46585752598629,524
IMG_17325,-34.08845837306896,-56.57397227586694,9
IMG_17326,-41.35477119535211,-69.75068996318142,109
IMG_17327,-26.81376506995179,26.0452383980918,62
IMG_17328,11.944386428583185,8.651326878150652,427
IMG_17329,-34.653743015451674,-59.82878487248612,667
IMG_17330,34.61663447983025,-117.76266752318908,307
IMG_17331,-34.45272487089823,149.28053407616576,546
IMG_17332,39.721513032658194,-84.33836794790352,932
IMG_17333,-32.45147741581431,-71.21696119956147,979
IMG_17334,17.982202693003224,101.07810422627963,324
IMG_17335,8.110846978584727,4.214894422702003,492
IMG_17336,39.11545905551308,-89.27144013446411,404
IMG_17337,-26.54247915783389,27.52021065040249,629
IMG_17338,-44.20982626640667,171.13586833678158,775
IMG_17339,-36.78841991023639,174.765774315452,214
IMG_17340,-31.065014739100693,135.82926560480757,773
IMG_17341,16.676344662148967,74.43751339947872,877
IMG_17342,-42.06177674878452,146.1567860035512,487
IMG_17343,-2.1290030293074307,38.12610107006489,672
IMG_17344,53.19792584706834,-8.365711632849811,720
IMG_17345,-39.47932179936148,-72.65426744884624,395
IMG_17346,-37.55437929002023,140.55971948694167,126
IMG_17347,-27.968030882892773,32.31507674098696,530
IMG_17348,31.8109495637152,35.49605660658373,441
IMG_17349,17.386379484111988,104.44480032935697,769
IMG_17350,51.84187247304309,-106.50490390642112,847
IMG_17351,-8.006323184233898,111.48730780016912,153
IMG_17352,-18.138710920581943,24.52303591841148,426
IMG_17353,36.77007886116841,137.04748437044347,182
IMG_17354,-38.133254405296746,-58.25211706246085,928
IMG_17355,-38.9856687855922,-67.81247791196715,322
IMG_17356,33.57878323338336,10.31698671732033,490
IMG_17357,6.298879900805487,5.673052934345865,183
IMG_17358,49.09271279567619,-123.9997718653444,319
IMG_17359,45.58487480967237,10.964596565645694,218
IMG_17360,37.05364904834124,126.79141734956052,292
IMG_17361,47.63828378650455,-93.67269792649068,108
IMG_17362,-12.889228471007709,131.14211289331854,26
IMG_17363,-26.11630019916935,28.090801671788736,629
IMG_17364,48.65489650372855,2.5247404120660204,334
IMG_17365,-22.88241289009656,-42.05310276333648,298
IMG_17366,13.296556607003865,102.22898472574444,44
IMG_17367,60.47882158288742,11.070943092763926,121
IMG_17368,-37.90026400686419,145.3872161368391,285
IMG_17369,-38.91686862294853,-67.95354660284987,322
IMG_17370,-34.73842019824916,150.05700662839595,197
IMG_17371,-41.6094924089331,175.2750312762582,34
IMG_17372,23.9030989871573,120.67372979635324,170
IMG_17373,-7.169369319827927,-35.37509007089331,927
IMG_17374,53.88347862405057,-0.9948165959549328,16
IMG_17375,-33.60755085101477,-56.14521526127081,9
IMG_17376,39.78139732287248,-8.498762511908053,337
IMG_17377,21.31665600061421,70.00438666016532,958
IMG_17378,52.21544815300986,-113.25503305678538,351
IMG_17379,54.38035402842805,60.78391194222564,843
IMG_17380,-32.78877380014818,117.20688277631922,480
IMG_17381,32.46994995452982,-98.64665337449968,822
IMG_17382,-34.60880006480011,-58.58902016916576,667
IMG_17383,55.72859094058977,41.00920899921678,412
IMG_17384,53.79657676645501,36.17359232566281,848
IMG_17385,-35.61706049459332,-61.279030245262696,439
IMG_17386,-34.021405845487024,22.82572660114368,876
IMG_17387,60.22682105965201,24.025714933932605,166
IMG_17388,48.18519494725148,33.00178641900897,414
IMG_17389,-24.58768440280424,149.9906134262743,549
IMG_17390,-0.5804903111643217,36.3681777867905,136
IMG_17391,-30.96088160435864,-52.05272002074378,81
IMG_17392,22.47020236434724,70.04511207106238,958
IMG_17393,48.72551939601262,-122.36913127349882,319
IMG_17394,10.12110551772005,123.56141042594852,905
IMG_17395,52.10220471403074,4.339195601187976,824
IMG_17396,43.88275907689653,-111.33852728294366,198
IMG_17397,43.79752059940411,-117.8905082424026,447
IMG_17398,32.72122693041439,35.1567831873693,441
IMG_17399,-3.543572496767053,-44.5709790907492,277
IMG_17400,44.02327972199613,-92.53835663240244,567
IMG_17401,44.30834699192589,-79.99607931057363,774
IMG_17402,-7.047658784853683,111.20878724746456,153
IMG_17403,63.72410365329432,11.352670364019229,597
IMG_17404,-3.048301699300221,119.31570453537104,204
IMG_17405,-31.85907011187161,-58.277654706472006,810
IMG_17406,11.686073131185603,11.613122473038525,156
IMG_17407,41.92558345305833,14.719513737019971,955
IMG_17408,-28.670068378682025,31.91527263711109,530
IMG_17409,14.800848950457874,-16.466317753197295,649
IMG_17410,50.61914599553782,-96.2825622446854,448
IMG_17411,-16.715096597222036,-49.26914063833596,869
IMG_17412,-27.77000945005267,29.452390414027107,587
IMG_17413,-23.65743789270557,27.574865281333263,10
IMG_17414,59.52363813109616,25.170580589908496,368
IMG_17415,47.68782119521507,13.110239456574444,201
IMG_17416,25.437434434473865,56.349347390188,249
IMG_17417,52.81473934169976,6.83549499499777,363
IMG_17418,-25.528105544705216,31.0127818216288,941
IMG_17419,-7.324487993590694,112.51673601073271,844
IMG_17420,-30.149328554172968,29.301719828420403,144
IMG_17421,-37.8118552549236,145.51551274587163,285
IMG_17422,-35.557783727629854,-58.39545300099164,667
IMG_17423,-32.02220983010904,-62.911894495002194,550
IMG_17424,-45.05000377896205,170.97044416897828,775
IMG_17425,-0.5734094938983968,34.9871529014476,410
IMG_17426,-29.001257448903843,31.57287636260317,530
IMG_17427,-31.385146498373324,29.560439889906323,764
IMG_17428,-1.1940181767191758,36.84128663061073,672
IMG_17429,-45.76186909696654,-68.13402483832931,907
IMG_17430,56.35597145403893,43.892932567544605,206
IMG_17431,34.905672780054964,-115.08510964971389,591
IMG_17432,-28.27854135136676,22.992570989699587,466
IMG_17433,-50.148845037620255,-72.01847108951944,332
IMG_17434,29.041431480089308,-96.28254639359685,529
IMG_17435,27.6262750767311,-81.55871434821621,638
IMG_17436,66.95113536277911,79.4784922645521,746
IMG_17437,45.588314111434,-74.982954430021,648
IMG_17438,54.25345519561388,38.65251339348536,848
IMG_17439,10.473852228727978,7.646325492489209,427
IMG_17440,41.985836978936135,-84.47369900642788,968
IMG_17441,0.1132570562882797,34.07852846411143,410
IMG_17442,-26.56205921066065,26.869584984242508,629
IMG_17443,-34.30929988431787,-54.980529260647614,9
IMG_17444,-40.01031056788752,-72.95546694574064,395
IMG_17445,-7.196193159191638,111.93630975515688,844
IMG_17446,-31.29465215928948,-66.43193786597683,67
IMG_17447,50.57861126842023,18.52113562348775,623
IMG_17448,22.65290725582204,73.4381020857186,129
IMG_17449,49.88917767280779,2.747163782066453,340
IMG_17450,-36.780727774172256,174.5780518159914,214
IMG_17451,36.14779365861504,128.7116745461273,829
IMG_17452,-23.7058594808194,149.98446223895442,549
IMG_17453,5.059104533812389,7.342490065039331,995
IMG_17454,-36.236355803094646,145.3759499047218,18
IMG_17455,23.603315000586463,73.33284576554657,129
IMG_17456,50.71030177572598,16.574053567352117,623
IMG_17457,-41.677688482509694,-66.15608295310435,269
IMG_17458,-41.26997398379656,146.66615701404578,487
IMG_17459,-46.49146536115907,-73.1219550269199,45
IMG_17460,-34.45564179454461,116.0058454589481,238
IMG_17461,41.7125672801969,-72.7625180749793,68
IMG_17462,-31.05807175790356,-66.75264424652889,310
IMG_17463,-27.16621131627277,152.27426703147367,280
IMG_17464,55.36671301224419,65.12730530958366,73
IMG_17465,-33.27893035629807,117.72292856552724,480
IMG_17466,42.12068129489823,-78.00077257142418,774
IMG_17467,-28.13572563114676,30.047484632272617,530
IMG_17468,7.67549595933793,8.563828828779528,566
IMG_17469,34.21150755475707,133.6715330334323,625
IMG_17470,40.52615067906592,-84.84820815227384,968
IMG_17471,42.08524023909874,25.56827752296804,654
IMG_17472,35.49647321606782,139.70265213985914,786
IMG_17473,54.08129463038431,24.194297106427086,176
IMG_17474,-30.895476169021137,-54.848702721191735,155
IMG_17475,43.666588045071705,-79.76978511764268,774
IMG_17476,46.75199929172796,26.685303672963656,692
IMG_17477,48.82163358796248,7.0130309703054845,946
IMG_17478,36.89054633965216,-93.33106475755014,293
IMG_17479,-21.50724183903104,25.67074680952165,886
IMG_17480,-8.03083865167005,113.81464136685064,521
IMG_17481,-45.34932854508083,-72.70450851680704,460
IMG_17482,56.11575294988298,14.099935727271928,60
IMG_17483,23.334981285848016,77.18283833695158,983
IMG_17484,-30.995673989107832,-68.79786093808787,310
IMG_17485,37.83472518494416,-81.48482505825815,191
IMG_17486,-32.281180068792054,-69.37420008674982,577
IMG_17487,-12.751232519883956,-39.566681012927326,836
IMG_17488,44.130663602508456,-103.2297784975958,430
IMG_17489,48.94561091818707,0.4845605622603806,340
IMG_17490,-0.1137086538633374,36.59309700186014,136
IMG_17491,28.74079138738545,77.303091544918,978
IMG_17492,-31.663473715725857,-64.43915144099758,67
IMG_17493,-37.994094106889904,177.4072003491378,792
IMG_17494,-37.4458409630646,-65.13355042157157,772
IMG_17495,-25.209043916500026,29.766714097899506,386
IMG_17496,41.12707056354518,29.00120433892046,590
IMG_17497,-34.291386648243744,20.02361930095576,110
IMG_17498,-7.077411574930712,111.00582501024908,153
IMG_17499,-33.73097375596031,-61.97857975375242,630
IMG_17500,37.130748919738906,-92.02601796461045,293
IMG_17501,-36.0958927668156,-58.60831160911378,527
IMG_17502,-35.811244149816474,-62.89971156411661,439
IMG_17503,-34.613043863641025,149.43882801893287,546
IMG_17504,34.570756173440216,-82.69890594421959,241
IMG_17505,-34.64380417678261,-56.05043786345761,9
IMG_17506,-26.41075630866208,31.876687735934112,941
IMG_17507,9.731651167526698,8.77907073042266,566
IMG_17508,36.67370172117854,140.07445434061572,786
IMG_17509,-35.59332795869438,150.25634755686403,546
IMG_17510,-25.075903268877845,31.856663206612893,941
IMG_17511,-0.3163007088533941,36.84025601039932,136
IMG_17512,-26.43333773520899,28.784814133709112,235
IMG_17513,-26.90043158820094,152.25436654415083,280
IMG_17514,20.895060989348504,-101.7389864384138,726
IMG_17515,45.32887899504416,142.14523344907246,495
IMG_17516,33.712805411407324,133.91524143201207,625
IMG_17517,-29.1287924786032,115.59921341451464,817
IMG_17518,19.43065624783782,-96.6930575313003,726
IMG_17519,55.51288670808693,74.32895705051213,569
IMG_17520,-37.78569684243218,140.52415965728423,126
IMG_17521,-39.99164575153369,-70.8472603734352,395
IMG_17522,-35.503932834113385,-60.88708096609993,439
IMG_17523,41.02214323979425,-104.72834473973288,115
IMG_17524,8.793323547473847,4.021970495895136,492
IMG_17525,7.422918661002911,-1.975931671130956,200
IMG_17526,-20.571704660013246,22.54606840017332,621
IMG_17527,49.86401202763023,16.65487633723049,623
IMG_17528,-26.666799416751825,150.30635235082417,280
IMG_17529,56.2206783177942,92.0438919846845,187
IMG_17530,49.96732453713851,20.90033609039491,53
IMG_17531,-5.087254145209312,120.24954899670608,204
IMG_17532,-37.513046177019305,142.9092810957155,972
IMG_17533,-41.15491083994713,-63.40034813430816,103
IMG_17534,55.23197138144386,-2.2918522935377723,861
IMG_17535,38.06223156778799,138.23869442442214,182
IMG_17536,-38.34693860411162,178.24909790564865,792
IMG_17537,43.87827365629523,-79.11476965526388,774
IMG_17538,-38.24527183989092,-59.77477056145971,303
IMG_17539,40.87692914254406,8.635661517186598,489
IMG_17540,-32.89561693151999,-68.43773452533394,577
IMG_17541,-37.7686709708464,-58.30960274308643,928
IMG_17542,39.81001700631008,-83.66556426955997,191
IMG_17543,-33.94877755475274,-71.46803550275082,23
IMG_17544,22.909979772257422,70.80671681152984,958
IMG_17545,48.08881046336078,0.1063999977568702,802
IMG_17546,37.349306100782734,138.5933740493289,182
IMG_17547,6.469508429988904,-0.8810997269869538,874
IMG_17548,43.87004272628826,-92.46850627624326,567
IMG_17549,35.944989520871374,139.1754322981984,786
IMG_17550,60.17324869474934,41.277160648725655,195
IMG_17551,-31.07647059588836,26.851408947240586,524
IMG_17552,-26.538853967094703,31.344296963933747,941
IMG_17553,14.710321740670045,101.33582091168584,44
IMG_17554,-28.81763306237441,20.418395974139507,314
IMG_17555,-28.18982844492754,21.41591777502432,314
IMG_17556,41.69827387434245,-83.5699913821374,968
IMG_17557,39.36401157756677,-118.7816951145405,96
IMG_17558,-30.633426067077306,-64.760914836208,881
IMG_17559,49.66457131232267,5.836261251575273,946
IMG_17560,-0.3321359606970466,-78.39545854174658,741
IMG_17561,-27.363303408978613,27.216228965241434,587
IMG_17562,-31.72571370501911,152.63793332115364,523
IMG_17563,-30.293562628201627,152.16824880305836,523
IMG_17564,17.772648817351225,-64.65818543045874,873
IMG_17565,42.18439219669134,27.20526913622484,654
IMG_17566,13.11994291852273,-13.764562695550506,771
IMG_17567,-37.58617239436545,-59.5561493027416,303
IMG_17568,-27.34636976090799,23.380349661995744,466
IMG_17569,-48.11845506107844,-72.87424568653931,45
IMG_17570,-35.7559632641691,144.51070905773614,18
IMG_17571,13.751239247841886,100.11066778571475,44
IMG_17572,-34.701722965976835,150.10853640741985,197
IMG_17573,14.752491131042206,-16.869579453669232,649
IMG_17574,-33.20542792989133,-65.86861204683021,664
IMG_17575,-22.727269413010816,27.23284196213921,886
IMG_17576,46.54148345997617,-117.89785980115153,19
IMG_17577,32.06316933070988,35.35439288661594,441
IMG_17578,-34.271574650372884,-70.60747922984477,23
IMG_17579,36.14728172522612,-85.09155796329553,898
IMG_17580,32.95241669552818,-116.97473555104229,474
IMG_17581,-18.918575639415995,142.21974161071313,39
IMG_17582,48.74959972144838,-78.90453201709732,256
IMG_17583,26.08150167032441,75.45979601502268,268
IMG_17584,15.580823764937245,102.2679228528329,866
IMG_17585,39.09478619946189,-89.71803748902913,404
IMG_17586,38.13161103666432,-100.46343377134556,708
IMG_17587,-25.5675823777412,25.75077147060367,371
IMG_17588,49.388312272292175,5.965157414133764,946
IMG_17589,-33.39556559042846,-60.14124932487823,806
IMG_17590,-0.001461153113955,37.5948767297612,136
IMG_17591,-24.72713770926852,29.74277745915899,386
IMG_17592,30.999907433900184,35.34577055338461,441
IMG_17593,-36.15673006788729,145.77206449504175,18
IMG_17594,-32.630875802672115,-62.69881830638702,550
IMG_17595,56.61052548631292,24.38987884254077,646
IMG_17596,22.27295386040903,89.13213480676683,313
IMG_17597,-37.2936511059545,143.1588775285681,972
IMG_17598,10.199670189888636,122.99404822475492,905
IMG_17599,-42.63962942805932,-73.93004787016588,573
IMG_17600,35.10057409240837,128.97656411703937,829
IMG_17601,37.98641636926104,127.31550981959184,292
IMG_17602,-35.03818064367798,117.55803550065232,890
IMG_17603,-37.99798069996407,-67.91097088772206,617
IMG_17604,-33.665337554628174,117.5304237600842,480
IMG_17605,-27.37997837150652,23.395113021549307,466
IMG_17606,46.12771897727772,1.0903243818509083,802
IMG_17607,45.90109635459427,-72.5870273334959,648
IMG_17608,12.493993180235725,102.33328204495729,44
IMG_17609,-34.63331962478743,-56.74369865327039,9
IMG_17610,22.63632061695954,73.43613300765992,129
IMG_17611,51.39137276311615,-0.0595806374630215,919
IMG_17612,-30.281672511952813,27.105639462614352,524
IMG_17613,19.86463592641268,79.60375460802682,261
IMG_17614,-36.44681656471896,140.81660952513036,126
IMG_17615,42.58332600469532,-83.1256988025866,608
IMG_17616,40.985941217524,27.86192198007684,590
IMG_17617,24.759249307231062,-99.5424070121678,384
IMG_17618,20.319943206889988,99.80551254439509,520
IMG_17619,34.809512671879936,-87.93915825536892,139
IMG_17620,-37.74115597166269,144.998646803406,285
IMG_17621,-26.35537321638485,26.11973325313224,62
IMG_17622,60.53420560899172,26.95059254997591,811
IMG_17623,-8.35972582527523,113.4492923708203,521
IMG_17624,-37.75749009065267,-64.01091834716678,772
IMG_17625,8.204716978360656,5.495401495795309,492
IMG_17626,-32.644321008746054,23.86394630072392,876
IMG_17627,-45.81511307061511,168.63126401065065,232
IMG_17628,-38.88922124626543,176.40698392949875,792
IMG_17629,33.967675524831606,-83.47756267692002,579
IMG_17630,-39.543438395011655,-71.95270045138105,395
IMG_17631,41.43310973451296,21.815319811210777,342
IMG_17632,9.106410222623234,5.953167139080271,492
IMG_17633,-30.31975803917516,-51.79479626533646,81
IMG_17634,-39.93314664676248,-65.16338539025276,103
IMG_17635,12.894715609421516,79.55535921913584,778
IMG_17636,43.553765494460926,-81.01277876309902,774
IMG_17637,59.88105782493236,56.66343439702205,1
IMG_17638,12.29802191162326,79.6171324105152,778
IMG_17639,-31.420283639134173,-64.53632796779915,881
IMG_17640,-1.4180451447055369,123.52635164605066,611
IMG_17641,-30.09502204789668,-58.04328183148024,810
IMG_17642,14.521774982811625,77.68700651273075,778
IMG_17643,-38.90875348122525,-72.19529611839037,395
IMG_17644,38.93103811385911,16.86002095121855,208
IMG_17645,-33.71124140624923,-71.26494814823293,979
IMG_17646,-31.251782265235907,-59.282439827157646,810
IMG_17647,0.3744588709117417,32.70807891539172,240
IMG_17648,17.13853633529416,103.56373114188492,769
IMG_17649,40.56114951474843,22.21721617708101,436
IMG_17650,-31.33015592517673,-61.66195725755559,318
IMG_17651,31.954646295813184,35.87854118214945,441
IMG_17652,-34.634807977783936,-58.56524931877853,667
IMG_17653,16.084334939334582,100.52838855563336,866
IMG_17654,-23.76565539190736,22.86629348285026,951
IMG_17655,-36.92941039022833,140.30255488038054,126
IMG_17656,-21.490616011831,-50.22741418646439,390
IMG_17657,-23.618947257148296,30.680869569929403,502
IMG_17658,41.04633724465039,-82.72469813796913,191
IMG_17659,39.41782006262417,-84.62007970043254,932
IMG_17660,-21.78653606914497,26.14744931701882,886
IMG_17661,-31.253305681299963,-52.187235392478414,81
IMG_17662,15.54488140849332,79.95419754757889,8
IMG_17663,-0.258134992000733,35.14907413191812,410
IMG_17664,47.312549235130696,3.511550052289538,334
IMG_17665,55.52940984613067,54.69301405017007,514
IMG_17666,42.66416698456641,-122.66043943821256,150
IMG_17667,-37.14353021450677,145.25082842690145,285
IMG_17668,33.47504553011347,126.5406864433548,829
IMG_17669,16.213795829113238,104.63991236357867,769
IMG_17670,-34.58302403131924,-58.74640573452607,667
IMG_17671,55.58045769479804,43.93441979839226,206
IMG_17672,-28.70514380324025,27.94032475068921,587
IMG_17673,35.82254687758594,-86.93366722033333,139
IMG_17674,-34.65781596247199,-56.09232333736307,9
IMG_17675,-32.75544447704101,-70.59401897704215,979
IMG_17676,-38.93582338862088,175.28152627413624,792
IMG_17677,38.518545555305856,-89.96050769943409,404
IMG_17678,50.99252017920725,1.9946131070671207,919
IMG_17679,56.63359865138384,43.25217569174109,921
IMG_17680,-24.701537257337115,26.576069060236385,371
IMG_17681,-30.149440274519225,149.2345403491814,990
IMG_17682,0.0072376089284703,37.60312871651394,136
IMG_17683,-38.376618609800005,-68.89768389643316,322
IMG_17684,-27.99330805962446,153.42944603387514,636
IMG_17685,-41.2012342992841,-73.06370196961092,573
IMG_17686,-31.903463924356583,152.4718275081816,523
IMG_17687,47.54170728300748,-111.69050057077962,821
IMG_17688,-0.9076686410495678,36.12698543812601,672
IMG_17689,19.038731095984605,-88.4178395479543,497
IMG_17690,-7.141513330020229,113.37243969322608,844
IMG_17691,48.40429397829293,-118.21068432356849,242
IMG_17692,-37.07172736401057,175.03785300563294,214
IMG_17693,13.894133217840103,101.03912746969078,44
IMG_17694,-27.751692277144617,31.16491714080109,530
IMG_17695,55.40978738686075,60.76761780762381,843
IMG_17696,25.774318523773907,-105.79937367849392,38
IMG_17697,15.92226782712246,103.40087133864792,769
IMG_17698,51.73610576659824,46.21576910248488,882
IMG_17699,37.81056535421603,21.993486056632893,655
IMG_17700,-25.82009422423372,139.6073395951707,128
IMG_17701,46.98451756902541,-122.76187820336597,319
IMG_17702,-31.051949400514648,-56.04942725361969,155
IMG_17703,51.8210516802358,108.21998295135324,669
IMG_17704,16.728300049434463,76.92551106521768,409
IMG_17705,19.492648543305965,99.98799190674848,520
IMG_17706,16.867783361081283,120.38900642820676,272
IMG_17707,47.3351467910663,4.94045981216028,381
IMG_17708,-40.60507709220715,-73.15309408806549,395
IMG_17709,-32.574642393110324,117.841810140079,480
IMG_17710,-34.43112405242254,-56.15153059801857,9
IMG_17711,24.57595681433673,77.53297365495757,983
IMG_17712,-25.38603442643444,27.968349457727943,629
IMG_17713,-0.4362973893988716,36.96470508501442,136
IMG_17714,35.449063991946,11.02004474501882,490
IMG_17715,55.53110643825113,71.37218094013917,569
IMG_17716,-33.7345727964838,115.2778884313551,238
IMG_17717,-33.41798078382461,-66.84192823183595,664
IMG_17718,-33.005754711997774,-54.4422398870794,559
IMG_17719,-39.70450245409301,-68.47159241755851,710
IMG_17720,46.96726542320679,-84.73535744892006,397
IMG_17721,-25.589930237067417,28.09923932383635,629
IMG_17722,21.72999150730137,72.11035631613197,758
IMG_17723,40.463105839720086,-7.64376558433196,337
IMG_17724,5.06017675363279,6.553522575790808,995
IMG_17725,-46.24671839839523,168.41333086873874,232
IMG_17726,7.3393943357126785,9.015242331157406,84
IMG_17727,-37.61692081973063,-72.6440818808428,682
IMG_17728,-35.54938423799735,138.61952185885588,706
IMG_17729,11.090350545267873,7.531870994110948,427
IMG_17730,55.25079061791098,41.04280125557317,478
IMG_17731,47.05251106188844,27.80013728852723,692
IMG_17732,48.371961648975926,-102.92922568148452,526
IMG_17733,-29.46637576147721,27.99229450605929,524
IMG_17734,26.25506361273993,72.86595916214428,879
IMG_17735,-39.908922152354286,176.60309622685912,792
IMG_17736,-36.11082991077628,-60.95765599928662,439
IMG_17737,23.332451916238632,73.1633999536928,129
IMG_17738,32.800658229136985,-85.63443246967563,579
IMG_17739,-34.76200179288537,-66.61051682879383,664
IMG_17740,-32.28955219306632,125.32820439555944,266
IMG_17741,44.18078713236893,43.14586937896224,418
IMG_17742,42.925192296911234,-8.316173702948676,209
IMG_17743,10.961996028241638,124.95030510476565,91
IMG_17744,-20.610392082948188,-49.29370975685264,390
IMG_17745,-34.64395894809348,137.76238795246684,706
IMG_17746,-35.99643678931576,173.88299539512326,214
IMG_17747,-27.6025960625537,23.44891538588134,466
IMG_17748,-34.774766339534615,145.94034188863083,857
IMG_17749,16.457237467918453,99.9058921243958,866
IMG_17750,-37.98732066344285,146.77878224378665,285
IMG_17751,13.682717437878456,100.3472401967581,44
IMG_17752,-26.14683272762464,29.764161922526988,235
IMG_17753,-35.303704978680344,-68.22909841246141,935
IMG_17754,33.67174885195996,35.467300733034335,173
IMG_17755,-7.930074605523693,110.31357863826985,153
IMG_17756,-32.47168038648182,116.60854326434364,480
IMG_17757,36.242352856905285,-115.26038877011352,307
IMG_17758,52.50568262488995,34.509630774415925,604
IMG_17759,-12.025034250546456,-44.25797622444904,702
IMG_17760,-31.90544450490724,26.824296468142247,388
IMG_17761,46.19602362827799,15.857107647307704,201
IMG_17762,-24.89932748306881,30.75224349158876,941
IMG_17763,52.222382543277405,16.65968796140205,278
IMG_17764,26.587427137223298,88.27492767881984,697
IMG_17765,-38.43863743954518,-69.43916248641668,322
IMG_17766,-27.0288264976818,28.592031586585644,235
IMG_17767,57.30296238024131,88.13850202998822,373
IMG_17768,-38.13883995143351,145.94517070897834,285
IMG_17769,-30.943918983913164,145.36511240565162,244
IMG_17770,64.37915243264699,27.39299835373063,364
IMG_17771,-32.5111684383428,21.81685380245932,110
IMG_17772,44.65573077686128,-69.2392462501749,781
IMG_17773,-33.15129247827966,-70.89235342258296,979
IMG_17774,-36.13573395847739,174.28321554830563,214
IMG_17775,21.71146543726499,70.21749565492098,958
IMG_17776,1.7607869877508286,35.489564631600906,825
IMG_17777,56.00420439464348,36.304450312354085,279
IMG_17778,32.94348984715449,-84.35831709299396,579
IMG_17779,-1.209146255599732,37.46566321002445,672
IMG_17780,33.786943419118266,-80.0375729113714,241
IMG_17781,56.153212202872304,-5.276815769405122,988
IMG_17782,51.50345191402237,-111.70852432835396,641
IMG_17783,19.34716523427676,-98.90871770617194,726
IMG_17784,-18.30140378776764,144.76432682570925,871
IMG_17785,45.62706267218753,10.127922982677887,218
IMG_17786,-32.488637700591894,22.563263617472,876
IMG_17787,-21.893119823614853,-49.06038730140156,390
IMG_17788,-33.70482309066616,-57.51879454457838,9
IMG_17789,60.55883201367536,13.102181061238822,121
IMG_17790,40.18497165008771,-82.75749432394932,191
IMG_17791,17.079934320221756,101.05353892967427,324
IMG_17792,-33.16900366143268,-64.05529683965464,67
IMG_17793,6.221357815698588,-1.2064847341691247,874
IMG_17794,-35.787655172267975,-57.40178629766061,527
IMG_17795,-32.22886261640026,25.722293784437635,388
IMG_17796,-33.26051197636646,20.28693460240133,110
IMG_17797,51.20429923266698,38.13688451291768,185
IMG_17798,0.9823476948076392,39.43605976745491,36
IMG_17799,-41.27012900293166,-68.88798332989182,710
IMG_17800,-30.97896256473726,-53.64235747885363,559
IMG_17801,37.823336235208274,-86.95389030645455,932
IMG_17802,40.46182111634167,9.67463875772766,489
IMG_17803,32.77075081154004,-16.864648390808252,855
IMG_17804,42.45232667727483,-111.70622055395675,408
IMG_17805,-35.24053048364345,-59.47580131976399,667
IMG_17806,-23.10830715177548,21.728837793336783,951
IMG_17807,13.010552268049484,79.19249153806092,778
IMG_17808,31.660769212795675,34.641057207129414,441
IMG_17809,32.4700001982424,-89.3112065867133,54
IMG_17810,39.11564554873021,-1.598283885645044,727
IMG_17811,41.528329685243456,-5.005768078793029,565
IMG_17812,-36.99499958524411,-72.43917087394576,682
IMG_17813,-28.887025186268747,115.08261776801878,817
IMG_17814,-21.43525062835876,25.61972039147801,886
IMG_17815,30.177792317549965,35.13234966635126,441
IMG_17816,-40.77660378510365,-68.17402831924734,710
IMG_17817,-6.311012432980007,-35.31610876162735,344
IMG_17818,42.99721738769741,-116.29848147730677,973
IMG_17819,-8.062209752080102,110.70482801883952,153
IMG_17820,-25.7050370456094,27.80301407409775,629
IMG_17821,43.891065172491295,-88.07597192193279,32
IMG_17822,55.29162536868775,11.702348443863109,644
IMG_17823,-30.80024525596832,26.77694048853485,524
IMG_17824,38.16730199248081,-79.07928831065394,547
IMG_17825,-31.90094796193144,-56.01792374787957,155
IMG_17826,17.572267674251957,103.5997923748178,769
IMG_17827,15.37457207699263,-16.487116655351844,649
IMG_17828,34.91327146007742,-97.7682993599863,327
IMG_17829,-30.13807369097709,-51.14212946305696,81
IMG_17830,14.52791650535405,-17.007401086287594,649
IMG_17831,-7.87527818578997,110.4439285146918,153
IMG_17832,-0.7285170671651846,34.72923591184822,410
IMG_17833,-0.4168134081809284,37.07195055590709,136
IMG_17834,-37.74142049082657,144.4027062767042,972
IMG_17835,-7.524960362830115,110.89403226768304,153
IMG_17836,55.96413429897949,35.512865455831715,279
IMG_17837,12.886920584141752,-14.925263006206254,771
IMG_17838,-32.99550096423852,-60.6969948641412,806
IMG_17839,5.961112056939947,1.008778193730274,874
IMG_17840,18.118060079674454,120.57939380262262,272
IMG_17841,14.287229623385512,100.54125054725822,44
IMG_17842,42.2291221624213,-5.089698964487064,565
IMG_17843,31.12033745359042,-81.86624364120513,638
IMG_17844,-31.66600884854613,116.86112035775932,615
IMG_17845,-42.75326621313621,147.5035084549361,906
IMG_17846,-24.43501275681061,-50.72939544882196,984
IMG_17847,54.18066134268983,18.089672058594378,971
IMG_17848,63.381782545721165,67.00810295670148,723
IMG_17849,41.540818630456165,-81.39073207516083,191
IMG_17850,-37.82938696168442,143.60239459723027,972
IMG_17851,46.94296274273657,9.580544348472737,218
IMG_17852,52.72726759688783,-2.1417294379387863,16
IMG_17853,17.61136798636931,76.39496253236885,409
IMG_17854,-34.081900267973225,141.40573604525957,908
IMG_17855,-41.32136583326127,-69.84647424392315,109
IMG_17856,-0.1507216737988074,111.41395212185849,11
IMG_17857,35.951856836596285,-78.94197575774697,696
IMG_17858,-36.5705867460621,-72.95989423747922,682
IMG_17859,45.90914795472584,11.03224055134378,218
IMG_17860,-30.802119520681494,21.7649367001017,957
IMG_17861,-30.375793934647582,-69.63210795906888,310
IMG_17862,12.9683254839893,102.38249907112694,44
IMG_17863,42.05491059725964,-88.43038502652786,852
IMG_17864,6.623382680839523,-73.08524403786603,42
IMG_17865,54.56415665499612,38.839780268240965,848
IMG_17866,44.11994231590824,145.07937747906803,495
IMG_17867,-33.49604714279552,150.79600089081964,197
IMG_17868,52.75564608125695,-107.17821270686429,847
IMG_17869,40.99443686045194,27.629612219765825,590
IMG_17870,36.0481771096041,-76.46653068740937,696
IMG_17871,11.19393345042841,79.25803129618775,778
IMG_17872,-38.194246409412926,175.21493334768357,792
IMG_17873,32.29796457902747,35.01073543401136,441
IMG_17874,35.80672829250582,140.47206521893798,786
IMG_17875,-28.29026212053068,30.10623995837168,530
IMG_17876,18.788837879608128,79.89848924940888,865
IMG_17877,47.51388714853949,0.25269843473075,802
IMG_17878,36.57762963618976,140.63329669719644,786
IMG_17879,-31.47521404810692,118.1574724042209,509
IMG_17880,65.01571372459597,17.706214998972875,807
IMG_17881,-38.15974611865133,176.35177949770423,792
IMG_17882,22.74234786048349,73.71954088805423,129
IMG_17883,56.74559270650949,104.67663829047564,61
IMG_17884,-23.03565932364861,139.7951121084138,850
IMG_17885,12.135878443706977,8.382205425629289,427
IMG_17886,-34.560535933554554,-61.224440380594096,439
IMG_17887,34.966121042955095,136.53114853162708,315
IMG_17888,-47.08472006314663,-72.39321162759525,45
IMG_17889,37.60842498779887,-84.71593831962723,932
IMG_17890,34.429074250712475,133.1931936290592,625
IMG_17891,38.61423876421091,-0.6777945398681325,727
IMG_17892,60.58660493946781,24.78517481744552,811
IMG_17893,-34.52355991911273,150.7413300082806,197
IMG_17894,41.74646196459926,140.60166797134826,83
IMG_17895,24.02030455675534,77.11831811629946,983
IMG_17896,-45.988583981685736,-68.21900414716767,907
IMG_17897,-33.080382423806235,-64.48498269745097,67
IMG_17898,47.049528892635934,-96.58511918894034,281
IMG_17899,-33.516293218381975,-70.57696736638879,979
IMG_17900,-31.613656489358384,-56.392954863765446,155
IMG_17901,43.6392014773724,-76.01766574780719,774
IMG_17902,43.40542653280762,-84.03456945229551,608
IMG_17903,53.90246221317038,58.47544829169876,843
IMG_17904,10.833804380786797,-0.9973637764834278,295
IMG_17905,21.745393370183475,69.89084274426604,958
IMG_17906,-36.72761588598724,142.4753906120552,562
IMG_17907,28.164600351316505,77.79081592927402,978
IMG_17908,15.98757656410979,120.27507898055036,272
IMG_17909,10.486163802339934,-2.796814976993452,830
IMG_17910,32.158118241217366,-95.8756582380126,127
IMG_17911,-33.63987269624687,22.162336594699745,876
IMG_17912,7.786002437660254,4.791230139795626,492
IMG_17913,-34.39805915230763,-65.34406426636349,664
IMG_17914,-37.7589709069029,144.87377250683403,285
IMG_17915,29.64427400335879,-81.7062235427379,638
IMG_17916,-32.93687827189148,-69.21567406243122,577
IMG_17917,-26.34696962979553,26.247546272157194,62
IMG_17918,5.552456352159663,-0.2508626103405872,874
IMG_17919,-34.6732129830244,-71.48659689334664,23
IMG_17920,35.77793526229561,-81.24465844386944,241
IMG_17921,-44.29934411874721,169.87529872311626,775
IMG_17922,-31.23312315333342,28.24166932224923,524
IMG_17923,-1.8166137577348007,116.0840707847624,956
IMG_17924,-35.477872683753915,-71.58688638429454,23
IMG_17925,46.60768291385396,143.02237610521746,367
IMG_17926,34.924725138934164,-76.36506916799702,696
IMG_17927,39.20248291731667,-89.4335624854557,404
IMG_17928,22.577951074603103,90.1536307622902,313
IMG_17929,39.79783770377355,-81.73284121397647,191
IMG_17930,-30.374566026429687,-53.560276235223846,81
IMG_17931,36.115090274320366,-120.30769429895128,761
IMG_17932,6.173928905925422,-1.684370647999805,874
IMG_17933,42.87776163349565,26.17633720216505,654
IMG_17934,52.657608865652975,39.72792472697982,59
IMG_17935,-39.17163416814222,174.08897399930515,34
IMG_17936,-28.89871698196029,152.63733870836305,636
IMG_17937,-31.824837635235287,152.5128830371732,523
IMG_17938,32.126823122897406,34.797718735603,441
IMG_17939,-23.21461878851137,28.34850903336853,712
IMG_17940,-28.476751297875875,21.193677552373483,314
IMG_17941,52.616131166060775,-7.736969329203669,720
IMG_17942,-43.017434235158575,147.72270247640742,906
IMG_17943,-27.515738169836187,28.41842375302707,587
IMG_17944,56.8622493436622,35.960155361728184,279
IMG_17945,42.95514690577716,-5.592759953268402,565
IMG_17946,-26.074426249743706,28.526421881952704,235
IMG_17947,46.03971141274509,-67.67399886682054,781
IMG_17948,28.347751970403888,77.81082778918464,978
IMG_17949,36.036155222678175,-116.19273594348412,307
IMG_17950,-35.0024086380733,145.97463677245415,857
IMG_17951,-31.366155103895345,-64.50578317449849,881
IMG_17952,-27.77520787324045,-54.70719936599991,602
IMG_17953,32.115768340683,35.014663954039186,441
IMG_17954,-45.178009857734864,169.38303705379684,232
IMG_17955,-8.121852451796435,115.1677093264669,521
IMG_17956,-34.991935996567705,-62.928060413700976,439
IMG_17957,-26.49427787004308,31.38336009633172,941
IMG_17958,6.749741333643481,0.3546372330345292,874
IMG_17959,17.56373813222656,101.82924421575116,324
IMG_17960,40.61619964236279,39.33553648390081,717
IMG_17961,30.191695506475988,-91.84722484854753,637
IMG_17962,61.7090789031098,16.16172380756141,571
IMG_17963,28.166970398113587,-16.539554345560155,763
IMG_17964,-29.19505200899292,115.90396072218438,817
IMG_17965,40.09620956465558,-98.86142451869785,917
IMG_17966,-34.792394140858605,-54.92503088344591,9
IMG_17967,14.913074268153911,104.6434631527684,479
IMG_17968,9.675296143689325,8.495531072337426,566
IMG_17969,55.68733679373822,24.916003428951026,646
IMG_17970,-41.12316610400924,-66.03807421629257,710
IMG_17971,-41.062425398772994,147.6026766557574,487
IMG_17972,15.42195618810017,120.72972070991162,272
IMG_17973,-19.60470636115071,-42.29541605533036,106
IMG_17974,-24.64649357412545,25.898091645562943,371
IMG_17975,12.382306855535964,76.33563379488113,338
IMG_17976,-20.491955453990485,-49.69196475006628,390
IMG_17977,-34.21540271788045,-57.73582766026015,667
IMG_17978,-29.184696817956127,21.16361698410964,314
IMG_17979,-31.96485908018647,-60.94459345519144,318
IMG_17980,26.22223958161485,-97.66242384893764,384
IMG_17981,-36.25281364502354,140.59147158511743,126
IMG_17982,54.30562102389651,60.463554328714345,843
IMG_17983,-44.76943269466151,-65.69610643882676,446
IMG_17984,48.05444462140117,-122.2885449929216,319
IMG_17985,41.66595214133384,-84.42581446612962,968
IMG_17986,57.94891364270629,25.17455173653656,368
IMG_17987,40.3635389157429,-96.32054264677824,635
IMG_17988,65.8935024387858,33.11873470950746,75
IMG_17989,31.03834738036428,-93.28999500227168,89
IMG_17990,-33.27991354719985,-62.27784292565675,630
IMG_17991,45.12507794940829,39.824600973572686,925
IMG_17992,-36.53196586860584,-64.59729370242518,196
IMG_17993,-36.90697332400372,-71.4240727954366,999
IMG_17994,47.16397905704036,17.58756650997649,605
IMG_17995,-38.0171232773936,-70.05823411779797,322
IMG_17996,-30.94576472273928,117.06508461664129,509
IMG_17997,23.540243159049627,87.31031275050857,313
IMG_17998,-27.943010038899427,29.8018406973332,530
IMG_17999,-37.31633699435017,142.76838270907697,562
IMG_18000,40.71373515595877,-81.25016773325834,191
IMG_18001,26.399809539381167,75.61134745719828,268
IMG_18002,4.788074330509648,6.999085294190331,995
IMG_18003,21.95741359249283,73.87923102054287,129
IMG_18004,44.30497886260423,-72.53036289969815,648
IMG_18005,28.06524638956563,-15.458558095475489,763
IMG_18006,-35.807191097523884,137.6755850746172,400
IMG_18007,-40.68475303484994,-66.15944900150875,710
IMG_18008,-34.256751945252304,137.72964914673753,706
IMG_18009,-34.3748315622776,-56.60013125620639,9
IMG_18010,14.788518474474726,-17.351532216599136,649
IMG_18011,14.4304626069408,100.40193920458138,44
IMG_18012,22.06538534720102,78.03974972744916,261
IMG_18013,16.303277980812396,100.16926657522806,866
IMG_18014,43.28921684933375,144.63307374475525,495
IMG_18015,-35.87002979510168,-57.43269190426035,527
IMG_18016,15.058294328985758,120.55578497008538,991
IMG_18017,-42.96170270747227,147.88500675901085,906
IMG_18018,62.308768142323935,28.34702443947506,992
IMG_18019,50.72064319077093,16.471400932592136,623
IMG_18020,12.718546020737811,101.07586440370896,44
IMG_18021,-34.10862051590597,148.47611198158685,546
IMG_18022,50.14809325243044,-125.25327724223038,783
IMG_18023,42.18755342351521,0.3385845987896353,607
IMG_18024,49.3130287120925,13.53420711463925,477
IMG_18025,54.267906324048354,24.17393804646936,176
IMG_18026,9.006996905686819,-0.0147019998203116,295
IMG_18027,11.666312764001692,4.492011599314195,49
IMG_18028,48.682869426773856,-119.4682584164169,242
IMG_18029,52.52141812062073,-113.00141877557895,351
IMG_18030,-34.07931892111646,-63.73943008769275,664
IMG_18031,34.767431300221546,10.802621940138277,490
IMG_18032,53.96307048105078,87.08753366050102,425
IMG_18033,-8.239807238974322,115.03359840464614,521
IMG_18034,-35.47133912264238,174.0971068841812,214
IMG_18035,27.354196701056697,73.3203099654583,879
IMG_18036,-41.49640045688732,-73.12105343939604,573
IMG_18037,14.132976122245822,101.53025645482684,44
IMG_18038,-36.29946051612067,142.08990575663867,562
IMG_18039,41.93616579355368,2.222365014474776,607
IMG_18040,-26.98910294500862,26.232791335199657,62
IMG_18041,32.12531995573332,35.22135257021701,441
IMG_18042,-37.68502081657068,143.86668653284374,972
IMG_18043,43.73094679797139,142.42019658123604,495
IMG_18044,-47.26743499241324,-66.08941449074186,446
IMG_18045,46.31988768563981,16.756359346433015,605
IMG_18046,-20.226583320704183,23.79370651247749,219
IMG_18047,44.98412142671096,3.784201468078772,757
IMG_18048,35.8544629015161,140.38556737498655,786
IMG_18049,-33.60190032133849,-69.30049369916618,577
IMG_18050,-30.60873977325247,25.9750408746104,576
IMG_18051,-7.217508036163851,110.84010176957256,153
IMG_18052,61.71875123768052,50.77395390170182,1
IMG_18053,13.12600807151423,99.95063318710928,44
IMG_18054,54.30632879951688,86.52655425086151,425
IMG_18055,-30.57892835793071,25.19122486413449,576
IMG_18056,-25.694433934775663,31.74868733062028,941
IMG_18057,24.872128811437864,92.43086675115568,313
IMG_18058,-49.41193619477357,-71.52882003444527,332
IMG_18059,15.834505623253763,103.36934952905013,769
IMG_18060,45.66225481451569,-73.6253792919453,648
IMG_18061,60.811797658148045,9.5488184075332,121
IMG_18062,40.7601228348782,31.30626830797957,308
IMG_18063,7.871818247504197,0.531626931023932,874
IMG_18064,-27.18239137078604,24.162606499872567,466
IMG_18065,-32.91101310216673,-68.64999080202927,577
IMG_18066,-30.08743077126148,-71.12920456639202,462
IMG_18067,39.9192373036295,-7.832466005185394,337
IMG_18068,-8.690338518748232,120.2430312462733,797
IMG_18069,50.55539262551822,17.60490383798253,623
IMG_18070,-10.76749862219809,-37.84930104932604,177
IMG_18071,-40.38735496925119,-71.24627539276875,395
IMG_18072,-31.636734196480976,-55.42879202343377,155
IMG_18073,9.50606556059487,-0.8434950505490747,295
IMG_18074,-33.47714849450105,18.688035973954545,618
IMG_18075,45.44303187546187,18.622003287826505,374
IMG_18076,-24.653350325752232,-53.673995903868175,233
IMG_18077,-0.2229785511949,34.255285368480884,410
IMG_18078,-34.37770707246064,137.6328225101555,706
IMG_18079,45.43312317996898,-73.30792309346722,648
IMG_18080,35.886048859402216,139.73931397411488,786
IMG_18081,35.40068877441777,-119.16073023576716,761
IMG_18082,-35.28889797345603,-59.66091353203792,667
IMG_18083,-33.60929845525676,-69.14263342965131,577
IMG_18084,56.18245480957946,41.47224917406678,412
IMG_18085,39.48733954950484,-86.99807726449622,440
IMG_18086,-33.62136167019879,151.14669715738353,197
IMG_18087,40.5874760392874,140.7340748733784,83
IMG_18088,61.66168777757009,23.77730491312668,811
IMG_18089,-29.981745075936388,27.028518519869017,524
IMG_18090,-26.69340766755337,26.66203932505337,629
IMG_18091,-34.98292489416638,118.02274554885614,890
IMG_18092,42.8990084694631,-8.800342066176873,209
IMG_18093,18.780058199453347,98.83242097599825,520
IMG_18094,26.501842957618138,-106.36231142167452,38
IMG_18095,43.67835436539188,-0.7464631117403101,362
IMG_18096,-41.1691425723271,175.59454777245173,34
IMG_18097,64.11564256436205,145.23117859683714,377
IMG_18098,11.563825251830586,8.606413970724923,427
IMG_18099,-35.0385638449006,-58.71550179818645,667
IMG_18100,-31.78603231415519,116.77745882316952,615
IMG_18101,-35.23657476058803,140.96615168634483,908
IMG_18102,-54.70510943163024,-67.83605756372731,812
IMG_18103,39.408476685489326,16.972963274812034,208
IMG_18104,53.26113142422746,6.596177851926181,363
IMG_18105,53.00430775444436,105.65899321775684,669
IMG_18106,-54.22506147274433,-67.20801086585351,812
IMG_18107,-3.511496377567851,38.74169532265208,675
IMG_18108,-7.950447770934968,-78.2755898461423,528
IMG_18109,-29.959524324451216,25.82583153570892,576
IMG_18110,-24.603549099173183,29.71577256360468,386
IMG_18111,3.9245538638381614,-76.47199662309953,282
IMG_18112,6.699498661042005,6.3046966632734325,183
IMG_18113,0.0524181275983106,37.72565177929174,136
IMG_18114,-45.765729428515016,168.2111780562346,232
IMG_18115,6.730454123608882,4.378567826670781,555
IMG_18116,-36.0505703533493,140.27134953571866,126
IMG_18117,-24.55906560737891,30.354684804552697,386
IMG_18118,-34.08260034081152,-56.08758283245921,9
IMG_18119,25.76072034114937,75.3917619420393,268
IMG_18120,16.67754748451848,-92.15558820802032,497
IMG_18121,-27.13738185604609,26.70620278826033,62
IMG_18122,-51.69788055018163,-69.80607642766812,472
IMG_18123,20.68206946939425,73.39459940129647,758
IMG_18124,43.495824083586086,-5.446967727584312,685
IMG_18125,23.14528484701935,90.396421918403,313
IMG_18126,-34.22700803324882,146.21008231272515,857
IMG_18127,-52.02798860734418,-71.76813738461308,472
IMG_18128,-38.90732425005572,-72.20160973910748,395
IMG_18129,-34.00290925902957,22.47747276207299,876
IMG_18130,45.60365512937361,-93.7722863196441,376
IMG_18131,49.31904155737472,2.5849510868305674,340
IMG_18132,57.975950484766045,11.900829157664404,779
IMG_18133,48.45343606561718,-3.999726055109325,534
IMG_18134,-30.10924788867084,-50.94373813104831,81
IMG_18135,36.37155697640328,-84.76048945210174,898
IMG_18136,-32.508688902382346,-57.86085970268952,806
IMG_18137,-6.497137338712644,111.04771672026254,153
IMG_18138,-34.30639642912398,-70.9905466341747,23
IMG_18139,63.41042819135205,19.205728526465133,21
IMG_18140,36.916212960299,-121.83825019170148,499
IMG_18141,25.87901433604384,-102.91095228954012,38
IMG_18142,43.91806072031248,26.398555630055792,236
IMG_18143,-25.00845670672635,28.426864778131552,10
IMG_18144,5.888890194615546,7.882567605197429,183
IMG_18145,-29.058419789491666,26.38413970014985,524
IMG_18146,-34.88601066390374,-58.39803696797016,667
IMG_18147,-34.613282156980574,-58.90054928526345,667
IMG_18148,-30.159665845966465,-64.14272250698565,881
IMG_18149,-0.5498883322369083,34.93416890838882,410
IMG_18150,-32.19987908760052,-64.0382919947348,67
IMG_18151,55.32250120980673,42.09291122559231,412
IMG_18152,40.99537029741431,140.35189008602228,83
IMG_18153,-37.10358579036792,174.82783871675892,214
IMG_18154,-34.59460041271844,-58.40105763442359,667
IMG_18155,-38.07591925356116,145.7428608208704,285
IMG_18156,28.11353467855755,-16.767674466609705,763
IMG_18157,34.75135574871107,133.3190129283013,625
IMG_18158,-30.04166515760085,-52.90105337640955,81
IMG_18159,40.30837290931164,-85.06258571995598,440
IMG_18160,-38.57992425269748,-64.07040471328882,772
IMG_18161,-40.5867734591099,175.77144989554293,34
IMG_18162,-28.999558029204984,147.8262824288124,244
IMG_18163,38.41322443560878,-0.5156426888565585,727
IMG_18164,-33.959234957730665,115.2411301893823,238
IMG_18165,-29.0301296462058,114.8263501304949,817
IMG_18166,25.653488827193687,51.50137605393003,249
IMG_18167,-38.204021149234855,142.61817442149825,972
IMG_18168,45.047591659325,11.008892862446382,218
IMG_18169,41.21378634884845,24.354172565397405,342
IMG_18170,32.07771684485389,34.94961906480299,441
IMG_18171,-27.829597854875782,23.01220833584864,466
IMG_18172,39.74001339350515,-5.598612720816655,29
IMG_18173,52.28592895602027,1.0416519545592733,919
IMG_18174,45.75824336448801,13.103026870992654,674
IMG_18175,-32.34228484600258,-62.85767779013733,550
IMG_18176,51.25214147359274,-1.3980124273993395,919
IMG_18177,-40.158123372274005,-71.34021340116755,395
IMG_18178,53.33691728000893,-60.41193023400142,350
IMG_18179,31.919563659177243,130.51153012608356,33
IMG_18180,-33.21647635930503,-65.87646814552771,664
IMG_18181,0.3073140332569595,32.62141903254514,240
IMG_18182,-34.673992007020416,-68.330004165955,935
IMG_18183,12.601072056977996,-16.059430213386268,771
IMG_18184,8.965382194497574,11.37996574743081,742
IMG_18185,45.50995776517609,6.446828511880921,686
IMG_18186,-33.2892306762228,18.802485838953988,618
IMG_18187,22.107345934532475,73.98513586727017,129
IMG_18188,-34.12982413026303,21.79947379145928,110
IMG_18189,15.478565849645202,100.49018866736226,866
IMG_18190,-30.00070518809613,-51.1093068733862,81
IMG_18191,45.61104580542,-77.52887876208973,256
IMG_18192,23.36854088630613,77.7957572904193,983
IMG_18193,67.18789473351258,15.709361160482706,622
IMG_18194,55.55376631731865,62.07500755533227,843
IMG_18195,34.589967881976186,132.8992572577343,625
IMG_18196,51.43057798809099,20.221460265936464,875
IMG_18197,43.41136861588701,-5.185240146397503,685
IMG_18198,47.32670477794431,-1.2671418102225909,534
IMG_18199,-31.81458377939661,28.575657920578685,764
IMG_18200,0.1984166580233096,37.93433234469983,136
IMG_18201,-39.56929096259961,-72.17856067124934,395
IMG_18202,12.968294755593115,79.2271933207251,778
IMG_18203,36.134640483729264,-76.65868867091127,696
IMG_18204,49.98897359616758,-96.95111267892372,693
IMG_18205,-40.3149624653053,-67.78519036525711,710
IMG_18206,-22.342771763505784,142.85202775182,348
IMG_18207,40.836373270824346,0.1804774828926008,607
IMG_18208,53.51893565885256,-113.40779811138007,517
IMG_18209,-28.94940613445576,147.8438233289384,244
IMG_18210,62.477535668340586,49.78944803162242,1
IMG_18211,54.19342030046906,-9.323634127009134,125
IMG_18212,-33.93923545565491,-71.76533880267246,23
IMG_18213,37.41962537988713,-88.01336980990301,404
IMG_18214,-38.20311046720222,145.08173828498082,285
IMG_18215,32.98428466566614,131.61048432090743,33
IMG_18216,-31.49704314733417,116.2063871893017,615
IMG_18217,-22.00386924332277,-54.046550982320376,813
IMG_18218,-42.0271804602442,-65.10867625852003,269
IMG_18219,45.12431017026385,28.842145772281302,236
IMG_18220,38.05777354245528,-102.6168094540514,345
IMG_18221,20.16507986285461,77.37813002101939,261
IMG_18222,34.37134246161619,136.02701122542862,315
IMG_18223,-19.095500906785663,145.2583028416804,871
IMG_18224,39.993573323087865,-82.56354723963757,191
IMG_18225,23.21779781414848,-106.21271218708668,38
IMG_18226,37.4196535019361,22.060503927974885,655
IMG_18227,6.668330793191228,3.665851234562047,555
IMG_18228,-40.757627354623416,-73.1550095194624,395
IMG_18229,38.23554619456681,20.59718608409539,655
IMG_18230,-27.849654695195014,22.99371013194559,466
IMG_18231,37.86874795850446,-97.64373992530126,708
IMG_18232,-32.958279416040305,-62.15117621425578,630
IMG_18233,-38.9611812982831,-63.87390637911968,772
IMG_18234,-8.37418313728244,114.0671557536352,521
IMG_18235,-33.31199827175054,-60.2253307866667,806
IMG_18236,-34.87024762597778,148.26935816483325,546
IMG_18237,-33.68783358573941,22.269005236829543,876
IMG_18238,28.974600401983608,-81.96202214212975,638
IMG_18239,26.280961227204976,75.40008873190597,268
IMG_18240,10.262473236199533,119.28128964390731,171
IMG_18241,-33.5509153561096,-59.89600799688528,806
IMG_18242,0.0076711404150196,36.100641342850615,136
IMG_18243,-43.283849239809605,-65.48633879466854,269
IMG_18244,51.56956551953708,35.86406174833652,185
IMG_18245,-37.80483741858271,145.6547868046371,285
IMG_18246,47.60272300714625,-101.98815805998797,526
IMG_18247,-34.8407994984962,-56.24700474430378,9
IMG_18248,-37.79753732029446,148.56101134958635,263
IMG_18249,-15.88113787648832,-39.66304676600663,432
IMG_18250,35.9449325433242,-78.77187605196458,696
IMG_18251,42.01675445990022,-80.32295326950079,774
IMG_18252,13.876456869604086,100.10898643568,44
IMG_18253,-36.73325290197964,149.80526413885528,263
IMG_18254,37.67120452200552,21.598070108069127,655
IMG_18255,-7.529732458040584,111.90763737580092,844
IMG_18256,-37.46341603652646,175.15723247896827,792
IMG_18257,23.343421285265773,77.78116699913761,983
IMG_18258,-33.754661449223406,-57.30555384059645,9
IMG_18259,42.28582627492131,-85.7454147564037,968
IMG_18260,43.85983403219044,0.5924546631526474,362
IMG_18261,18.75079642572121,100.87431125856118,324
IMG_18262,0.1190855209462734,34.30019977544394,410
IMG_18263,39.00751587535339,-0.6965091159592733,727
IMG_18264,18.77878196583672,82.28412171359777,865
IMG_18265,-33.83882094939924,-71.52043601650459,23
IMG_18266,54.42438694004433,74.79045901743625,858
IMG_18267,41.24642131728895,-86.50524030192832,968
IMG_18268,-34.8730818740972,118.18301394247872,890
IMG_18269,-38.02558307628094,176.18818040969603,792
IMG_18270,46.03674619526349,2.881242885616717,76
IMG_18271,53.44824294488722,-2.8615174342139307,212
IMG_18272,-36.620700042800365,-72.94601115321886,682
IMG_18273,36.79393813601048,140.4856931762533,786
IMG_18274,39.620236465830935,9.343867596479583,489
IMG_18275,36.81717899616804,-2.155048637629545,366
IMG_18276,-37.89451256545541,176.51442653355676,792
IMG_18277,-36.6866454195708,-72.60294527118548,682
IMG_18278,-42.82162021540213,-73.49625797029954,573
IMG_18279,40.55783424682336,-88.91053870552474,852
IMG_18280,22.52912935112915,72.9994775651971,129
IMG_18281,-34.767401524534534,150.11435033873778,197
IMG_18282,33.465634496476675,-112.68582824664604,819
IMG_18283,19.076917899755987,-88.78553710404536,497
IMG_18284,19.135610542913724,74.71471094111439,516
IMG_18285,24.23066752907353,120.6986645877386,170
IMG_18286,12.987908731043651,79.13680503557671,778
IMG_18287,48.47803989543422,-0.7606033503211315,534
IMG_18288,60.2227146945228,9.36682616172732,121
IMG_18289,43.2273840213073,-108.5595067875668,592
IMG_18290,33.514658811444434,-89.67370269615984,423
IMG_18291,36.182217284043645,128.35312844951986,829
IMG_18292,-45.41691842909363,-67.46796783860215,446
IMG_18293,-36.12440653958921,-59.180232123264,527
IMG_18294,56.77601255750737,14.717356963838562,60
IMG_18295,15.42157006892294,104.07214846456056,479
IMG_18296,-29.67103884261533,31.103350065269588,144
IMG_18297,8.597607817356597,4.657784446002763,492
IMG_18298,44.94272782955589,-90.5619777638746,501
IMG_18299,-25.95673341785811,28.25620780526433,235
IMG_18300,6.358971931023782,8.671035754927313,84
IMG_18301,42.94912908116989,74.57916348358813,157
IMG_18302,-38.7328952257934,-72.82865239669285,395
IMG_18303,-32.858723288154955,-57.07010122454708,9
IMG_18304,-39.04143529768792,-67.71070582494144,322
IMG_18305,-20.826283473050385,144.2099419624495,871
IMG_18306,-37.28585848474443,-72.93802261437499,682
IMG_18307,-41.30585883144327,175.22481552262636,34
IMG_18308,-6.893367874751088,111.67948267194993,844
IMG_18309,15.582035820154156,100.17386790040284,866
IMG_18310,31.119533128935995,-84.08636678303415,579
IMG_18311,18.128161973902607,103.65116497644388,769
IMG_18312,55.71468380986906,72.0638625053042,569
IMG_18313,43.83057237532133,-72.57136788175993,68
IMG_18314,-36.83789438078704,143.93749367733238,972
IMG_18315,-33.87925828274652,151.007051489555,197
IMG_18316,56.46571546887773,24.553831474442568,646
IMG_18317,-42.22511280279171,-70.62410990142874,109
IMG_18318,52.66270543552565,-0.9785973697263238,16
IMG_18319,-26.19909706271189,28.55531847197769,235
IMG_18320,-34.01731907917725,18.701849400157823,618
IMG_18321,44.78158630747652,-122.93949818668554,639
IMG_18322,32.2350922804556,130.47127965474587,33
IMG_18323,-32.37617857931543,152.1534400185261,523
IMG_18324,49.36055416100535,17.56254604878724,623
IMG_18325,34.94113629748094,-81.37007594678103,241
IMG_18326,-42.55527785373378,-73.85013332153285,573
IMG_18327,61.29847566236486,17.03389971137475,571
IMG_18328,-44.97379356924174,-72.16645027954641,460
IMG_18329,-33.27801590058407,-70.81929510705943,979
IMG_18330,65.15535447398268,32.120882042908484,75
IMG_18331,-17.72900718263496,125.34903827310232,253
IMG_18332,-34.614954531952755,-58.716808750970685,667
IMG_18333,-31.58623481842138,-71.46369471856997,462
IMG_18334,26.99703181294363,74.62210018628106,268
IMG_18335,-34.3341595565815,-55.71239300400689,9
IMG_18336,18.493855981602938,98.69662709098256,520
IMG_18337,9.738704246053942,11.611328551275957,742
IMG_18338,41.786791876464704,1.539724236390612,607
IMG_18339,16.737801502774673,121.55111942237984,272
IMG_18340,-30.64006676081818,121.5760029188573,31
IMG_18341,-30.07619743043386,152.92653988119216,523
IMG_18342,-32.719401502736694,151.4985187072084,197
IMG_18343,36.190192098654805,138.3266619602242,182
IMG_18344,-28.96206220034708,29.582280409436805,144
IMG_18345,46.81637420211662,11.85977342588143,674
IMG_18346,27.14367279059584,75.72011844373924,268
IMG_18347,-40.63009611541987,175.2554419285613,34
IMG_18348,-41.02186904155375,145.52998694573515,487
IMG_18349,47.89979660972226,20.89077687512276,860
IMG_18350,-29.63076956787953,149.79989971651793,990
IMG_18351,-34.48737915670269,117.38373912166932,890
IMG_18352,51.93004666985431,-9.21287081164003,912
IMG_18353,43.00486565218432,-74.46940007838913,68
IMG_18354,13.309102475240358,-14.686861978474676,771
IMG_18355,-27.58429449758456,27.86164056897127,587
IMG_18356,-34.66229189442377,-58.69812821653594,667
IMG_18357,36.44870531734642,-92.23693282931508,293
IMG_18358,-32.38441414119813,117.01859263447156,480
IMG_18359,-38.97094051089896,-67.87708121355205,322
IMG_18360,35.93246380443567,-114.63636692804404,591
IMG_18361,12.328924857268648,79.99201612813957,778
IMG_18362,-26.918293407785622,31.95522478448556,530
IMG_18363,47.30905828322278,39.0910689662389,700
IMG_18364,49.3168545888193,21.06517815099912,53
IMG_18365,44.15578567087473,-84.30223285612625,608
IMG_18366,12.908754321954357,-16.01282676934806,771
IMG_18367,-45.24790633221189,169.32541100048172,232
IMG_18368,-0.8779653294296272,36.78850070004025,672
IMG_18369,-43.96547020182029,169.1624990272981,775
IMG_18370,58.06764241070593,68.33267993860173,228
IMG_18371,-31.56619456114697,-52.25716489810476,81
IMG_18372,50.97428692705516,3.587952974980356,824
IMG_18373,-38.05561376244229,177.26509702111673,792
IMG_18374,-34.028503959932095,18.807180685101585,618
IMG_18375,-22.91213254956889,27.86616366096328,712
IMG_18376,-41.43554060789271,-72.8490880734279,573
IMG_18377,-5.584877226436332,-35.52623541941438,344
IMG_18378,54.6249844236513,21.54006323656109,445
IMG_18379,55.62645007073447,-3.682087078678918,988
IMG_18380,-32.55608858807291,117.59942955281409,480
IMG_18381,-35.12281191346421,139.0566183044823,706
IMG_18382,-45.841438512460535,-71.80876678962835,45
IMG_18383,-49.48968990569271,-72.60411515398887,332
IMG_18384,48.44527793741423,-119.57078580445857,242
IMG_18385,-40.30088429258565,-68.93354118239263,710
IMG_18386,-7.053689650547827,-78.32876039563126,525
IMG_18387,-23.52941841212168,22.549138265152376,951
IMG_18388,39.5121383328552,-76.64160607702743,547
IMG_18389,41.43516700294404,-95.53629571986066,751
IMG_18390,-28.508626735005773,153.2086819108085,636
IMG_18391,-30.867585674314736,29.811676465835102,144
IMG_18392,-35.62201441114278,139.4383780639686,126
IMG_18393,13.40882807331513,-14.958671994957063,771
IMG_18394,-25.665341437070264,28.255535693086625,235
IMG_18395,-26.768353262897293,152.97220459435496,689
IMG_18396,57.27178577848496,49.92182636002413,586
IMG_18397,-33.34897089514744,19.93310010136625,618
IMG_18398,-3.7908189359664384,-47.50711038050265,743
IMG_18399,-29.57033501016628,-65.45760876866132,881
IMG_18400,7.156518494398084,3.308245590684801,555
IMG_18401,33.61730159096008,-94.07528304402408,918
IMG_18402,-29.977891249757228,-51.12304354116962,81
IMG_18403,-0.7346632684630338,35.35922141613506,410
IMG_18404,-26.485805173516013,146.22151764097873,542
IMG_18405,-28.19123734261068,29.090812158692447,587
IMG_18406,-19.532546417725875,-47.91153208027712,7
IMG_18407,-22.074952048349665,145.17689480672885,507
IMG_18408,39.70551973577038,140.12428569733606,83
IMG_18409,-44.647389102135314,-72.28759906182246,460
IMG_18410,-31.25519929301533,-61.499669958627294,318
IMG_18411,48.84971695698013,2.157070966882202,340
IMG_18412,-33.60755877455965,-71.40751212812326,979
IMG_18413,-34.785127097696055,149.382775953748,546
IMG_18414,41.90351156580469,-103.5054507037108,430
IMG_18415,-37.58710691811595,144.91491103091846,285
IMG_18416,-36.46249863994464,141.32205681185272,562
IMG_18417,35.5258497025594,136.86408677360953,315
IMG_18418,-34.22894974226125,19.18748444304356,618
IMG_18419,16.21960376638327,99.8491996985976,866
IMG_18420,-27.85031380915066,151.8365518316194,280
IMG_18421,-34.219519878037886,-58.04776976903783,667
IMG_18422,-44.11598738242169,171.2309128335892,775
IMG_18423,-31.62700975374187,27.394712410171707,524
IMG_18424,-34.38292173357394,-54.9912955092698,9
IMG_18425,40.47199424125421,-74.72422816832407,547
IMG_18426,-32.396421751503496,-59.73216641961785,806
IMG_18427,-37.16653561096882,-72.9561109549927,682
IMG_18428,46.320138814175074,-100.9394948509716,281
IMG_18429,45.16247159245202,4.0014954060359775,76
IMG_18430,21.18207893035346,71.62005716389042,758
IMG_18431,44.20394026939948,3.675311680048025,757
IMG_18432,44.5904556584058,-92.8128144796109,567
IMG_18433,17.221577082447347,102.07584885920788,324
IMG_18434,-33.054013695097574,115.9077174980962,238
IMG_18435,51.06646290819476,-118.11398473676492,650
IMG_18436,-33.10970516160065,-65.08968905722055,67
IMG_18437,8.420030305122113,8.731633619875325,566
IMG_18438,17.993525106625174,102.26856374614898,324
IMG_18439,-42.01369426084457,173.99780800246688,34
IMG_18440,47.022212140975306,16.60850028521428,201
IMG_18441,28.07214907910103,-16.535643178579782,763
IMG_18442,34.7556820677411,-112.07123792246944,591
IMG_18443,37.70498508261868,-87.56672024538118,404
IMG_18444,22.881819417908925,84.21207279662637,394
IMG_18445,-27.87979246431909,151.87949808878213,280
IMG_18446,-45.58046018398112,-71.80541662649847,460
IMG_18447,-32.59190842123204,-61.80583657217634,630
IMG_18448,-28.493512662859068,28.195065787575224,587
IMG_18449,-7.73217775603465,112.96964791706682,844
IMG_18450,-41.75526191520956,-73.1530282743657,573
IMG_18451,-34.83525048072996,-58.875050997089104,667
IMG_18452,21.810953249250023,-103.45232531306458,726
IMG_18453,45.36988687380614,-111.73075624831854,198
IMG_18454,-7.713036830221954,110.77799784410482,153
IMG_18455,48.87660295569774,2.5407471436467706,340
IMG_18456,23.6192316807956,88.08804481335541,313
IMG_18457,-35.67941526161275,145.70621313863498,18
IMG_18458,31.527931140154696,-86.20517201216472,54
IMG_18459,7.437514601736011,-1.9757915528662144,200
IMG_18460,10.718383910361178,99.11763135883432,341
IMG_18461,44.17301695919976,25.09847771967436,950
IMG_18462,46.29788285214473,1.381161524911406,802
IMG_18463,-38.97673645942098,-68.20123844024221,322
IMG_18464,49.4858029210735,17.182125701752973,623
IMG_18465,32.990410911868445,129.76478374983532,33
IMG_18466,0.1099744261072652,36.85817658360847,136
IMG_18467,-31.49088204471109,152.7645382497851,523
IMG_18468,-21.991860743925205,-41.72237625497489,298
IMG_18469,-8.720860752568978,122.04762207529966,797
IMG_18470,46.75392997644552,0.391676633875772,802
IMG_18471,-45.2133684361613,-66.88032560334382,446
IMG_18472,-28.87671443979268,29.729182163240047,144
IMG_18473,24.76962828231954,125.37908683843663,759
IMG_18474,-7.470276677756551,110.87211412399851,153
IMG_18475,-34.132091315549296,-61.17350683566496,630
IMG_18476,50.53410032064227,20.53861382044632,53
IMG_18477,41.77903199757084,-1.2368267153913444,142
IMG_18478,23.17653162972196,89.78450767159792,313
IMG_18479,0.4050297169633717,36.07499833246706,136
IMG_18480,-47.2034373421305,-71.78429567722421,45
IMG_18481,36.45767798105968,-104.73230201155646,345
IMG_18482,38.4627476341262,27.367727710914764,56
IMG_18483,36.32059154410668,138.13983525727545,182
IMG_18484,-23.52179643821968,144.82937543169123,507
IMG_18485,-6.111773651556649,-49.98556240392919,804
IMG_18486,18.20999139583341,75.82346497358388,409
IMG_18487,-41.20807910762147,146.55253442425948,487
IMG_18488,-37.57476720920051,175.0796729089401,792
IMG_18489,17.111188866576857,104.42468923678024,769
IMG_18490,-36.03623418536375,-58.132454574583406,527
IMG_18491,-32.30051086468783,116.83992664790848,480
IMG_18492,48.94537363618489,2.4476866452220896,340
IMG_18493,-31.47143162433701,119.37757410490175,509
IMG_18494,-33.16247305952007,117.76924374801196,480
IMG_18495,-34.33895553422891,19.69991682232813,618
IMG_18496,-41.247676796029296,146.32971887854157,487
IMG_18497,-31.323636074676514,28.024323855730536,524
IMG_18498,32.29997434984284,-96.0894411444625,127
IMG_18499,45.79502203730779,13.54990175618308,674
IMG_18500,-0.9156750999588952,37.21958107819336,672
IMG_18501,34.5303463387162,-78.95614546810924,241
IMG_18502,-27.70538514352309,28.324597896856133,587
IMG_18503,37.91254342029843,-80.35767414338217,191
IMG_18504,-28.14685467976465,29.063349179905845,587
IMG_18505,-35.1753080649648,144.33331873561727,18
IMG_18506,-35.85153464031944,142.24576052297232,908
IMG_18507,-37.56323394076582,141.48549665158313,562
IMG_18508,35.53035598719198,134.28455859967286,625
IMG_18509,-30.05713602823721,-51.33743470896389,81
IMG_18510,-32.98873512726404,-62.057124003670026,630
IMG_18511,13.083090559413872,123.63520452730158,91
IMG_18512,40.76719947866706,-76.88856131040016,547
IMG_18513,-35.00815339976094,149.0151515033954,546
IMG_18514,56.208625732637095,40.44197050075259,412
IMG_18515,19.3991008494528,-99.02114416427848,726
IMG_18516,-30.856015834140763,-51.78321146826159,81
IMG_18517,-20.202042415726808,-41.30866276345917,106
IMG_18518,-36.94417117508779,-73.02236476910302,682
IMG_18519,37.19154764931049,-7.38853769690547,457
IMG_18520,39.83152802860967,-8.20343872619908,337
IMG_18521,37.96200201878311,-114.48392819650728,796
IMG_18522,-30.91526426560744,-61.24834692487452,318
IMG_18523,44.18117175942875,3.008963566909454,757
IMG_18524,-45.70870037759951,-68.8738951675468,907
IMG_18525,-36.720418561177326,174.50318909462436,214
IMG_18526,-7.576751143399898,110.14783621112646,153
IMG_18527,9.15603397755003,7.192576566602493,566
IMG_18528,19.32419439950297,-103.81710225451091,726
IMG_18529,-30.51203337217707,115.47015138426228,615
IMG_18530,-34.885006856971884,-58.59615920417514,667
IMG_18531,-33.02121728390474,115.77214718223934,238
IMG_18532,-50.145027494975736,-72.17361171495808,332
IMG_18533,-30.796590701436973,117.73824980110872,509
IMG_18534,-35.753691153454426,137.11305254800288,400
IMG_18535,45.50835171084948,-75.76352885800733,256
IMG_18536,-18.50643217400114,-40.05691671424704,106
IMG_18537,13.6732502570739,75.47549448661,748
IMG_18538,-32.51606001622102,-61.55419278169092,630
IMG_18539,25.283455126551285,55.32481157542448,249
IMG_18540,-35.6117397290231,-65.73023559338883,196
IMG_18541,38.65962847421208,-93.62887288257409,293
IMG_18542,52.16637249719248,40.78601000406761,59
IMG_18543,38.013534949138574,15.028118638293432,5
IMG_18544,-22.80613136662236,28.26621315812085,712
IMG_18545,-33.738275372782745,-61.63605837158428,630
IMG_18546,34.64765423908796,135.3890848167194,315
IMG_18547,10.859526522867684,-2.035645472157399,830
IMG_18548,7.235826207190884,5.201691740531323,492
IMG_18549,-29.766407475198328,138.13754950520484,312
IMG_18550,-40.38850500594857,175.42637369512173,34
IMG_18551,3.577214380844322,-76.21247483400256,282
IMG_18552,20.539718595572783,74.02816464514218,516
IMG_18553,-34.248686274508024,-62.85814901046355,439
IMG_18554,-31.231918912442595,-64.47616607360956,881
IMG_18555,41.58185364544195,-87.29901341701513,852
IMG_18556,-33.392707431885015,-63.3131758672519,630
IMG_18557,-33.067604968736354,18.32931361882608,618
IMG_18558,-29.54521487035377,27.59712107004264,524
IMG_18559,-32.2733092321282,148.64803080086844,540
IMG_18560,46.91502981584682,142.28082335384894,367
IMG_18561,-25.39897393947693,28.785768237154205,235
IMG_18562,-24.73273505035524,28.137197696639813,10
IMG_18563,52.13189145527261,20.158971006385663,875
IMG_18564,7.055988206060233,-1.4126357506655811,200
IMG_18565,46.4081690489728,-124.02271763292192,639
IMG_18566,7.734344429635559,4.990169977351759,492
IMG_18567,48.087784035588605,21.47196931476405,860
IMG_18568,-38.69640271301261,-62.240959373498384,303
IMG_18569,-22.953840108661804,30.48733258692993,502
IMG_18570,31.704985465433108,35.134783839668565,441
IMG_18571,41.66304495373376,0.5389980737209625,607
IMG_18572,-45.87049704294003,-67.58125757996761,446
IMG_18573,-33.33082922969426,-66.40377649455998,664
IMG_18574,61.00258029254788,69.15297430920828,290
IMG_18575,35.208926792417394,-117.73853945472668,307
IMG_18576,-25.930523898347747,28.11138573565921,629
IMG_18577,33.975596413896966,-89.34566227270099,423
IMG_18578,-18.03783271130984,140.53457163740111,709
IMG_18579,-34.28974793870138,137.84932772000175,706
IMG_18580,44.37861480383815,-103.48179293481756,430
IMG_18581,67.49296331833766,23.759197492741965,680
IMG_18582,-2.9503720403765983,38.154999577456,672
IMG_18583,16.05946410962073,79.74258471464199,8
IMG_18584,32.71635507621002,35.21319024986686,441
IMG_18585,-51.669490881619126,-72.37179218955956,472
IMG_18586,47.1255673749982,-118.3378614791868,19
IMG_18587,-39.146067109833325,-64.91231161619315,772
IMG_18588,-5.119274364110428,119.6392828959126,204
IMG_18589,-1.403159688919271,38.09098649029364,672
IMG_18590,-33.6932931255115,-59.65484745142941,806
IMG_18591,-32.88652626036618,-58.55788271440026,806
IMG_18592,-41.728047482031975,145.533141401069,487
IMG_18593,37.85028386272042,-79.10784904532252,696
IMG_18594,40.86253550849033,-78.2587811032734,547
IMG_18595,-33.11892060357717,117.32898413513448,480
IMG_18596,48.09031530409887,1.2048921558722447,334
IMG_18597,49.66102333321992,-115.63582960895752,227
IMG_18598,-39.466614612364666,-72.2616985108118,395
IMG_18599,45.69996273645562,-99.55224004664896,666
IMG_18600,-23.891360796659367,28.913381750133848,386
IMG_18601,-26.35386165261129,152.648068462788,689
IMG_18602,55.15221812629276,26.26751816510568,451
IMG_18603,11.747006303521008,9.303884635630515,156
IMG_18604,-8.24564566973456,111.137735358842,153
IMG_18605,-30.870625790065816,-59.61844864202106,810
IMG_18606,7.189326488420978,5.157235414503727,492
IMG_18607,-38.14111693412893,145.55769681870552,285
IMG_18608,28.89667714071151,-81.91360727317246,638
IMG_18609,49.38124251685575,142.85282342565276,367
IMG_18610,-51.90085286835632,-71.47394612648252,472
IMG_18611,-38.33268592275397,-62.61577229502954,303
IMG_18612,-44.68307215981693,-65.67840157089286,446
IMG_18613,-24.78365295847989,152.41713726918792,689
IMG_18614,52.21438218515048,22.10960915339912,875
IMG_18615,-34.21702571304552,146.5579395277734,857
IMG_18616,48.969981286238514,6.316628105999592,946
IMG_18617,0.3979489386817744,38.400478640731336,136
IMG_18618,-26.69100433387997,27.091251901555093,629
IMG_18619,-16.024244948850413,-48.11699496061639,229
IMG_18620,42.62711312960523,-89.11014761096102,32
IMG_18621,16.912568030685783,121.04610542227928,272
IMG_18622,45.66443506752193,8.432860366317032,218
IMG_18623,19.64780807889433,100.34335181834597,520
IMG_18624,46.13795688301485,-74.23979443426833,648
IMG_18625,-36.66836617297513,144.95549262744183,18
IMG_18626,45.53135828988384,-103.21349299159289,526
IMG_18627,-34.13816469669064,-60.15417006399659,806
IMG_18628,-6.711561216818039,110.8679492720424,153
IMG_18629,-26.00180294474107,27.08447092033891,629
IMG_18630,46.6674052665698,1.4594274225423958,802
IMG_18631,10.907077117968855,123.20381069989976,905
IMG_18632,-27.914139610110567,149.67714195392526,35
IMG_18633,46.32628615189648,2.685265714900792,76
IMG_18634,40.57749345075513,-94.27425059809596,635
IMG_18635,66.45918442184549,57.22469943148233,141
IMG_18636,-40.04732408391415,-72.9047687497883,395
IMG_18637,-4.6940351126465885,119.51992351524858,204
IMG_18638,53.06955218065023,-0.562462715974359,16
IMG_18639,-23.67805697442044,22.80666902472992,951
IMG_18640,28.94281939715816,-13.822907007228851,107
IMG_18641,-32.72250692779497,138.34618501268395,773
IMG_18642,55.62134735563041,9.046422083318332,837
IMG_18643,51.70282397663237,5.018780058420644,824
IMG_18644,13.05467325192392,77.88807542885785,778
IMG_18645,46.92108552202885,5.373735568480417,381
IMG_18646,47.177382557669866,4.227267086165549,76
IMG_18647,43.73011826800568,-116.39432955719604,973
IMG_18648,-32.787009154845684,26.472277589437656,388
IMG_18649,-17.939969976338073,-43.16029133610876,601
IMG_18650,-31.30640809201176,-64.29858316073218,881
IMG_18651,-17.677246013167956,146.0568757749522,606
IMG_18652,43.19875358445955,-93.33431020937869,567
IMG_18653,-32.84739481446105,-69.82066685201806,577
IMG_18654,-27.77506538633624,30.83245927159856,530
IMG_18655,-51.25776182748892,-72.36497270551108,472
IMG_18656,12.930485270683675,124.04780611442152,91
IMG_18657,57.5306022036143,24.430891224623647,856
IMG_18658,63.780183808364335,11.049173452012962,597
IMG_18659,33.93198575742245,-91.94500270774331,423
IMG_18660,12.424587896679837,121.05942623089211,991
IMG_18661,35.98873278345422,-110.14134710517573,47
IMG_18662,14.890683147790352,74.29556718138984,748
IMG_18663,17.501309557532707,73.43083540622614,877
IMG_18664,32.43742242229343,-84.19847346459746,579
IMG_18665,58.13688209460543,12.009133380798314,779
IMG_18666,36.52843698438347,-76.05454923038526,696
IMG_18667,9.430582138117028,-0.1828717192998013,295
IMG_18668,9.81401822691867,8.850008169146273,566
IMG_18669,-3.787721677300558,119.97303059266524,204
IMG_18670,-34.03276608850196,24.756524676211576,876
IMG_18671,-39.93592721159138,-66.52766366133135,710
IMG_18672,51.32587206625553,4.879630749971973,824
IMG_18673,-38.04377876689056,176.48692183893306,792
IMG_18674,-41.10554200612228,147.73397008027408,487
IMG_18675,22.82976619355124,75.98993636942586,983
IMG_18676,-27.794606624302016,27.15510120283609,587
IMG_18677,12.826114839471009,120.8298377914599,991
IMG_18678,-33.47474509069116,-71.11727355746012,979
IMG_18679,59.30971512102985,24.405029308066524,856
IMG_18680,-27.37118442112253,27.96031838317069,587
IMG_18681,-34.57466774774549,138.82672561617522,706
IMG_18682,-2.111927680494532,36.79180965693618,672
IMG_18683,1.2530074449866313,35.10586461313654,410
IMG_18684,-23.697481422227224,22.72547033892956,951
IMG_18685,56.82767529733893,14.638455850050422,60
IMG_18686,-28.19139792932196,30.267981370646844,530
IMG_18687,30.17195828489127,35.0087106380351,441
IMG_18688,49.80476798356792,1.9711111301077908,340
IMG_18689,-23.32949689265241,29.24121569614181,712
IMG_18690,43.2672711814152,24.660726101883167,654
IMG_18691,-19.188888799736617,-45.9820776960591,777
IMG_18692,29.27220538553384,-111.09396311078602,899
IMG_18693,16.38391450641591,101.07986469658044,866
IMG_18694,-38.69797146550176,-62.30671819814429,303
IMG_18695,49.934313250000336,12.674899522893496,477
IMG_18696,50.39166454386509,17.782868909036456,623
IMG_18697,-39.06540875062346,-64.49137610998221,772
IMG_18698,56.80623678431016,101.21575760943972,716
IMG_18699,28.24529541910817,75.67062667868109,268
IMG_18700,-29.99958428893623,-51.01843571038128,81
IMG_18701,-28.55850945732377,152.97498284179184,636
IMG_18702,46.078548291706205,2.12387923094281,76
IMG_18703,-35.714306047792654,-65.09991387733858,196
IMG_18704,42.71221329043264,-7.623270417594157,209
IMG_18705,-36.70900487003687,175.4445633509233,214
IMG_18706,-29.67012625852721,22.94473042000591,957
IMG_18707,-29.95290637802095,22.31643172412581,957
IMG_18708,-31.03264591553669,-55.50477747434834,155
IMG_18709,-33.00615399682773,27.86371130456349,388
IMG_18710,48.681351874903214,-78.98858184376569,256
IMG_18711,-8.037495863647816,113.25619359780384,521
IMG_18712,-22.17262634228463,-47.45815011832988,119
IMG_18713,40.870104196064126,17.047113884593458,208
IMG_18714,39.02443501125117,-3.232605662468276,29
IMG_18715,-22.20912929034276,117.98284249732212,454
IMG_18716,4.67410931972763,-75.69021755040065,282
IMG_18717,49.92920755970431,4.1361832035697255,946
IMG_18718,-14.945325795472844,131.8689075258358,453
IMG_18719,54.623168136672966,-5.534556875556752,248
IMG_18720,39.97726511908991,-1.326785185273829,727
IMG_18721,-33.33412478485866,136.20373994074762,773
IMG_18722,-29.17811860010849,31.5029431502781,530
IMG_18723,44.140110556829406,-89.59780814902192,501
IMG_18724,57.1425724606646,49.973942637439634,586
IMG_18725,41.09119232050503,-102.19935393351138,885
IMG_18726,54.73788479755933,56.20316271515908,894
IMG_18727,49.73157975026455,-110.31794152818236,641
IMG_18728,40.843842110164495,-77.54296536948816,547
IMG_18729,35.1221881801224,134.56265289109547,625
IMG_18730,60.80468376469846,151.76825233710085,377
IMG_18731,30.785353418334296,75.70369515745465,511
IMG_18732,41.971087885687886,26.145201887410146,654
IMG_18733,38.0778781761256,-4.854340609863848,29
IMG_18734,17.74467435264047,102.43819080538792,324
IMG_18735,17.746487826816594,102.5502559318578,324
IMG_18736,44.588131539812245,2.0333370096437178,757
IMG_18737,43.76960778352583,10.889030319594497,17
IMG_18738,-35.78797677675947,174.29267761941065,214
IMG_18739,-26.62979530217528,151.7412871212736,280
IMG_18740,-35.67715367309248,-59.80603291833203,667
IMG_18741,-35.01908653040994,138.7854398324511,706
IMG_18742,57.41047383080622,56.99560686279218,514
IMG_18743,-7.495514243655045,112.6529972932485,844
IMG_18744,0.0448815779987278,35.71247539228246,410
IMG_18745,-34.55229372791549,-71.3990606134235,23
IMG_18746,-33.10958182686666,146.53222100119035,540
IMG_18747,57.74246798956617,14.720560373423504,659
IMG_18748,-33.02515304396135,146.64297830408512,540
IMG_18749,17.680958782938696,120.71862624618235,272
IMG_18750,10.9033383936869,123.92528816347584,91
IMG_18751,41.7425544550925,2.1323028601946103,607
IMG_18752,37.49556565268918,128.5439558126987,292
IMG_18753,49.45071493894562,-117.27329207720328,650
IMG_18754,-28.50644388686725,153.5014850360602,636
IMG_18755,4.767545993651498,8.18886474033163,995
IMG_18756,43.07743433055544,-73.44644333393022,68
IMG_18757,-38.20600733996132,-66.1927466727749,772
IMG_18758,38.74187949344698,0.0192327106451823,727
IMG_18759,0.3076767998347315,32.53071618800157,240
IMG_18760,-34.62738558235041,-70.92794632950542,23
IMG_18761,-8.191972692729852,111.73643023455472,153
IMG_18762,24.1458464993774,90.81784283445567,313
IMG_18763,53.23362559490223,37.84587124160039,848
IMG_18764,36.365059976209054,138.02942179688446,182
IMG_18765,57.87034532820653,26.21945620740031,368
IMG_18766,47.43309814480116,-0.4762433435697997,802
IMG_18767,27.221818305359964,-99.18269403721636,384
IMG_18768,36.1142573414573,-80.5834958969316,241
IMG_18769,-32.45563000156988,133.93690044966317,2
IMG_18770,-43.75693752073987,-65.56723727048782,269
IMG_18771,53.11496673552407,107.09156439873126,669
IMG_18772,58.25458587883118,25.890036636747404,368
IMG_18773,53.71082774826248,-9.005643736816067,125
IMG_18774,-45.40594795687064,-72.00632778306044,460
IMG_18775,-29.92540996981524,-51.06761227602146,81
IMG_18776,-32.82241991101717,27.184866335753146,388
IMG_18777,41.58542151643762,-71.6692704284927,68
IMG_18778,6.0783657526094,7.858230585541674,183
IMG_18779,-30.83154988215677,-59.05077331232776,810
IMG_18780,57.68080734945546,14.62403337497176,659
IMG_18781,42.96749177104116,-7.487623954092918,209
IMG_18782,22.950153968018974,121.19767028234484,170
IMG_18783,56.84911905854717,16.354515719857392,60
IMG_18784,-24.568094780932235,149.97548898122068,549
IMG_18785,7.433730483384403,6.691716281494173,183
IMG_18786,20.96568124678359,-89.62568866780741,497
IMG_18787,-36.55437428114908,174.5074657937276,214
IMG_18788,-44.585643117510045,-66.90697264117323,446
IMG_18789,-5.981093168751679,-38.62826930313436,557
IMG_18790,-21.123095134928143,149.1818417662288,159
IMG_18791,40.56315243832649,-95.59994981989402,635
IMG_18792,-36.60775860567866,-72.13273088782222,682
IMG_18793,12.115932167403876,77.88352411570338,338
IMG_18794,-48.75278850674948,-70.23795605988613,332
IMG_18795,29.91681326518244,-94.02189648362958,89
IMG_18796,-34.66253541931392,-68.03301329802854,935
IMG_18797,-39.77767255474608,174.5717959430757,34
IMG_18798,48.01230479994349,-67.01604969790054,781
IMG_18799,-31.43159990197258,152.74474169670933,523
IMG_18800,43.47089210744858,-72.14867484437973,68
IMG_18801,55.73145919894999,9.773621372723143,837
IMG_18802,6.531262738969548,7.518878555100698,183
IMG_18803,-38.42849155378265,-61.48960724886207,303
IMG_18804,33.63765515735491,10.937225778723892,490
IMG_18805,44.53859901275168,7.949146015493933,686
IMG_18806,33.59721168705347,131.1448637445877,33
IMG_18807,40.63347333428658,-7.9771867979362865,337
IMG_18808,59.54671868716989,13.451617014716293,779
IMG_18809,-8.52025149926627,115.12795124433882,521
IMG_18810,-44.07049763785216,171.2523360646028,775
IMG_18811,40.12109607358506,-83.56255452408821,191
IMG_18812,7.096477820712734,-2.042866739566429,200
IMG_18813,-39.39139530921395,173.9292587228878,34
IMG_18814,69.07101043317063,17.733647932238004,297
IMG_18815,22.43613490954177,87.36588146251836,313
IMG_18816,53.20765861874551,43.77016126752536,260
IMG_18817,36.34823148194787,-95.561019496875,12
IMG_18818,-44.83773965699151,-72.22312519468817,460
IMG_18819,50.58079333844357,2.4413028781212702,340
IMG_18820,-33.33825571317606,18.1993329906536,618
IMG_18821,64.48695974010786,11.397526689233654,396
IMG_18822,34.6219277324231,-96.23201867257,327
IMG_18823,31.29479906684927,-96.94638908102132,893
IMG_18824,-34.04662408424208,142.33407516780835,908
IMG_18825,0.3298774591405168,34.73116465846009,410
IMG_18826,14.684019734476868,101.63574502138052,44
IMG_18827,46.88721774797802,-114.0809335021731,609
IMG_18828,47.40310510369345,0.2265362409131102,802
IMG_18829,-3.936480589791183,122.63821821015694,204
IMG_18830,-36.77071312637102,-67.38494381345843,617
IMG_18831,12.150746989562055,8.740083111448632,156
IMG_18832,43.34473415721783,-1.3844718096503603,362
IMG_18833,-30.71042889739649,-50.58222247274683,81
IMG_18834,44.76622207004378,44.14181574312662,418
IMG_18835,35.47614298258345,-86.07036402647024,139
IMG_18836,-33.88689997520275,-61.11619352964444,630
IMG_18837,41.33070035506396,-90.80564542287506,188
IMG_18838,44.52415291194411,40.70877894198493,418
IMG_18839,-35.240100716814865,173.823719303053,214
IMG_18840,61.85405233285452,25.18240370998648,811
IMG_18841,58.85800226456175,12.482359708501855,779
IMG_18842,38.26494578758815,140.9739025104591,83
IMG_18843,-32.028187868877126,24.14285523717432,876
IMG_18844,-21.79292442467399,-43.35665736041824,284
IMG_18845,-0.9011063302841518,38.15512596277838,672
IMG_18846,39.87788429766221,37.9708003932714,717
IMG_18847,5.500721182232057,-0.7592706551999636,874
IMG_18848,33.67221872077317,-117.83852679984064,474
IMG_18849,-34.4474961632213,-56.59893355019614,9
IMG_18850,36.50917936475446,139.5742328935148,786
IMG_18851,11.948725984703692,8.510838504196855,427
IMG_18852,23.90358133039501,79.09768399976717,983
IMG_18853,-0.0192690038857128,37.273993081093096,136
IMG_18854,48.26477429936649,46.38171210839808,118
IMG_18855,35.71095812481104,139.48978493784577,786
IMG_18856,-42.81598149951592,170.8968924662487,775
IMG_18857,49.79087484463479,3.283796828387606,340
IMG_18858,35.37889932252461,135.2179803183837,315
IMG_18859,44.02470865746992,-80.92111374829386,774
IMG_18860,-33.631273851207084,-70.62952450586229,979
IMG_18861,9.453677727530245,12.574459343746744,742
IMG_18862,-37.5849300155022,-66.54554050613089,772
IMG_18863,31.88026571346004,-97.48803754099757,893
IMG_18864,37.267790378983726,-87.61961453713062,404
IMG_18865,45.97433285043623,133.79013820299147,578
IMG_18866,-24.79127022957966,30.10261555584988,386
IMG_18867,-22.085115550044254,145.1760781011159,507
IMG_18868,-40.63141146527263,-73.1291777918174,395
IMG_18869,43.18077797912285,26.56251197037313,654
IMG_18870,13.526894550791,123.1818697032705,91
IMG_18871,45.089005717616416,-75.88902905207414,256
IMG_18872,41.133615645740434,1.081263803215821,607
IMG_18873,-37.433015857244335,-60.92230549719816,303
IMG_18874,44.82983371510836,-117.4523016037201,19
IMG_18875,54.6183422739508,73.64015267520621,858
IMG_18876,-2.501077948947272,-54.27958320255309,760
IMG_18877,-34.29422752700903,140.55680967736004,908
IMG_18878,-34.875383380493105,138.8905600810986,706
IMG_18879,43.0226054731456,142.40005006181954,495
IMG_18880,-38.93203897196739,-67.99044727675978,322
IMG_18881,-38.74007398842482,-69.08925630520254,322
IMG_18882,28.29740438655616,-97.88535943896116,384
IMG_18883,59.43382505307704,6.438337318639831,379
IMG_18884,-31.34525780966868,-64.92355532480697,881
IMG_18885,45.83161074575926,1.7850234900100987,76
IMG_18886,45.550447319739845,0.5408363419255843,802
IMG_18887,35.26654537485984,-96.9834258401628,327
IMG_18888,-26.93348656292172,152.45510070807498,280
IMG_18889,-7.7155854261873,-35.42257505087353,927
IMG_18890,-0.4668815974934285,110.28526828760631,184
IMG_18891,35.34691384656372,24.72804497949847,369
IMG_18892,15.809650685329602,100.18874949007014,866
IMG_18893,-39.999163541594335,-70.83840308621598,395
IMG_18894,50.68906700363813,3.184993539653569,340
IMG_18895,-36.157595191690646,146.2713701399312,18
IMG_18896,22.49036137201888,120.92950150995588,170
IMG_18897,29.45376440143723,-95.31715475905752,529
IMG_18898,-26.60737862548248,27.92800536149977,629
IMG_18899,-39.28865915370447,-72.68119166878618,395
IMG_18900,-33.47255544534158,25.54405653103424,388
IMG_18901,22.95323368395885,73.06302457072702,129
IMG_18902,35.26072791853906,138.75709200011207,786
IMG_18903,51.44148768984213,17.635151613206478,623
IMG_18904,-36.41520212081949,145.6093266622488,18
IMG_18905,-35.26261549140043,-58.84827332862582,667
IMG_18906,37.98228028526923,-84.36482581580802,932
IMG_18907,-0.4589526004262076,37.45813756724219,136
IMG_18908,-26.993866720371045,31.27392840487053,530
IMG_18909,44.42872811944832,-106.15075777357836,993
IMG_18910,21.82933338213074,83.36295564141535,394
IMG_18911,-24.485628866257063,25.21781348226437,371
IMG_18912,-44.67651033799323,-66.32619629181592,446
IMG_18913,-29.179875384277057,-58.85308903336962,533
IMG_18914,-30.425071339722663,-56.69636441778233,155
IMG_18915,47.15527555895028,22.04873304031769,860
IMG_18916,-34.57361831988496,-60.11210732412301,667
IMG_18917,6.747319068019187,6.652161096093636,183
IMG_18918,-27.45396491226665,27.95992969868964,587
IMG_18919,44.03891852106911,0.1424757004231898,362
IMG_18920,44.922276616026906,7.188431963222054,686
IMG_18921,-37.61518600296097,141.44616167994178,562
IMG_18922,-33.78491221727495,18.49569262170106,618
IMG_18923,42.98855833903639,141.86137365599018,495
IMG_18924,-38.316432168730174,142.92523148368213,972
IMG_18925,52.65202288305857,19.45273323689068,445
IMG_18926,17.584077138214504,73.48629624879,877
IMG_18927,35.268639379864666,140.2636303884237,786
IMG_18928,30.988461971409528,-83.24201575875854,579
IMG_18929,-35.89452260760995,137.33107815342777,400
IMG_18930,16.946131832231266,102.37614452056816,324
IMG_18931,-39.14353729667151,-72.22014510419974,395
IMG_18932,41.71393180026232,-88.6015674111052,852
IMG_18933,34.13386461088028,-79.57015351468941,241
IMG_18934,-0.6573128274768392,30.904164475014515,240
IMG_18935,30.71999117724312,34.92130363254779,441
IMG_18936,54.96282265844251,-4.0909534864439765,212
IMG_18937,-2.121664768023508,115.45905776805364,956
IMG_18938,28.552382363101,-17.886193034543876,763
IMG_18939,36.204862359430166,-93.98301928461682,12
IMG_18940,-36.88885397022304,144.73005171037823,18
IMG_18941,-25.64242102716001,26.135418755602306,371
IMG_18942,-41.38888708757057,-72.76987934329219,573
IMG_18943,-34.183735591627524,-56.82341022404108,9
IMG_18944,49.18378303876628,14.890388357202598,477
IMG_18945,-14.60151162300611,-42.89880168355628,66
IMG_18946,45.64720740942303,10.32121690330192,218
IMG_18947,43.92107059976907,-92.00434405755944,567
IMG_18948,61.80790837341211,16.807698199519912,571
IMG_18949,32.437687722445304,-81.92695163820727,579
IMG_18950,23.9665735761262,120.97309671982,170
IMG_18951,-35.98206527701434,147.51559496384712,546
IMG_18952,-26.063539145749964,28.010036442698947,629
IMG_18953,55.64673745433301,-5.662873087939558,248
IMG_18954,-32.08883380059503,152.11923314181087,523
IMG_18955,57.486169238877366,125.06485940817352,355
IMG_18956,-21.643107939212413,25.80203605713758,886
IMG_18957,36.213239772508345,-89.10145239264165,911
IMG_18958,-38.81356633117478,-62.532761487393714,303
IMG_18959,-27.52504643242444,29.00644217069708,587
IMG_18960,53.77763238166151,22.21555197877055,445
IMG_18961,55.63335017682198,13.201903233950317,60
IMG_18962,-33.72942247323716,-54.26745128447719,392
IMG_18963,-49.408733667128594,-67.86541280521084,332
IMG_18964,46.59415214769607,20.71212833117833,120
IMG_18965,-28.865064846319274,23.2706837782339,576
IMG_18966,20.02052193730072,77.09570607111658,261
IMG_18967,-28.08863064189973,153.44759591801414,636
IMG_18968,17.1590785131731,99.94264428969338,866
IMG_18969,60.23124050062068,5.726328019723463,505
IMG_18970,-33.57876258775131,22.319588778555925,876
IMG_18971,61.77566987642304,25.071678609977244,811
IMG_18972,22.975202393302883,88.24930184834109,313
IMG_18973,17.186592705537937,78.44891554877056,409
IMG_18974,-26.189312678373405,152.74109714180616,689
IMG_18975,-34.657313458457374,-60.54905712718747,439
IMG_18976,44.71952630685468,-73.2010649566147,648
IMG_18977,41.41448909125939,-85.38168928223148,968
IMG_18978,50.48020616673527,5.664419613548289,946
IMG_18979,-42.38640826047856,147.59686378296365,906
IMG_18980,41.66105260884566,-2.334690303768884,142
IMG_18981,-36.176171536436776,-72.81045188240171,682
IMG_18982,15.586669413922005,73.9312875926697,748
IMG_18983,-33.978116887996165,151.09219656819704,197
IMG_18984,-31.920899472569644,116.96365287298694,615
IMG_18985,-32.82111424571992,116.98340461401187,480
IMG_18986,38.08749165143442,127.26586358727184,292
IMG_18987,-34.42744859235504,-70.88556981550305,23
IMG_18988,0.7910652657244522,34.789311345416685,410
IMG_18989,-35.16377783030928,-71.06098012798869,23
IMG_18990,-20.74019898990176,118.24556397930183,454
IMG_18991,-32.35487190112902,-65.9310911919184,67
IMG_18992,3.2683686456050007,39.21309385695625,36
IMG_18993,-25.45278436984664,26.38908658203966,371
IMG_18994,-33.53092498738617,117.89858977188116,480
IMG_18995,19.039588526425977,81.36354013368293,865
IMG_18996,-35.85913553490353,-62.33346867948558,439
IMG_18997,-34.22449608680265,135.6333170767685,773
IMG_18998,-19.77292644790221,-44.02162144062792,601
IMG_18999,45.07338809337433,-64.54350155755412,781
IMG_19000,54.93644225373438,-7.687590806029687,248
IMG_19001,24.54504393183326,81.08856946838613,24
IMG_19002,-32.12089152858827,-52.105267291652574,81
